departamento,departamento_iso,anio,numero_semana,fecha_inicio_semana,fecha_fin_semana,cantidad_detecciones,superficie_km2,detecciones_por_1000_km2
Artigas,UY-AR,2018,1,2018-01-01,2018-01-07,0,12010.600679730765,0.0
Canelones,UY-CA,2018,1,2018-01-01,2018-01-07,14,4520.87871068126,3.096743110343324
Cerro Largo,UY-CL,2018,1,2018-01-01,2018-01-07,1,13655.557447815512,0.07323025836341603
Colonia,UY-CO,2018,1,2018-01-01,2018-01-07,1,6112.026851866528,0.16361184664864717
Durazno,UY-DU,2018,1,2018-01-01,2018-01-07,1,12228.10425056514,0.08177882519719143
Flores,UY-FS,2018,1,2018-01-01,2018-01-07,0,5140.77049712524,0.0
Florida,UY-FD,2018,1,2018-01-01,2018-01-07,2,10405.572253242583,0.1922047102576949
Lavalleja,UY-LA,2018,1,2018-01-01,2018-01-07,4,10031.272844140674,0.39875298600181364
Maldonado,UY-MA,2018,1,2018-01-01,2018-01-07,4,4803.260185508939,0.8327677130769822
Montevideo,UY-MO,2018,1,2018-01-01,2018-01-07,0,527.7536386520376,0.0
Paysandú,UY-PA,2018,1,2018-01-01,2018-01-07,0,14088.526169172621,0.0
Rivera,UY-RV,2018,1,2018-01-01,2018-01-07,5,9329.550532265199,0.5359314988120879
Rocha,UY-RO,2018,1,2018-01-01,2018-01-07,3,10558.553826772255,0.28412982016469
Río Negro,UY-RN,2018,1,2018-01-01,2018-01-07,3,9810.67596839813,0.30578932681738896
Salto,UY-SA,2018,1,2018-01-01,2018-01-07,0,14170.87435119916,0.0
San José,UY-SJ,2018,1,2018-01-01,2018-01-07,2,5002.920653176918,0.39976648414960864
Soriano,UY-SO,2018,1,2018-01-01,2018-01-07,1,9122.538742945157,0.10961860817235138
Tacuarembó,UY-TA,2018,1,2018-01-01,2018-01-07,1,15973.367767510354,0.06260420560991455
Treinta y Tres,UY-TT,2018,1,2018-01-01,2018-01-07,4,9285.005878360264,0.4308020966709826
Artigas,UY-AR,2018,2,2018-01-08,2018-01-14,0,12010.600679730765,0.0
Canelones,UY-CA,2018,2,2018-01-08,2018-01-14,2,4520.87871068126,0.4423918729061891
Cerro Largo,UY-CL,2018,2,2018-01-08,2018-01-14,5,13655.557447815512,0.36615129181708017
Colonia,UY-CO,2018,2,2018-01-08,2018-01-14,0,6112.026851866528,0.0
Durazno,UY-DU,2018,2,2018-01-08,2018-01-14,3,12228.10425056514,0.2453364755915743
Flores,UY-FS,2018,2,2018-01-08,2018-01-14,0,5140.77049712524,0.0
Florida,UY-FD,2018,2,2018-01-08,2018-01-14,0,10405.572253242583,0.0
Lavalleja,UY-LA,2018,2,2018-01-08,2018-01-14,1,10031.272844140674,0.09968824650045341
Maldonado,UY-MA,2018,2,2018-01-08,2018-01-14,0,4803.260185508939,0.0
Montevideo,UY-MO,2018,2,2018-01-08,2018-01-14,2,527.7536386520376,3.7896470123982504
Paysandú,UY-PA,2018,2,2018-01-08,2018-01-14,0,14088.526169172621,0.0
Rivera,UY-RV,2018,2,2018-01-08,2018-01-14,3,9329.550532265199,0.32155889928725273
Rocha,UY-RO,2018,2,2018-01-08,2018-01-14,13,10558.553826772255,1.2312292207136564
Río Negro,UY-RN,2018,2,2018-01-08,2018-01-14,0,9810.67596839813,0.0
Salto,UY-SA,2018,2,2018-01-08,2018-01-14,3,14170.87435119916,0.21170182768194087
San José,UY-SJ,2018,2,2018-01-08,2018-01-14,0,5002.920653176918,0.0
Soriano,UY-SO,2018,2,2018-01-08,2018-01-14,0,9122.538742945157,0.0
Tacuarembó,UY-TA,2018,2,2018-01-08,2018-01-14,3,15973.367767510354,0.18781261682974365
Treinta y Tres,UY-TT,2018,2,2018-01-08,2018-01-14,1,9285.005878360264,0.10770052416774566
Artigas,UY-AR,2018,3,2018-01-15,2018-01-21,0,12010.600679730765,0.0
Canelones,UY-CA,2018,3,2018-01-15,2018-01-21,9,4520.87871068126,1.990763428077851
Cerro Largo,UY-CL,2018,3,2018-01-15,2018-01-21,1,13655.557447815512,0.07323025836341603
Colonia,UY-CO,2018,3,2018-01-15,2018-01-21,0,6112.026851866528,0.0
Durazno,UY-DU,2018,3,2018-01-15,2018-01-21,0,12228.10425056514,0.0
Flores,UY-FS,2018,3,2018-01-15,2018-01-21,0,5140.77049712524,0.0
Florida,UY-FD,2018,3,2018-01-15,2018-01-21,2,10405.572253242583,0.1922047102576949
Lavalleja,UY-LA,2018,3,2018-01-15,2018-01-21,1,10031.272844140674,0.09968824650045341
Maldonado,UY-MA,2018,3,2018-01-15,2018-01-21,5,4803.260185508939,1.0409596413462279
Montevideo,UY-MO,2018,3,2018-01-15,2018-01-21,0,527.7536386520376,0.0
Paysandú,UY-PA,2018,3,2018-01-15,2018-01-21,0,14088.526169172621,0.0
Rivera,UY-RV,2018,3,2018-01-15,2018-01-21,3,9329.550532265199,0.32155889928725273
Rocha,UY-RO,2018,3,2018-01-15,2018-01-21,2,10558.553826772255,0.1894198801097933
Río Negro,UY-RN,2018,3,2018-01-15,2018-01-21,0,9810.67596839813,0.0
Salto,UY-SA,2018,3,2018-01-15,2018-01-21,0,14170.87435119916,0.0
San José,UY-SJ,2018,3,2018-01-15,2018-01-21,3,5002.920653176918,0.5996497262244129
Soriano,UY-SO,2018,3,2018-01-15,2018-01-21,1,9122.538742945157,0.10961860817235138
Tacuarembó,UY-TA,2018,3,2018-01-15,2018-01-21,0,15973.367767510354,0.0
Treinta y Tres,UY-TT,2018,3,2018-01-15,2018-01-21,0,9285.005878360264,0.0
Artigas,UY-AR,2018,4,2018-01-22,2018-01-28,0,12010.600679730765,0.0
Canelones,UY-CA,2018,4,2018-01-22,2018-01-28,1,4520.87871068126,0.22119593645309454
Cerro Largo,UY-CL,2018,4,2018-01-22,2018-01-28,0,13655.557447815512,0.0
Colonia,UY-CO,2018,4,2018-01-22,2018-01-28,0,6112.026851866528,0.0
Durazno,UY-DU,2018,4,2018-01-22,2018-01-28,0,12228.10425056514,0.0
Flores,UY-FS,2018,4,2018-01-22,2018-01-28,0,5140.77049712524,0.0
Florida,UY-FD,2018,4,2018-01-22,2018-01-28,0,10405.572253242583,0.0
Lavalleja,UY-LA,2018,4,2018-01-22,2018-01-28,2,10031.272844140674,0.19937649300090682
Maldonado,UY-MA,2018,4,2018-01-22,2018-01-28,1,4803.260185508939,0.20819192826924554
Montevideo,UY-MO,2018,4,2018-01-22,2018-01-28,0,527.7536386520376,0.0
Paysandú,UY-PA,2018,4,2018-01-22,2018-01-28,0,14088.526169172621,0.0
Rivera,UY-RV,2018,4,2018-01-22,2018-01-28,0,9329.550532265199,0.0
Rocha,UY-RO,2018,4,2018-01-22,2018-01-28,0,10558.553826772255,0.0
Río Negro,UY-RN,2018,4,2018-01-22,2018-01-28,0,9810.67596839813,0.0
Salto,UY-SA,2018,4,2018-01-22,2018-01-28,2,14170.87435119916,0.14113455178796058
San José,UY-SJ,2018,4,2018-01-22,2018-01-28,1,5002.920653176918,0.19988324207480432
Soriano,UY-SO,2018,4,2018-01-22,2018-01-28,1,9122.538742945157,0.10961860817235138
Tacuarembó,UY-TA,2018,4,2018-01-22,2018-01-28,12,15973.367767510354,0.7512504673189746
Treinta y Tres,UY-TT,2018,4,2018-01-22,2018-01-28,0,9285.005878360264,0.0
Artigas,UY-AR,2018,5,2018-01-29,2018-02-04,0,12010.600679730765,0.0
Canelones,UY-CA,2018,5,2018-01-29,2018-02-04,1,4520.87871068126,0.22119593645309454
Cerro Largo,UY-CL,2018,5,2018-01-29,2018-02-04,1,13655.557447815512,0.07323025836341603
Colonia,UY-CO,2018,5,2018-01-29,2018-02-04,1,6112.026851866528,0.16361184664864717
Durazno,UY-DU,2018,5,2018-01-29,2018-02-04,0,12228.10425056514,0.0
Flores,UY-FS,2018,5,2018-01-29,2018-02-04,0,5140.77049712524,0.0
Florida,UY-FD,2018,5,2018-01-29,2018-02-04,1,10405.572253242583,0.09610235512884745
Lavalleja,UY-LA,2018,5,2018-01-29,2018-02-04,2,10031.272844140674,0.19937649300090682
Maldonado,UY-MA,2018,5,2018-01-29,2018-02-04,2,4803.260185508939,0.4163838565384911
Montevideo,UY-MO,2018,5,2018-01-29,2018-02-04,0,527.7536386520376,0.0
Paysandú,UY-PA,2018,5,2018-01-29,2018-02-04,0,14088.526169172621,0.0
Rivera,UY-RV,2018,5,2018-01-29,2018-02-04,0,9329.550532265199,0.0
Rocha,UY-RO,2018,5,2018-01-29,2018-02-04,2,10558.553826772255,0.1894198801097933
Río Negro,UY-RN,2018,5,2018-01-29,2018-02-04,0,9810.67596839813,0.0
Salto,UY-SA,2018,5,2018-01-29,2018-02-04,1,14170.87435119916,0.07056727589398029
San José,UY-SJ,2018,5,2018-01-29,2018-02-04,0,5002.920653176918,0.0
Soriano,UY-SO,2018,5,2018-01-29,2018-02-04,0,9122.538742945157,0.0
Tacuarembó,UY-TA,2018,5,2018-01-29,2018-02-04,18,15973.367767510354,1.126875700978462
Treinta y Tres,UY-TT,2018,5,2018-01-29,2018-02-04,3,9285.005878360264,0.32310157250323696
Artigas,UY-AR,2018,6,2018-02-05,2018-02-11,0,12010.600679730765,0.0
Canelones,UY-CA,2018,6,2018-02-05,2018-02-11,0,4520.87871068126,0.0
Cerro Largo,UY-CL,2018,6,2018-02-05,2018-02-11,1,13655.557447815512,0.07323025836341603
Colonia,UY-CO,2018,6,2018-02-05,2018-02-11,0,6112.026851866528,0.0
Durazno,UY-DU,2018,6,2018-02-05,2018-02-11,0,12228.10425056514,0.0
Flores,UY-FS,2018,6,2018-02-05,2018-02-11,0,5140.77049712524,0.0
Florida,UY-FD,2018,6,2018-02-05,2018-02-11,0,10405.572253242583,0.0
Lavalleja,UY-LA,2018,6,2018-02-05,2018-02-11,2,10031.272844140674,0.19937649300090682
Maldonado,UY-MA,2018,6,2018-02-05,2018-02-11,0,4803.260185508939,0.0
Montevideo,UY-MO,2018,6,2018-02-05,2018-02-11,0,527.7536386520376,0.0
Paysandú,UY-PA,2018,6,2018-02-05,2018-02-11,0,14088.526169172621,0.0
Rivera,UY-RV,2018,6,2018-02-05,2018-02-11,0,9329.550532265199,0.0
Rocha,UY-RO,2018,6,2018-02-05,2018-02-11,0,10558.553826772255,0.0
Río Negro,UY-RN,2018,6,2018-02-05,2018-02-11,2,9810.67596839813,0.20385955121159266
Salto,UY-SA,2018,6,2018-02-05,2018-02-11,0,14170.87435119916,0.0
San José,UY-SJ,2018,6,2018-02-05,2018-02-11,2,5002.920653176918,0.39976648414960864
Soriano,UY-SO,2018,6,2018-02-05,2018-02-11,0,9122.538742945157,0.0
Tacuarembó,UY-TA,2018,6,2018-02-05,2018-02-11,4,15973.367767510354,0.2504168224396582
Treinta y Tres,UY-TT,2018,6,2018-02-05,2018-02-11,3,9285.005878360264,0.32310157250323696
Artigas,UY-AR,2018,7,2018-02-12,2018-02-18,0,12010.600679730765,0.0
Canelones,UY-CA,2018,7,2018-02-12,2018-02-18,4,4520.87871068126,0.8847837458123782
Cerro Largo,UY-CL,2018,7,2018-02-12,2018-02-18,6,13655.557447815512,0.4393815501804962
Colonia,UY-CO,2018,7,2018-02-12,2018-02-18,2,6112.026851866528,0.32722369329729434
Durazno,UY-DU,2018,7,2018-02-12,2018-02-18,1,12228.10425056514,0.08177882519719143
Flores,UY-FS,2018,7,2018-02-12,2018-02-18,0,5140.77049712524,0.0
Florida,UY-FD,2018,7,2018-02-12,2018-02-18,2,10405.572253242583,0.1922047102576949
Lavalleja,UY-LA,2018,7,2018-02-12,2018-02-18,2,10031.272844140674,0.19937649300090682
Maldonado,UY-MA,2018,7,2018-02-12,2018-02-18,3,4803.260185508939,0.6245757848077367
Montevideo,UY-MO,2018,7,2018-02-12,2018-02-18,0,527.7536386520376,0.0
Paysandú,UY-PA,2018,7,2018-02-12,2018-02-18,0,14088.526169172621,0.0
Rivera,UY-RV,2018,7,2018-02-12,2018-02-18,4,9329.550532265199,0.4287451990496703
Rocha,UY-RO,2018,7,2018-02-12,2018-02-18,2,10558.553826772255,0.1894198801097933
Río Negro,UY-RN,2018,7,2018-02-12,2018-02-18,1,9810.67596839813,0.10192977560579633
Salto,UY-SA,2018,7,2018-02-12,2018-02-18,0,14170.87435119916,0.0
San José,UY-SJ,2018,7,2018-02-12,2018-02-18,2,5002.920653176918,0.39976648414960864
Soriano,UY-SO,2018,7,2018-02-12,2018-02-18,0,9122.538742945157,0.0
Tacuarembó,UY-TA,2018,7,2018-02-12,2018-02-18,5,15973.367767510354,0.31302102804957277
Treinta y Tres,UY-TT,2018,7,2018-02-12,2018-02-18,1,9285.005878360264,0.10770052416774566
Artigas,UY-AR,2018,8,2018-02-19,2018-02-25,0,12010.600679730765,0.0
Canelones,UY-CA,2018,8,2018-02-19,2018-02-25,0,4520.87871068126,0.0
Cerro Largo,UY-CL,2018,8,2018-02-19,2018-02-25,2,13655.557447815512,0.14646051672683205
Colonia,UY-CO,2018,8,2018-02-19,2018-02-25,0,6112.026851866528,0.0
Durazno,UY-DU,2018,8,2018-02-19,2018-02-25,0,12228.10425056514,0.0
Flores,UY-FS,2018,8,2018-02-19,2018-02-25,0,5140.77049712524,0.0
Florida,UY-FD,2018,8,2018-02-19,2018-02-25,0,10405.572253242583,0.0
Lavalleja,UY-LA,2018,8,2018-02-19,2018-02-25,1,10031.272844140674,0.09968824650045341
Maldonado,UY-MA,2018,8,2018-02-19,2018-02-25,0,4803.260185508939,0.0
Montevideo,UY-MO,2018,8,2018-02-19,2018-02-25,0,527.7536386520376,0.0
Paysandú,UY-PA,2018,8,2018-02-19,2018-02-25,0,14088.526169172621,0.0
Rivera,UY-RV,2018,8,2018-02-19,2018-02-25,1,9329.550532265199,0.10718629976241757
Rocha,UY-RO,2018,8,2018-02-19,2018-02-25,0,10558.553826772255,0.0
Río Negro,UY-RN,2018,8,2018-02-19,2018-02-25,0,9810.67596839813,0.0
Salto,UY-SA,2018,8,2018-02-19,2018-02-25,0,14170.87435119916,0.0
San José,UY-SJ,2018,8,2018-02-19,2018-02-25,0,5002.920653176918,0.0
Soriano,UY-SO,2018,8,2018-02-19,2018-02-25,0,9122.538742945157,0.0
Tacuarembó,UY-TA,2018,8,2018-02-19,2018-02-25,7,15973.367767510354,0.4382294392694019
Treinta y Tres,UY-TT,2018,8,2018-02-19,2018-02-25,0,9285.005878360264,0.0
Artigas,UY-AR,2018,9,2018-02-26,2018-03-04,0,12010.600679730765,0.0
Canelones,UY-CA,2018,9,2018-02-26,2018-03-04,0,4520.87871068126,0.0
Cerro Largo,UY-CL,2018,9,2018-02-26,2018-03-04,0,13655.557447815512,0.0
Colonia,UY-CO,2018,9,2018-02-26,2018-03-04,0,6112.026851866528,0.0
Durazno,UY-DU,2018,9,2018-02-26,2018-03-04,2,12228.10425056514,0.16355765039438286
Flores,UY-FS,2018,9,2018-02-26,2018-03-04,0,5140.77049712524,0.0
Florida,UY-FD,2018,9,2018-02-26,2018-03-04,0,10405.572253242583,0.0
Lavalleja,UY-LA,2018,9,2018-02-26,2018-03-04,0,10031.272844140674,0.0
Maldonado,UY-MA,2018,9,2018-02-26,2018-03-04,0,4803.260185508939,0.0
Montevideo,UY-MO,2018,9,2018-02-26,2018-03-04,0,527.7536386520376,0.0
Paysandú,UY-PA,2018,9,2018-02-26,2018-03-04,0,14088.526169172621,0.0
Rivera,UY-RV,2018,9,2018-02-26,2018-03-04,6,9329.550532265199,0.6431177985745055
Rocha,UY-RO,2018,9,2018-02-26,2018-03-04,0,10558.553826772255,0.0
Río Negro,UY-RN,2018,9,2018-02-26,2018-03-04,0,9810.67596839813,0.0
Salto,UY-SA,2018,9,2018-02-26,2018-03-04,0,14170.87435119916,0.0
San José,UY-SJ,2018,9,2018-02-26,2018-03-04,0,5002.920653176918,0.0
Soriano,UY-SO,2018,9,2018-02-26,2018-03-04,0,9122.538742945157,0.0
Tacuarembó,UY-TA,2018,9,2018-02-26,2018-03-04,0,15973.367767510354,0.0
Treinta y Tres,UY-TT,2018,9,2018-02-26,2018-03-04,1,9285.005878360264,0.10770052416774566
Artigas,UY-AR,2018,10,2018-03-05,2018-03-11,4,12010.600679730765,0.3330391299038397
Canelones,UY-CA,2018,10,2018-03-05,2018-03-11,1,4520.87871068126,0.22119593645309454
Cerro Largo,UY-CL,2018,10,2018-03-05,2018-03-11,8,13655.557447815512,0.5858420669073282
Colonia,UY-CO,2018,10,2018-03-05,2018-03-11,1,6112.026851866528,0.16361184664864717
Durazno,UY-DU,2018,10,2018-03-05,2018-03-11,3,12228.10425056514,0.2453364755915743
Flores,UY-FS,2018,10,2018-03-05,2018-03-11,0,5140.77049712524,0.0
Florida,UY-FD,2018,10,2018-03-05,2018-03-11,0,10405.572253242583,0.0
Lavalleja,UY-LA,2018,10,2018-03-05,2018-03-11,8,10031.272844140674,0.7975059720036273
Maldonado,UY-MA,2018,10,2018-03-05,2018-03-11,0,4803.260185508939,0.0
Montevideo,UY-MO,2018,10,2018-03-05,2018-03-11,1,527.7536386520376,1.8948235061991252
Paysandú,UY-PA,2018,10,2018-03-05,2018-03-11,1,14088.526169172621,0.0709797453610243
Rivera,UY-RV,2018,10,2018-03-05,2018-03-11,6,9329.550532265199,0.6431177985745055
Rocha,UY-RO,2018,10,2018-03-05,2018-03-11,8,10558.553826772255,0.7576795204391732
Río Negro,UY-RN,2018,10,2018-03-05,2018-03-11,0,9810.67596839813,0.0
Salto,UY-SA,2018,10,2018-03-05,2018-03-11,0,14170.87435119916,0.0
San José,UY-SJ,2018,10,2018-03-05,2018-03-11,0,5002.920653176918,0.0
Soriano,UY-SO,2018,10,2018-03-05,2018-03-11,1,9122.538742945157,0.10961860817235138
Tacuarembó,UY-TA,2018,10,2018-03-05,2018-03-11,1,15973.367767510354,0.06260420560991455
Treinta y Tres,UY-TT,2018,10,2018-03-05,2018-03-11,0,9285.005878360264,0.0
Artigas,UY-AR,2018,11,2018-03-12,2018-03-18,0,12010.600679730765,0.0
Canelones,UY-CA,2018,11,2018-03-12,2018-03-18,2,4520.87871068126,0.4423918729061891
Cerro Largo,UY-CL,2018,11,2018-03-12,2018-03-18,0,13655.557447815512,0.0
Colonia,UY-CO,2018,11,2018-03-12,2018-03-18,3,6112.026851866528,0.4908355399459415
Durazno,UY-DU,2018,11,2018-03-12,2018-03-18,3,12228.10425056514,0.2453364755915743
Flores,UY-FS,2018,11,2018-03-12,2018-03-18,0,5140.77049712524,0.0
Florida,UY-FD,2018,11,2018-03-12,2018-03-18,0,10405.572253242583,0.0
Lavalleja,UY-LA,2018,11,2018-03-12,2018-03-18,0,10031.272844140674,0.0
Maldonado,UY-MA,2018,11,2018-03-12,2018-03-18,0,4803.260185508939,0.0
Montevideo,UY-MO,2018,11,2018-03-12,2018-03-18,1,527.7536386520376,1.8948235061991252
Paysandú,UY-PA,2018,11,2018-03-12,2018-03-18,0,14088.526169172621,0.0
Rivera,UY-RV,2018,11,2018-03-12,2018-03-18,0,9329.550532265199,0.0
Rocha,UY-RO,2018,11,2018-03-12,2018-03-18,6,10558.553826772255,0.56825964032938
Río Negro,UY-RN,2018,11,2018-03-12,2018-03-18,1,9810.67596839813,0.10192977560579633
Salto,UY-SA,2018,11,2018-03-12,2018-03-18,0,14170.87435119916,0.0
San José,UY-SJ,2018,11,2018-03-12,2018-03-18,0,5002.920653176918,0.0
Soriano,UY-SO,2018,11,2018-03-12,2018-03-18,0,9122.538742945157,0.0
Tacuarembó,UY-TA,2018,11,2018-03-12,2018-03-18,0,15973.367767510354,0.0
Treinta y Tres,UY-TT,2018,11,2018-03-12,2018-03-18,8,9285.005878360264,0.8616041933419653
Artigas,UY-AR,2018,12,2018-03-19,2018-03-25,0,12010.600679730765,0.0
Canelones,UY-CA,2018,12,2018-03-19,2018-03-25,0,4520.87871068126,0.0
Cerro Largo,UY-CL,2018,12,2018-03-19,2018-03-25,1,13655.557447815512,0.07323025836341603
Colonia,UY-CO,2018,12,2018-03-19,2018-03-25,3,6112.026851866528,0.4908355399459415
Durazno,UY-DU,2018,12,2018-03-19,2018-03-25,0,12228.10425056514,0.0
Flores,UY-FS,2018,12,2018-03-19,2018-03-25,0,5140.77049712524,0.0
Florida,UY-FD,2018,12,2018-03-19,2018-03-25,0,10405.572253242583,0.0
Lavalleja,UY-LA,2018,12,2018-03-19,2018-03-25,3,10031.272844140674,0.29906473950136025
Maldonado,UY-MA,2018,12,2018-03-19,2018-03-25,0,4803.260185508939,0.0
Montevideo,UY-MO,2018,12,2018-03-19,2018-03-25,0,527.7536386520376,0.0
Paysandú,UY-PA,2018,12,2018-03-19,2018-03-25,0,14088.526169172621,0.0
Rivera,UY-RV,2018,12,2018-03-19,2018-03-25,0,9329.550532265199,0.0
Rocha,UY-RO,2018,12,2018-03-19,2018-03-25,2,10558.553826772255,0.1894198801097933
Río Negro,UY-RN,2018,12,2018-03-19,2018-03-25,1,9810.67596839813,0.10192977560579633
Salto,UY-SA,2018,12,2018-03-19,2018-03-25,0,14170.87435119916,0.0
San José,UY-SJ,2018,12,2018-03-19,2018-03-25,2,5002.920653176918,0.39976648414960864
Soriano,UY-SO,2018,12,2018-03-19,2018-03-25,0,9122.538742945157,0.0
Tacuarembó,UY-TA,2018,12,2018-03-19,2018-03-25,3,15973.367767510354,0.18781261682974365
Treinta y Tres,UY-TT,2018,12,2018-03-19,2018-03-25,3,9285.005878360264,0.32310157250323696
Artigas,UY-AR,2018,13,2018-03-26,2018-04-01,0,12010.600679730765,0.0
Canelones,UY-CA,2018,13,2018-03-26,2018-04-01,0,4520.87871068126,0.0
Cerro Largo,UY-CL,2018,13,2018-03-26,2018-04-01,0,13655.557447815512,0.0
Colonia,UY-CO,2018,13,2018-03-26,2018-04-01,0,6112.026851866528,0.0
Durazno,UY-DU,2018,13,2018-03-26,2018-04-01,0,12228.10425056514,0.0
Flores,UY-FS,2018,13,2018-03-26,2018-04-01,0,5140.77049712524,0.0
Florida,UY-FD,2018,13,2018-03-26,2018-04-01,0,10405.572253242583,0.0
Lavalleja,UY-LA,2018,13,2018-03-26,2018-04-01,0,10031.272844140674,0.0
Maldonado,UY-MA,2018,13,2018-03-26,2018-04-01,0,4803.260185508939,0.0
Montevideo,UY-MO,2018,13,2018-03-26,2018-04-01,0,527.7536386520376,0.0
Paysandú,UY-PA,2018,13,2018-03-26,2018-04-01,0,14088.526169172621,0.0
Rivera,UY-RV,2018,13,2018-03-26,2018-04-01,0,9329.550532265199,0.0
Rocha,UY-RO,2018,13,2018-03-26,2018-04-01,0,10558.553826772255,0.0
Río Negro,UY-RN,2018,13,2018-03-26,2018-04-01,0,9810.67596839813,0.0
Salto,UY-SA,2018,13,2018-03-26,2018-04-01,0,14170.87435119916,0.0
San José,UY-SJ,2018,13,2018-03-26,2018-04-01,0,5002.920653176918,0.0
Soriano,UY-SO,2018,13,2018-03-26,2018-04-01,0,9122.538742945157,0.0
Tacuarembó,UY-TA,2018,13,2018-03-26,2018-04-01,0,15973.367767510354,0.0
Treinta y Tres,UY-TT,2018,13,2018-03-26,2018-04-01,0,9285.005878360264,0.0
Artigas,UY-AR,2018,14,2018-04-02,2018-04-08,0,12010.600679730765,0.0
Canelones,UY-CA,2018,14,2018-04-02,2018-04-08,0,4520.87871068126,0.0
Cerro Largo,UY-CL,2018,14,2018-04-02,2018-04-08,0,13655.557447815512,0.0
Colonia,UY-CO,2018,14,2018-04-02,2018-04-08,1,6112.026851866528,0.16361184664864717
Durazno,UY-DU,2018,14,2018-04-02,2018-04-08,0,12228.10425056514,0.0
Flores,UY-FS,2018,14,2018-04-02,2018-04-08,0,5140.77049712524,0.0
Florida,UY-FD,2018,14,2018-04-02,2018-04-08,0,10405.572253242583,0.0
Lavalleja,UY-LA,2018,14,2018-04-02,2018-04-08,0,10031.272844140674,0.0
Maldonado,UY-MA,2018,14,2018-04-02,2018-04-08,0,4803.260185508939,0.0
Montevideo,UY-MO,2018,14,2018-04-02,2018-04-08,0,527.7536386520376,0.0
Paysandú,UY-PA,2018,14,2018-04-02,2018-04-08,0,14088.526169172621,0.0
Rivera,UY-RV,2018,14,2018-04-02,2018-04-08,1,9329.550532265199,0.10718629976241757
Rocha,UY-RO,2018,14,2018-04-02,2018-04-08,0,10558.553826772255,0.0
Río Negro,UY-RN,2018,14,2018-04-02,2018-04-08,0,9810.67596839813,0.0
Salto,UY-SA,2018,14,2018-04-02,2018-04-08,0,14170.87435119916,0.0
San José,UY-SJ,2018,14,2018-04-02,2018-04-08,0,5002.920653176918,0.0
Soriano,UY-SO,2018,14,2018-04-02,2018-04-08,1,9122.538742945157,0.10961860817235138
Tacuarembó,UY-TA,2018,14,2018-04-02,2018-04-08,1,15973.367767510354,0.06260420560991455
Treinta y Tres,UY-TT,2018,14,2018-04-02,2018-04-08,0,9285.005878360264,0.0
Artigas,UY-AR,2018,15,2018-04-09,2018-04-15,2,12010.600679730765,0.16651956495191986
Canelones,UY-CA,2018,15,2018-04-09,2018-04-15,0,4520.87871068126,0.0
Cerro Largo,UY-CL,2018,15,2018-04-09,2018-04-15,0,13655.557447815512,0.0
Colonia,UY-CO,2018,15,2018-04-09,2018-04-15,0,6112.026851866528,0.0
Durazno,UY-DU,2018,15,2018-04-09,2018-04-15,3,12228.10425056514,0.2453364755915743
Flores,UY-FS,2018,15,2018-04-09,2018-04-15,0,5140.77049712524,0.0
Florida,UY-FD,2018,15,2018-04-09,2018-04-15,0,10405.572253242583,0.0
Lavalleja,UY-LA,2018,15,2018-04-09,2018-04-15,1,10031.272844140674,0.09968824650045341
Maldonado,UY-MA,2018,15,2018-04-09,2018-04-15,0,4803.260185508939,0.0
Montevideo,UY-MO,2018,15,2018-04-09,2018-04-15,0,527.7536386520376,0.0
Paysandú,UY-PA,2018,15,2018-04-09,2018-04-15,0,14088.526169172621,0.0
Rivera,UY-RV,2018,15,2018-04-09,2018-04-15,0,9329.550532265199,0.0
Rocha,UY-RO,2018,15,2018-04-09,2018-04-15,3,10558.553826772255,0.28412982016469
Río Negro,UY-RN,2018,15,2018-04-09,2018-04-15,0,9810.67596839813,0.0
Salto,UY-SA,2018,15,2018-04-09,2018-04-15,0,14170.87435119916,0.0
San José,UY-SJ,2018,15,2018-04-09,2018-04-15,2,5002.920653176918,0.39976648414960864
Soriano,UY-SO,2018,15,2018-04-09,2018-04-15,0,9122.538742945157,0.0
Tacuarembó,UY-TA,2018,15,2018-04-09,2018-04-15,5,15973.367767510354,0.31302102804957277
Treinta y Tres,UY-TT,2018,15,2018-04-09,2018-04-15,5,9285.005878360264,0.5385026208387282
Artigas,UY-AR,2018,16,2018-04-16,2018-04-22,2,12010.600679730765,0.16651956495191986
Canelones,UY-CA,2018,16,2018-04-16,2018-04-22,0,4520.87871068126,0.0
Cerro Largo,UY-CL,2018,16,2018-04-16,2018-04-22,0,13655.557447815512,0.0
Colonia,UY-CO,2018,16,2018-04-16,2018-04-22,0,6112.026851866528,0.0
Durazno,UY-DU,2018,16,2018-04-16,2018-04-22,4,12228.10425056514,0.3271153007887657
Flores,UY-FS,2018,16,2018-04-16,2018-04-22,0,5140.77049712524,0.0
Florida,UY-FD,2018,16,2018-04-16,2018-04-22,0,10405.572253242583,0.0
Lavalleja,UY-LA,2018,16,2018-04-16,2018-04-22,1,10031.272844140674,0.09968824650045341
Maldonado,UY-MA,2018,16,2018-04-16,2018-04-22,0,4803.260185508939,0.0
Montevideo,UY-MO,2018,16,2018-04-16,2018-04-22,0,527.7536386520376,0.0
Paysandú,UY-PA,2018,16,2018-04-16,2018-04-22,4,14088.526169172621,0.2839189814440972
Rivera,UY-RV,2018,16,2018-04-16,2018-04-22,0,9329.550532265199,0.0
Rocha,UY-RO,2018,16,2018-04-16,2018-04-22,4,10558.553826772255,0.3788397602195866
Río Negro,UY-RN,2018,16,2018-04-16,2018-04-22,0,9810.67596839813,0.0
Salto,UY-SA,2018,16,2018-04-16,2018-04-22,0,14170.87435119916,0.0
San José,UY-SJ,2018,16,2018-04-16,2018-04-22,1,5002.920653176918,0.19988324207480432
Soriano,UY-SO,2018,16,2018-04-16,2018-04-22,1,9122.538742945157,0.10961860817235138
Tacuarembó,UY-TA,2018,16,2018-04-16,2018-04-22,7,15973.367767510354,0.4382294392694019
Treinta y Tres,UY-TT,2018,16,2018-04-16,2018-04-22,3,9285.005878360264,0.32310157250323696
Artigas,UY-AR,2018,17,2018-04-23,2018-04-29,0,12010.600679730765,0.0
Canelones,UY-CA,2018,17,2018-04-23,2018-04-29,0,4520.87871068126,0.0
Cerro Largo,UY-CL,2018,17,2018-04-23,2018-04-29,0,13655.557447815512,0.0
Colonia,UY-CO,2018,17,2018-04-23,2018-04-29,0,6112.026851866528,0.0
Durazno,UY-DU,2018,17,2018-04-23,2018-04-29,0,12228.10425056514,0.0
Flores,UY-FS,2018,17,2018-04-23,2018-04-29,0,5140.77049712524,0.0
Florida,UY-FD,2018,17,2018-04-23,2018-04-29,0,10405.572253242583,0.0
Lavalleja,UY-LA,2018,17,2018-04-23,2018-04-29,0,10031.272844140674,0.0
Maldonado,UY-MA,2018,17,2018-04-23,2018-04-29,0,4803.260185508939,0.0
Montevideo,UY-MO,2018,17,2018-04-23,2018-04-29,0,527.7536386520376,0.0
Paysandú,UY-PA,2018,17,2018-04-23,2018-04-29,1,14088.526169172621,0.0709797453610243
Rivera,UY-RV,2018,17,2018-04-23,2018-04-29,0,9329.550532265199,0.0
Rocha,UY-RO,2018,17,2018-04-23,2018-04-29,0,10558.553826772255,0.0
Río Negro,UY-RN,2018,17,2018-04-23,2018-04-29,0,9810.67596839813,0.0
Salto,UY-SA,2018,17,2018-04-23,2018-04-29,0,14170.87435119916,0.0
San José,UY-SJ,2018,17,2018-04-23,2018-04-29,0,5002.920653176918,0.0
Soriano,UY-SO,2018,17,2018-04-23,2018-04-29,1,9122.538742945157,0.10961860817235138
Tacuarembó,UY-TA,2018,17,2018-04-23,2018-04-29,0,15973.367767510354,0.0
Treinta y Tres,UY-TT,2018,17,2018-04-23,2018-04-29,0,9285.005878360264,0.0
Artigas,UY-AR,2018,18,2018-04-30,2018-05-06,0,12010.600679730765,0.0
Canelones,UY-CA,2018,18,2018-04-30,2018-05-06,0,4520.87871068126,0.0
Cerro Largo,UY-CL,2018,18,2018-04-30,2018-05-06,0,13655.557447815512,0.0
Colonia,UY-CO,2018,18,2018-04-30,2018-05-06,0,6112.026851866528,0.0
Durazno,UY-DU,2018,18,2018-04-30,2018-05-06,0,12228.10425056514,0.0
Flores,UY-FS,2018,18,2018-04-30,2018-05-06,0,5140.77049712524,0.0
Florida,UY-FD,2018,18,2018-04-30,2018-05-06,0,10405.572253242583,0.0
Lavalleja,UY-LA,2018,18,2018-04-30,2018-05-06,0,10031.272844140674,0.0
Maldonado,UY-MA,2018,18,2018-04-30,2018-05-06,0,4803.260185508939,0.0
Montevideo,UY-MO,2018,18,2018-04-30,2018-05-06,0,527.7536386520376,0.0
Paysandú,UY-PA,2018,18,2018-04-30,2018-05-06,0,14088.526169172621,0.0
Rivera,UY-RV,2018,18,2018-04-30,2018-05-06,0,9329.550532265199,0.0
Rocha,UY-RO,2018,18,2018-04-30,2018-05-06,0,10558.553826772255,0.0
Río Negro,UY-RN,2018,18,2018-04-30,2018-05-06,0,9810.67596839813,0.0
Salto,UY-SA,2018,18,2018-04-30,2018-05-06,0,14170.87435119916,0.0
San José,UY-SJ,2018,18,2018-04-30,2018-05-06,0,5002.920653176918,0.0
Soriano,UY-SO,2018,18,2018-04-30,2018-05-06,0,9122.538742945157,0.0
Tacuarembó,UY-TA,2018,18,2018-04-30,2018-05-06,0,15973.367767510354,0.0
Treinta y Tres,UY-TT,2018,18,2018-04-30,2018-05-06,0,9285.005878360264,0.0
Artigas,UY-AR,2018,19,2018-05-07,2018-05-13,0,12010.600679730765,0.0
Canelones,UY-CA,2018,19,2018-05-07,2018-05-13,0,4520.87871068126,0.0
Cerro Largo,UY-CL,2018,19,2018-05-07,2018-05-13,0,13655.557447815512,0.0
Colonia,UY-CO,2018,19,2018-05-07,2018-05-13,0,6112.026851866528,0.0
Durazno,UY-DU,2018,19,2018-05-07,2018-05-13,0,12228.10425056514,0.0
Flores,UY-FS,2018,19,2018-05-07,2018-05-13,0,5140.77049712524,0.0
Florida,UY-FD,2018,19,2018-05-07,2018-05-13,0,10405.572253242583,0.0
Lavalleja,UY-LA,2018,19,2018-05-07,2018-05-13,0,10031.272844140674,0.0
Maldonado,UY-MA,2018,19,2018-05-07,2018-05-13,0,4803.260185508939,0.0
Montevideo,UY-MO,2018,19,2018-05-07,2018-05-13,0,527.7536386520376,0.0
Paysandú,UY-PA,2018,19,2018-05-07,2018-05-13,0,14088.526169172621,0.0
Rivera,UY-RV,2018,19,2018-05-07,2018-05-13,0,9329.550532265199,0.0
Rocha,UY-RO,2018,19,2018-05-07,2018-05-13,0,10558.553826772255,0.0
Río Negro,UY-RN,2018,19,2018-05-07,2018-05-13,0,9810.67596839813,0.0
Salto,UY-SA,2018,19,2018-05-07,2018-05-13,0,14170.87435119916,0.0
San José,UY-SJ,2018,19,2018-05-07,2018-05-13,0,5002.920653176918,0.0
Soriano,UY-SO,2018,19,2018-05-07,2018-05-13,0,9122.538742945157,0.0
Tacuarembó,UY-TA,2018,19,2018-05-07,2018-05-13,3,15973.367767510354,0.18781261682974365
Treinta y Tres,UY-TT,2018,19,2018-05-07,2018-05-13,0,9285.005878360264,0.0
Artigas,UY-AR,2018,20,2018-05-14,2018-05-20,0,12010.600679730765,0.0
Canelones,UY-CA,2018,20,2018-05-14,2018-05-20,0,4520.87871068126,0.0
Cerro Largo,UY-CL,2018,20,2018-05-14,2018-05-20,0,13655.557447815512,0.0
Colonia,UY-CO,2018,20,2018-05-14,2018-05-20,0,6112.026851866528,0.0
Durazno,UY-DU,2018,20,2018-05-14,2018-05-20,0,12228.10425056514,0.0
Flores,UY-FS,2018,20,2018-05-14,2018-05-20,0,5140.77049712524,0.0
Florida,UY-FD,2018,20,2018-05-14,2018-05-20,2,10405.572253242583,0.1922047102576949
Lavalleja,UY-LA,2018,20,2018-05-14,2018-05-20,3,10031.272844140674,0.29906473950136025
Maldonado,UY-MA,2018,20,2018-05-14,2018-05-20,0,4803.260185508939,0.0
Montevideo,UY-MO,2018,20,2018-05-14,2018-05-20,0,527.7536386520376,0.0
Paysandú,UY-PA,2018,20,2018-05-14,2018-05-20,0,14088.526169172621,0.0
Rivera,UY-RV,2018,20,2018-05-14,2018-05-20,0,9329.550532265199,0.0
Rocha,UY-RO,2018,20,2018-05-14,2018-05-20,0,10558.553826772255,0.0
Río Negro,UY-RN,2018,20,2018-05-14,2018-05-20,0,9810.67596839813,0.0
Salto,UY-SA,2018,20,2018-05-14,2018-05-20,0,14170.87435119916,0.0
San José,UY-SJ,2018,20,2018-05-14,2018-05-20,0,5002.920653176918,0.0
Soriano,UY-SO,2018,20,2018-05-14,2018-05-20,0,9122.538742945157,0.0
Tacuarembó,UY-TA,2018,20,2018-05-14,2018-05-20,0,15973.367767510354,0.0
Treinta y Tres,UY-TT,2018,20,2018-05-14,2018-05-20,1,9285.005878360264,0.10770052416774566
Artigas,UY-AR,2018,21,2018-05-21,2018-05-27,0,12010.600679730765,0.0
Canelones,UY-CA,2018,21,2018-05-21,2018-05-27,0,4520.87871068126,0.0
Cerro Largo,UY-CL,2018,21,2018-05-21,2018-05-27,1,13655.557447815512,0.07323025836341603
Colonia,UY-CO,2018,21,2018-05-21,2018-05-27,0,6112.026851866528,0.0
Durazno,UY-DU,2018,21,2018-05-21,2018-05-27,0,12228.10425056514,0.0
Flores,UY-FS,2018,21,2018-05-21,2018-05-27,0,5140.77049712524,0.0
Florida,UY-FD,2018,21,2018-05-21,2018-05-27,0,10405.572253242583,0.0
Lavalleja,UY-LA,2018,21,2018-05-21,2018-05-27,2,10031.272844140674,0.19937649300090682
Maldonado,UY-MA,2018,21,2018-05-21,2018-05-27,1,4803.260185508939,0.20819192826924554
Montevideo,UY-MO,2018,21,2018-05-21,2018-05-27,0,527.7536386520376,0.0
Paysandú,UY-PA,2018,21,2018-05-21,2018-05-27,1,14088.526169172621,0.0709797453610243
Rivera,UY-RV,2018,21,2018-05-21,2018-05-27,0,9329.550532265199,0.0
Rocha,UY-RO,2018,21,2018-05-21,2018-05-27,8,10558.553826772255,0.7576795204391732
Río Negro,UY-RN,2018,21,2018-05-21,2018-05-27,0,9810.67596839813,0.0
Salto,UY-SA,2018,21,2018-05-21,2018-05-27,0,14170.87435119916,0.0
San José,UY-SJ,2018,21,2018-05-21,2018-05-27,0,5002.920653176918,0.0
Soriano,UY-SO,2018,21,2018-05-21,2018-05-27,0,9122.538742945157,0.0
Tacuarembó,UY-TA,2018,21,2018-05-21,2018-05-27,0,15973.367767510354,0.0
Treinta y Tres,UY-TT,2018,21,2018-05-21,2018-05-27,1,9285.005878360264,0.10770052416774566
Artigas,UY-AR,2018,22,2018-05-28,2018-06-03,1,12010.600679730765,0.08325978247595993
Canelones,UY-CA,2018,22,2018-05-28,2018-06-03,0,4520.87871068126,0.0
Cerro Largo,UY-CL,2018,22,2018-05-28,2018-06-03,1,13655.557447815512,0.07323025836341603
Colonia,UY-CO,2018,22,2018-05-28,2018-06-03,0,6112.026851866528,0.0
Durazno,UY-DU,2018,22,2018-05-28,2018-06-03,0,12228.10425056514,0.0
Flores,UY-FS,2018,22,2018-05-28,2018-06-03,0,5140.77049712524,0.0
Florida,UY-FD,2018,22,2018-05-28,2018-06-03,0,10405.572253242583,0.0
Lavalleja,UY-LA,2018,22,2018-05-28,2018-06-03,2,10031.272844140674,0.19937649300090682
Maldonado,UY-MA,2018,22,2018-05-28,2018-06-03,0,4803.260185508939,0.0
Montevideo,UY-MO,2018,22,2018-05-28,2018-06-03,0,527.7536386520376,0.0
Paysandú,UY-PA,2018,22,2018-05-28,2018-06-03,0,14088.526169172621,0.0
Rivera,UY-RV,2018,22,2018-05-28,2018-06-03,0,9329.550532265199,0.0
Rocha,UY-RO,2018,22,2018-05-28,2018-06-03,2,10558.553826772255,0.1894198801097933
Río Negro,UY-RN,2018,22,2018-05-28,2018-06-03,0,9810.67596839813,0.0
Salto,UY-SA,2018,22,2018-05-28,2018-06-03,1,14170.87435119916,0.07056727589398029
San José,UY-SJ,2018,22,2018-05-28,2018-06-03,0,5002.920653176918,0.0
Soriano,UY-SO,2018,22,2018-05-28,2018-06-03,0,9122.538742945157,0.0
Tacuarembó,UY-TA,2018,22,2018-05-28,2018-06-03,0,15973.367767510354,0.0
Treinta y Tres,UY-TT,2018,22,2018-05-28,2018-06-03,0,9285.005878360264,0.0
Artigas,UY-AR,2018,23,2018-06-04,2018-06-10,0,12010.600679730765,0.0
Canelones,UY-CA,2018,23,2018-06-04,2018-06-10,0,4520.87871068126,0.0
Cerro Largo,UY-CL,2018,23,2018-06-04,2018-06-10,0,13655.557447815512,0.0
Colonia,UY-CO,2018,23,2018-06-04,2018-06-10,0,6112.026851866528,0.0
Durazno,UY-DU,2018,23,2018-06-04,2018-06-10,0,12228.10425056514,0.0
Flores,UY-FS,2018,23,2018-06-04,2018-06-10,0,5140.77049712524,0.0
Florida,UY-FD,2018,23,2018-06-04,2018-06-10,0,10405.572253242583,0.0
Lavalleja,UY-LA,2018,23,2018-06-04,2018-06-10,0,10031.272844140674,0.0
Maldonado,UY-MA,2018,23,2018-06-04,2018-06-10,0,4803.260185508939,0.0
Montevideo,UY-MO,2018,23,2018-06-04,2018-06-10,0,527.7536386520376,0.0
Paysandú,UY-PA,2018,23,2018-06-04,2018-06-10,0,14088.526169172621,0.0
Rivera,UY-RV,2018,23,2018-06-04,2018-06-10,0,9329.550532265199,0.0
Rocha,UY-RO,2018,23,2018-06-04,2018-06-10,0,10558.553826772255,0.0
Río Negro,UY-RN,2018,23,2018-06-04,2018-06-10,0,9810.67596839813,0.0
Salto,UY-SA,2018,23,2018-06-04,2018-06-10,0,14170.87435119916,0.0
San José,UY-SJ,2018,23,2018-06-04,2018-06-10,0,5002.920653176918,0.0
Soriano,UY-SO,2018,23,2018-06-04,2018-06-10,0,9122.538742945157,0.0
Tacuarembó,UY-TA,2018,23,2018-06-04,2018-06-10,0,15973.367767510354,0.0
Treinta y Tres,UY-TT,2018,23,2018-06-04,2018-06-10,0,9285.005878360264,0.0
Artigas,UY-AR,2018,24,2018-06-11,2018-06-17,0,12010.600679730765,0.0
Canelones,UY-CA,2018,24,2018-06-11,2018-06-17,0,4520.87871068126,0.0
Cerro Largo,UY-CL,2018,24,2018-06-11,2018-06-17,0,13655.557447815512,0.0
Colonia,UY-CO,2018,24,2018-06-11,2018-06-17,0,6112.026851866528,0.0
Durazno,UY-DU,2018,24,2018-06-11,2018-06-17,0,12228.10425056514,0.0
Flores,UY-FS,2018,24,2018-06-11,2018-06-17,0,5140.77049712524,0.0
Florida,UY-FD,2018,24,2018-06-11,2018-06-17,0,10405.572253242583,0.0
Lavalleja,UY-LA,2018,24,2018-06-11,2018-06-17,0,10031.272844140674,0.0
Maldonado,UY-MA,2018,24,2018-06-11,2018-06-17,0,4803.260185508939,0.0
Montevideo,UY-MO,2018,24,2018-06-11,2018-06-17,0,527.7536386520376,0.0
Paysandú,UY-PA,2018,24,2018-06-11,2018-06-17,0,14088.526169172621,0.0
Rivera,UY-RV,2018,24,2018-06-11,2018-06-17,0,9329.550532265199,0.0
Rocha,UY-RO,2018,24,2018-06-11,2018-06-17,0,10558.553826772255,0.0
Río Negro,UY-RN,2018,24,2018-06-11,2018-06-17,0,9810.67596839813,0.0
Salto,UY-SA,2018,24,2018-06-11,2018-06-17,0,14170.87435119916,0.0
San José,UY-SJ,2018,24,2018-06-11,2018-06-17,2,5002.920653176918,0.39976648414960864
Soriano,UY-SO,2018,24,2018-06-11,2018-06-17,0,9122.538742945157,0.0
Tacuarembó,UY-TA,2018,24,2018-06-11,2018-06-17,0,15973.367767510354,0.0
Treinta y Tres,UY-TT,2018,24,2018-06-11,2018-06-17,0,9285.005878360264,0.0
Artigas,UY-AR,2018,25,2018-06-18,2018-06-24,0,12010.600679730765,0.0
Canelones,UY-CA,2018,25,2018-06-18,2018-06-24,0,4520.87871068126,0.0
Cerro Largo,UY-CL,2018,25,2018-06-18,2018-06-24,0,13655.557447815512,0.0
Colonia,UY-CO,2018,25,2018-06-18,2018-06-24,0,6112.026851866528,0.0
Durazno,UY-DU,2018,25,2018-06-18,2018-06-24,0,12228.10425056514,0.0
Flores,UY-FS,2018,25,2018-06-18,2018-06-24,2,5140.77049712524,0.3890467394174504
Florida,UY-FD,2018,25,2018-06-18,2018-06-24,0,10405.572253242583,0.0
Lavalleja,UY-LA,2018,25,2018-06-18,2018-06-24,0,10031.272844140674,0.0
Maldonado,UY-MA,2018,25,2018-06-18,2018-06-24,0,4803.260185508939,0.0
Montevideo,UY-MO,2018,25,2018-06-18,2018-06-24,0,527.7536386520376,0.0
Paysandú,UY-PA,2018,25,2018-06-18,2018-06-24,0,14088.526169172621,0.0
Rivera,UY-RV,2018,25,2018-06-18,2018-06-24,0,9329.550532265199,0.0
Rocha,UY-RO,2018,25,2018-06-18,2018-06-24,0,10558.553826772255,0.0
Río Negro,UY-RN,2018,25,2018-06-18,2018-06-24,7,9810.67596839813,0.7135084292405742
Salto,UY-SA,2018,25,2018-06-18,2018-06-24,0,14170.87435119916,0.0
San José,UY-SJ,2018,25,2018-06-18,2018-06-24,1,5002.920653176918,0.19988324207480432
Soriano,UY-SO,2018,25,2018-06-18,2018-06-24,3,9122.538742945157,0.32885582451705414
Tacuarembó,UY-TA,2018,25,2018-06-18,2018-06-24,0,15973.367767510354,0.0
Treinta y Tres,UY-TT,2018,25,2018-06-18,2018-06-24,0,9285.005878360264,0.0
Artigas,UY-AR,2018,26,2018-06-25,2018-07-01,3,12010.600679730765,0.2497793474278798
Canelones,UY-CA,2018,26,2018-06-25,2018-07-01,0,4520.87871068126,0.0
Cerro Largo,UY-CL,2018,26,2018-06-25,2018-07-01,0,13655.557447815512,0.0
Colonia,UY-CO,2018,26,2018-06-25,2018-07-01,0,6112.026851866528,0.0
Durazno,UY-DU,2018,26,2018-06-25,2018-07-01,0,12228.10425056514,0.0
Flores,UY-FS,2018,26,2018-06-25,2018-07-01,0,5140.77049712524,0.0
Florida,UY-FD,2018,26,2018-06-25,2018-07-01,0,10405.572253242583,0.0
Lavalleja,UY-LA,2018,26,2018-06-25,2018-07-01,0,10031.272844140674,0.0
Maldonado,UY-MA,2018,26,2018-06-25,2018-07-01,0,4803.260185508939,0.0
Montevideo,UY-MO,2018,26,2018-06-25,2018-07-01,0,527.7536386520376,0.0
Paysandú,UY-PA,2018,26,2018-06-25,2018-07-01,7,14088.526169172621,0.4968582175271702
Rivera,UY-RV,2018,26,2018-06-25,2018-07-01,0,9329.550532265199,0.0
Rocha,UY-RO,2018,26,2018-06-25,2018-07-01,4,10558.553826772255,0.3788397602195866
Río Negro,UY-RN,2018,26,2018-06-25,2018-07-01,1,9810.67596839813,0.10192977560579633
Salto,UY-SA,2018,26,2018-06-25,2018-07-01,0,14170.87435119916,0.0
San José,UY-SJ,2018,26,2018-06-25,2018-07-01,0,5002.920653176918,0.0
Soriano,UY-SO,2018,26,2018-06-25,2018-07-01,3,9122.538742945157,0.32885582451705414
Tacuarembó,UY-TA,2018,26,2018-06-25,2018-07-01,0,15973.367767510354,0.0
Treinta y Tres,UY-TT,2018,26,2018-06-25,2018-07-01,0,9285.005878360264,0.0
Artigas,UY-AR,2018,27,2018-07-02,2018-07-08,0,12010.600679730765,0.0
Canelones,UY-CA,2018,27,2018-07-02,2018-07-08,0,4520.87871068126,0.0
Cerro Largo,UY-CL,2018,27,2018-07-02,2018-07-08,0,13655.557447815512,0.0
Colonia,UY-CO,2018,27,2018-07-02,2018-07-08,0,6112.026851866528,0.0
Durazno,UY-DU,2018,27,2018-07-02,2018-07-08,0,12228.10425056514,0.0
Flores,UY-FS,2018,27,2018-07-02,2018-07-08,0,5140.77049712524,0.0
Florida,UY-FD,2018,27,2018-07-02,2018-07-08,0,10405.572253242583,0.0
Lavalleja,UY-LA,2018,27,2018-07-02,2018-07-08,0,10031.272844140674,0.0
Maldonado,UY-MA,2018,27,2018-07-02,2018-07-08,0,4803.260185508939,0.0
Montevideo,UY-MO,2018,27,2018-07-02,2018-07-08,0,527.7536386520376,0.0
Paysandú,UY-PA,2018,27,2018-07-02,2018-07-08,0,14088.526169172621,0.0
Rivera,UY-RV,2018,27,2018-07-02,2018-07-08,0,9329.550532265199,0.0
Rocha,UY-RO,2018,27,2018-07-02,2018-07-08,0,10558.553826772255,0.0
Río Negro,UY-RN,2018,27,2018-07-02,2018-07-08,0,9810.67596839813,0.0
Salto,UY-SA,2018,27,2018-07-02,2018-07-08,0,14170.87435119916,0.0
San José,UY-SJ,2018,27,2018-07-02,2018-07-08,0,5002.920653176918,0.0
Soriano,UY-SO,2018,27,2018-07-02,2018-07-08,0,9122.538742945157,0.0
Tacuarembó,UY-TA,2018,27,2018-07-02,2018-07-08,0,15973.367767510354,0.0
Treinta y Tres,UY-TT,2018,27,2018-07-02,2018-07-08,0,9285.005878360264,0.0
Artigas,UY-AR,2018,28,2018-07-09,2018-07-15,2,12010.600679730765,0.16651956495191986
Canelones,UY-CA,2018,28,2018-07-09,2018-07-15,0,4520.87871068126,0.0
Cerro Largo,UY-CL,2018,28,2018-07-09,2018-07-15,0,13655.557447815512,0.0
Colonia,UY-CO,2018,28,2018-07-09,2018-07-15,0,6112.026851866528,0.0
Durazno,UY-DU,2018,28,2018-07-09,2018-07-15,1,12228.10425056514,0.08177882519719143
Flores,UY-FS,2018,28,2018-07-09,2018-07-15,0,5140.77049712524,0.0
Florida,UY-FD,2018,28,2018-07-09,2018-07-15,0,10405.572253242583,0.0
Lavalleja,UY-LA,2018,28,2018-07-09,2018-07-15,0,10031.272844140674,0.0
Maldonado,UY-MA,2018,28,2018-07-09,2018-07-15,0,4803.260185508939,0.0
Montevideo,UY-MO,2018,28,2018-07-09,2018-07-15,0,527.7536386520376,0.0
Paysandú,UY-PA,2018,28,2018-07-09,2018-07-15,1,14088.526169172621,0.0709797453610243
Rivera,UY-RV,2018,28,2018-07-09,2018-07-15,0,9329.550532265199,0.0
Rocha,UY-RO,2018,28,2018-07-09,2018-07-15,0,10558.553826772255,0.0
Río Negro,UY-RN,2018,28,2018-07-09,2018-07-15,0,9810.67596839813,0.0
Salto,UY-SA,2018,28,2018-07-09,2018-07-15,0,14170.87435119916,0.0
San José,UY-SJ,2018,28,2018-07-09,2018-07-15,1,5002.920653176918,0.19988324207480432
Soriano,UY-SO,2018,28,2018-07-09,2018-07-15,1,9122.538742945157,0.10961860817235138
Tacuarembó,UY-TA,2018,28,2018-07-09,2018-07-15,0,15973.367767510354,0.0
Treinta y Tres,UY-TT,2018,28,2018-07-09,2018-07-15,0,9285.005878360264,0.0
Artigas,UY-AR,2018,29,2018-07-16,2018-07-22,0,12010.600679730765,0.0
Canelones,UY-CA,2018,29,2018-07-16,2018-07-22,0,4520.87871068126,0.0
Cerro Largo,UY-CL,2018,29,2018-07-16,2018-07-22,0,13655.557447815512,0.0
Colonia,UY-CO,2018,29,2018-07-16,2018-07-22,0,6112.026851866528,0.0
Durazno,UY-DU,2018,29,2018-07-16,2018-07-22,0,12228.10425056514,0.0
Flores,UY-FS,2018,29,2018-07-16,2018-07-22,0,5140.77049712524,0.0
Florida,UY-FD,2018,29,2018-07-16,2018-07-22,0,10405.572253242583,0.0
Lavalleja,UY-LA,2018,29,2018-07-16,2018-07-22,0,10031.272844140674,0.0
Maldonado,UY-MA,2018,29,2018-07-16,2018-07-22,0,4803.260185508939,0.0
Montevideo,UY-MO,2018,29,2018-07-16,2018-07-22,0,527.7536386520376,0.0
Paysandú,UY-PA,2018,29,2018-07-16,2018-07-22,0,14088.526169172621,0.0
Rivera,UY-RV,2018,29,2018-07-16,2018-07-22,0,9329.550532265199,0.0
Rocha,UY-RO,2018,29,2018-07-16,2018-07-22,0,10558.553826772255,0.0
Río Negro,UY-RN,2018,29,2018-07-16,2018-07-22,0,9810.67596839813,0.0
Salto,UY-SA,2018,29,2018-07-16,2018-07-22,0,14170.87435119916,0.0
San José,UY-SJ,2018,29,2018-07-16,2018-07-22,1,5002.920653176918,0.19988324207480432
Soriano,UY-SO,2018,29,2018-07-16,2018-07-22,0,9122.538742945157,0.0
Tacuarembó,UY-TA,2018,29,2018-07-16,2018-07-22,0,15973.367767510354,0.0
Treinta y Tres,UY-TT,2018,29,2018-07-16,2018-07-22,2,9285.005878360264,0.2154010483354913
Artigas,UY-AR,2018,30,2018-07-23,2018-07-29,1,12010.600679730765,0.08325978247595993
Canelones,UY-CA,2018,30,2018-07-23,2018-07-29,0,4520.87871068126,0.0
Cerro Largo,UY-CL,2018,30,2018-07-23,2018-07-29,0,13655.557447815512,0.0
Colonia,UY-CO,2018,30,2018-07-23,2018-07-29,0,6112.026851866528,0.0
Durazno,UY-DU,2018,30,2018-07-23,2018-07-29,0,12228.10425056514,0.0
Flores,UY-FS,2018,30,2018-07-23,2018-07-29,0,5140.77049712524,0.0
Florida,UY-FD,2018,30,2018-07-23,2018-07-29,0,10405.572253242583,0.0
Lavalleja,UY-LA,2018,30,2018-07-23,2018-07-29,0,10031.272844140674,0.0
Maldonado,UY-MA,2018,30,2018-07-23,2018-07-29,0,4803.260185508939,0.0
Montevideo,UY-MO,2018,30,2018-07-23,2018-07-29,0,527.7536386520376,0.0
Paysandú,UY-PA,2018,30,2018-07-23,2018-07-29,0,14088.526169172621,0.0
Rivera,UY-RV,2018,30,2018-07-23,2018-07-29,0,9329.550532265199,0.0
Rocha,UY-RO,2018,30,2018-07-23,2018-07-29,0,10558.553826772255,0.0
Río Negro,UY-RN,2018,30,2018-07-23,2018-07-29,0,9810.67596839813,0.0
Salto,UY-SA,2018,30,2018-07-23,2018-07-29,0,14170.87435119916,0.0
San José,UY-SJ,2018,30,2018-07-23,2018-07-29,1,5002.920653176918,0.19988324207480432
Soriano,UY-SO,2018,30,2018-07-23,2018-07-29,0,9122.538742945157,0.0
Tacuarembó,UY-TA,2018,30,2018-07-23,2018-07-29,0,15973.367767510354,0.0
Treinta y Tres,UY-TT,2018,30,2018-07-23,2018-07-29,0,9285.005878360264,0.0
Artigas,UY-AR,2018,31,2018-07-30,2018-08-05,2,12010.600679730765,0.16651956495191986
Canelones,UY-CA,2018,31,2018-07-30,2018-08-05,0,4520.87871068126,0.0
Cerro Largo,UY-CL,2018,31,2018-07-30,2018-08-05,0,13655.557447815512,0.0
Colonia,UY-CO,2018,31,2018-07-30,2018-08-05,0,6112.026851866528,0.0
Durazno,UY-DU,2018,31,2018-07-30,2018-08-05,0,12228.10425056514,0.0
Flores,UY-FS,2018,31,2018-07-30,2018-08-05,0,5140.77049712524,0.0
Florida,UY-FD,2018,31,2018-07-30,2018-08-05,0,10405.572253242583,0.0
Lavalleja,UY-LA,2018,31,2018-07-30,2018-08-05,0,10031.272844140674,0.0
Maldonado,UY-MA,2018,31,2018-07-30,2018-08-05,0,4803.260185508939,0.0
Montevideo,UY-MO,2018,31,2018-07-30,2018-08-05,0,527.7536386520376,0.0
Paysandú,UY-PA,2018,31,2018-07-30,2018-08-05,0,14088.526169172621,0.0
Rivera,UY-RV,2018,31,2018-07-30,2018-08-05,0,9329.550532265199,0.0
Rocha,UY-RO,2018,31,2018-07-30,2018-08-05,0,10558.553826772255,0.0
Río Negro,UY-RN,2018,31,2018-07-30,2018-08-05,0,9810.67596839813,0.0
Salto,UY-SA,2018,31,2018-07-30,2018-08-05,0,14170.87435119916,0.0
San José,UY-SJ,2018,31,2018-07-30,2018-08-05,1,5002.920653176918,0.19988324207480432
Soriano,UY-SO,2018,31,2018-07-30,2018-08-05,1,9122.538742945157,0.10961860817235138
Tacuarembó,UY-TA,2018,31,2018-07-30,2018-08-05,0,15973.367767510354,0.0
Treinta y Tres,UY-TT,2018,31,2018-07-30,2018-08-05,0,9285.005878360264,0.0
Artigas,UY-AR,2018,32,2018-08-06,2018-08-12,0,12010.600679730765,0.0
Canelones,UY-CA,2018,32,2018-08-06,2018-08-12,0,4520.87871068126,0.0
Cerro Largo,UY-CL,2018,32,2018-08-06,2018-08-12,2,13655.557447815512,0.14646051672683205
Colonia,UY-CO,2018,32,2018-08-06,2018-08-12,0,6112.026851866528,0.0
Durazno,UY-DU,2018,32,2018-08-06,2018-08-12,0,12228.10425056514,0.0
Flores,UY-FS,2018,32,2018-08-06,2018-08-12,3,5140.77049712524,0.5835701091261756
Florida,UY-FD,2018,32,2018-08-06,2018-08-12,0,10405.572253242583,0.0
Lavalleja,UY-LA,2018,32,2018-08-06,2018-08-12,0,10031.272844140674,0.0
Maldonado,UY-MA,2018,32,2018-08-06,2018-08-12,0,4803.260185508939,0.0
Montevideo,UY-MO,2018,32,2018-08-06,2018-08-12,0,527.7536386520376,0.0
Paysandú,UY-PA,2018,32,2018-08-06,2018-08-12,3,14088.526169172621,0.21293923608307294
Rivera,UY-RV,2018,32,2018-08-06,2018-08-12,0,9329.550532265199,0.0
Rocha,UY-RO,2018,32,2018-08-06,2018-08-12,1,10558.553826772255,0.09470994005489665
Río Negro,UY-RN,2018,32,2018-08-06,2018-08-12,2,9810.67596839813,0.20385955121159266
Salto,UY-SA,2018,32,2018-08-06,2018-08-12,0,14170.87435119916,0.0
San José,UY-SJ,2018,32,2018-08-06,2018-08-12,2,5002.920653176918,0.39976648414960864
Soriano,UY-SO,2018,32,2018-08-06,2018-08-12,5,9122.538742945157,0.5480930408617568
Tacuarembó,UY-TA,2018,32,2018-08-06,2018-08-12,2,15973.367767510354,0.1252084112198291
Treinta y Tres,UY-TT,2018,32,2018-08-06,2018-08-12,0,9285.005878360264,0.0
Artigas,UY-AR,2018,33,2018-08-13,2018-08-19,7,12010.600679730765,0.5828184773317195
Canelones,UY-CA,2018,33,2018-08-13,2018-08-19,0,4520.87871068126,0.0
Cerro Largo,UY-CL,2018,33,2018-08-13,2018-08-19,4,13655.557447815512,0.2929210334536641
Colonia,UY-CO,2018,33,2018-08-13,2018-08-19,1,6112.026851866528,0.16361184664864717
Durazno,UY-DU,2018,33,2018-08-13,2018-08-19,1,12228.10425056514,0.08177882519719143
Flores,UY-FS,2018,33,2018-08-13,2018-08-19,0,5140.77049712524,0.0
Florida,UY-FD,2018,33,2018-08-13,2018-08-19,2,10405.572253242583,0.1922047102576949
Lavalleja,UY-LA,2018,33,2018-08-13,2018-08-19,3,10031.272844140674,0.29906473950136025
Maldonado,UY-MA,2018,33,2018-08-13,2018-08-19,0,4803.260185508939,0.0
Montevideo,UY-MO,2018,33,2018-08-13,2018-08-19,0,527.7536386520376,0.0
Paysandú,UY-PA,2018,33,2018-08-13,2018-08-19,2,14088.526169172621,0.1419594907220486
Rivera,UY-RV,2018,33,2018-08-13,2018-08-19,4,9329.550532265199,0.4287451990496703
Rocha,UY-RO,2018,33,2018-08-13,2018-08-19,3,10558.553826772255,0.28412982016469
Río Negro,UY-RN,2018,33,2018-08-13,2018-08-19,6,9810.67596839813,0.6115786536347779
Salto,UY-SA,2018,33,2018-08-13,2018-08-19,3,14170.87435119916,0.21170182768194087
San José,UY-SJ,2018,33,2018-08-13,2018-08-19,1,5002.920653176918,0.19988324207480432
Soriano,UY-SO,2018,33,2018-08-13,2018-08-19,5,9122.538742945157,0.5480930408617568
Tacuarembó,UY-TA,2018,33,2018-08-13,2018-08-19,6,15973.367767510354,0.3756252336594873
Treinta y Tres,UY-TT,2018,33,2018-08-13,2018-08-19,0,9285.005878360264,0.0
Artigas,UY-AR,2018,34,2018-08-20,2018-08-26,0,12010.600679730765,0.0
Canelones,UY-CA,2018,34,2018-08-20,2018-08-26,0,4520.87871068126,0.0
Cerro Largo,UY-CL,2018,34,2018-08-20,2018-08-26,0,13655.557447815512,0.0
Colonia,UY-CO,2018,34,2018-08-20,2018-08-26,0,6112.026851866528,0.0
Durazno,UY-DU,2018,34,2018-08-20,2018-08-26,0,12228.10425056514,0.0
Flores,UY-FS,2018,34,2018-08-20,2018-08-26,2,5140.77049712524,0.3890467394174504
Florida,UY-FD,2018,34,2018-08-20,2018-08-26,0,10405.572253242583,0.0
Lavalleja,UY-LA,2018,34,2018-08-20,2018-08-26,0,10031.272844140674,0.0
Maldonado,UY-MA,2018,34,2018-08-20,2018-08-26,0,4803.260185508939,0.0
Montevideo,UY-MO,2018,34,2018-08-20,2018-08-26,0,527.7536386520376,0.0
Paysandú,UY-PA,2018,34,2018-08-20,2018-08-26,0,14088.526169172621,0.0
Rivera,UY-RV,2018,34,2018-08-20,2018-08-26,0,9329.550532265199,0.0
Rocha,UY-RO,2018,34,2018-08-20,2018-08-26,0,10558.553826772255,0.0
Río Negro,UY-RN,2018,34,2018-08-20,2018-08-26,2,9810.67596839813,0.20385955121159266
Salto,UY-SA,2018,34,2018-08-20,2018-08-26,0,14170.87435119916,0.0
San José,UY-SJ,2018,34,2018-08-20,2018-08-26,2,5002.920653176918,0.39976648414960864
Soriano,UY-SO,2018,34,2018-08-20,2018-08-26,0,9122.538742945157,0.0
Tacuarembó,UY-TA,2018,34,2018-08-20,2018-08-26,0,15973.367767510354,0.0
Treinta y Tres,UY-TT,2018,34,2018-08-20,2018-08-26,0,9285.005878360264,0.0
Artigas,UY-AR,2018,35,2018-08-27,2018-09-02,1,12010.600679730765,0.08325978247595993
Canelones,UY-CA,2018,35,2018-08-27,2018-09-02,2,4520.87871068126,0.4423918729061891
Cerro Largo,UY-CL,2018,35,2018-08-27,2018-09-02,1,13655.557447815512,0.07323025836341603
Colonia,UY-CO,2018,35,2018-08-27,2018-09-02,3,6112.026851866528,0.4908355399459415
Durazno,UY-DU,2018,35,2018-08-27,2018-09-02,0,12228.10425056514,0.0
Flores,UY-FS,2018,35,2018-08-27,2018-09-02,1,5140.77049712524,0.1945233697087252
Florida,UY-FD,2018,35,2018-08-27,2018-09-02,5,10405.572253242583,0.48051177564423725
Lavalleja,UY-LA,2018,35,2018-08-27,2018-09-02,0,10031.272844140674,0.0
Maldonado,UY-MA,2018,35,2018-08-27,2018-09-02,1,4803.260185508939,0.20819192826924554
Montevideo,UY-MO,2018,35,2018-08-27,2018-09-02,0,527.7536386520376,0.0
Paysandú,UY-PA,2018,35,2018-08-27,2018-09-02,5,14088.526169172621,0.3548987268051216
Rivera,UY-RV,2018,35,2018-08-27,2018-09-02,2,9329.550532265199,0.21437259952483514
Rocha,UY-RO,2018,35,2018-08-27,2018-09-02,1,10558.553826772255,0.09470994005489665
Río Negro,UY-RN,2018,35,2018-08-27,2018-09-02,7,9810.67596839813,0.7135084292405742
Salto,UY-SA,2018,35,2018-08-27,2018-09-02,0,14170.87435119916,0.0
San José,UY-SJ,2018,35,2018-08-27,2018-09-02,2,5002.920653176918,0.39976648414960864
Soriano,UY-SO,2018,35,2018-08-27,2018-09-02,4,9122.538742945157,0.4384744326894055
Tacuarembó,UY-TA,2018,35,2018-08-27,2018-09-02,0,15973.367767510354,0.0
Treinta y Tres,UY-TT,2018,35,2018-08-27,2018-09-02,0,9285.005878360264,0.0
Artigas,UY-AR,2018,36,2018-09-03,2018-09-09,3,12010.600679730765,0.2497793474278798
Canelones,UY-CA,2018,36,2018-09-03,2018-09-09,0,4520.87871068126,0.0
Cerro Largo,UY-CL,2018,36,2018-09-03,2018-09-09,2,13655.557447815512,0.14646051672683205
Colonia,UY-CO,2018,36,2018-09-03,2018-09-09,3,6112.026851866528,0.4908355399459415
Durazno,UY-DU,2018,36,2018-09-03,2018-09-09,7,12228.10425056514,0.57245177638034
Flores,UY-FS,2018,36,2018-09-03,2018-09-09,0,5140.77049712524,0.0
Florida,UY-FD,2018,36,2018-09-03,2018-09-09,0,10405.572253242583,0.0
Lavalleja,UY-LA,2018,36,2018-09-03,2018-09-09,3,10031.272844140674,0.29906473950136025
Maldonado,UY-MA,2018,36,2018-09-03,2018-09-09,0,4803.260185508939,0.0
Montevideo,UY-MO,2018,36,2018-09-03,2018-09-09,0,527.7536386520376,0.0
Paysandú,UY-PA,2018,36,2018-09-03,2018-09-09,2,14088.526169172621,0.1419594907220486
Rivera,UY-RV,2018,36,2018-09-03,2018-09-09,1,9329.550532265199,0.10718629976241757
Rocha,UY-RO,2018,36,2018-09-03,2018-09-09,4,10558.553826772255,0.3788397602195866
Río Negro,UY-RN,2018,36,2018-09-03,2018-09-09,1,9810.67596839813,0.10192977560579633
Salto,UY-SA,2018,36,2018-09-03,2018-09-09,0,14170.87435119916,0.0
San José,UY-SJ,2018,36,2018-09-03,2018-09-09,9,5002.920653176918,1.798949178673239
Soriano,UY-SO,2018,36,2018-09-03,2018-09-09,11,9122.538742945157,1.205804689895865
Tacuarembó,UY-TA,2018,36,2018-09-03,2018-09-09,4,15973.367767510354,0.2504168224396582
Treinta y Tres,UY-TT,2018,36,2018-09-03,2018-09-09,0,9285.005878360264,0.0
Artigas,UY-AR,2018,37,2018-09-10,2018-09-16,3,12010.600679730765,0.2497793474278798
Canelones,UY-CA,2018,37,2018-09-10,2018-09-16,0,4520.87871068126,0.0
Cerro Largo,UY-CL,2018,37,2018-09-10,2018-09-16,0,13655.557447815512,0.0
Colonia,UY-CO,2018,37,2018-09-10,2018-09-16,0,6112.026851866528,0.0
Durazno,UY-DU,2018,37,2018-09-10,2018-09-16,0,12228.10425056514,0.0
Flores,UY-FS,2018,37,2018-09-10,2018-09-16,1,5140.77049712524,0.1945233697087252
Florida,UY-FD,2018,37,2018-09-10,2018-09-16,0,10405.572253242583,0.0
Lavalleja,UY-LA,2018,37,2018-09-10,2018-09-16,0,10031.272844140674,0.0
Maldonado,UY-MA,2018,37,2018-09-10,2018-09-16,0,4803.260185508939,0.0
Montevideo,UY-MO,2018,37,2018-09-10,2018-09-16,0,527.7536386520376,0.0
Paysandú,UY-PA,2018,37,2018-09-10,2018-09-16,1,14088.526169172621,0.0709797453610243
Rivera,UY-RV,2018,37,2018-09-10,2018-09-16,1,9329.550532265199,0.10718629976241757
Rocha,UY-RO,2018,37,2018-09-10,2018-09-16,2,10558.553826772255,0.1894198801097933
Río Negro,UY-RN,2018,37,2018-09-10,2018-09-16,3,9810.67596839813,0.30578932681738896
Salto,UY-SA,2018,37,2018-09-10,2018-09-16,0,14170.87435119916,0.0
San José,UY-SJ,2018,37,2018-09-10,2018-09-16,1,5002.920653176918,0.19988324207480432
Soriano,UY-SO,2018,37,2018-09-10,2018-09-16,0,9122.538742945157,0.0
Tacuarembó,UY-TA,2018,37,2018-09-10,2018-09-16,0,15973.367767510354,0.0
Treinta y Tres,UY-TT,2018,37,2018-09-10,2018-09-16,0,9285.005878360264,0.0
Artigas,UY-AR,2018,38,2018-09-17,2018-09-23,3,12010.600679730765,0.2497793474278798
Canelones,UY-CA,2018,38,2018-09-17,2018-09-23,0,4520.87871068126,0.0
Cerro Largo,UY-CL,2018,38,2018-09-17,2018-09-23,1,13655.557447815512,0.07323025836341603
Colonia,UY-CO,2018,38,2018-09-17,2018-09-23,0,6112.026851866528,0.0
Durazno,UY-DU,2018,38,2018-09-17,2018-09-23,0,12228.10425056514,0.0
Flores,UY-FS,2018,38,2018-09-17,2018-09-23,0,5140.77049712524,0.0
Florida,UY-FD,2018,38,2018-09-17,2018-09-23,0,10405.572253242583,0.0
Lavalleja,UY-LA,2018,38,2018-09-17,2018-09-23,0,10031.272844140674,0.0
Maldonado,UY-MA,2018,38,2018-09-17,2018-09-23,2,4803.260185508939,0.4163838565384911
Montevideo,UY-MO,2018,38,2018-09-17,2018-09-23,0,527.7536386520376,0.0
Paysandú,UY-PA,2018,38,2018-09-17,2018-09-23,0,14088.526169172621,0.0
Rivera,UY-RV,2018,38,2018-09-17,2018-09-23,0,9329.550532265199,0.0
Rocha,UY-RO,2018,38,2018-09-17,2018-09-23,0,10558.553826772255,0.0
Río Negro,UY-RN,2018,38,2018-09-17,2018-09-23,0,9810.67596839813,0.0
Salto,UY-SA,2018,38,2018-09-17,2018-09-23,0,14170.87435119916,0.0
San José,UY-SJ,2018,38,2018-09-17,2018-09-23,0,5002.920653176918,0.0
Soriano,UY-SO,2018,38,2018-09-17,2018-09-23,0,9122.538742945157,0.0
Tacuarembó,UY-TA,2018,38,2018-09-17,2018-09-23,0,15973.367767510354,0.0
Treinta y Tres,UY-TT,2018,38,2018-09-17,2018-09-23,3,9285.005878360264,0.32310157250323696
Artigas,UY-AR,2018,39,2018-09-24,2018-09-30,0,12010.600679730765,0.0
Canelones,UY-CA,2018,39,2018-09-24,2018-09-30,0,4520.87871068126,0.0
Cerro Largo,UY-CL,2018,39,2018-09-24,2018-09-30,0,13655.557447815512,0.0
Colonia,UY-CO,2018,39,2018-09-24,2018-09-30,0,6112.026851866528,0.0
Durazno,UY-DU,2018,39,2018-09-24,2018-09-30,0,12228.10425056514,0.0
Flores,UY-FS,2018,39,2018-09-24,2018-09-30,0,5140.77049712524,0.0
Florida,UY-FD,2018,39,2018-09-24,2018-09-30,0,10405.572253242583,0.0
Lavalleja,UY-LA,2018,39,2018-09-24,2018-09-30,0,10031.272844140674,0.0
Maldonado,UY-MA,2018,39,2018-09-24,2018-09-30,0,4803.260185508939,0.0
Montevideo,UY-MO,2018,39,2018-09-24,2018-09-30,0,527.7536386520376,0.0
Paysandú,UY-PA,2018,39,2018-09-24,2018-09-30,0,14088.526169172621,0.0
Rivera,UY-RV,2018,39,2018-09-24,2018-09-30,0,9329.550532265199,0.0
Rocha,UY-RO,2018,39,2018-09-24,2018-09-30,0,10558.553826772255,0.0
Río Negro,UY-RN,2018,39,2018-09-24,2018-09-30,0,9810.67596839813,0.0
Salto,UY-SA,2018,39,2018-09-24,2018-09-30,0,14170.87435119916,0.0
San José,UY-SJ,2018,39,2018-09-24,2018-09-30,1,5002.920653176918,0.19988324207480432
Soriano,UY-SO,2018,39,2018-09-24,2018-09-30,0,9122.538742945157,0.0
Tacuarembó,UY-TA,2018,39,2018-09-24,2018-09-30,0,15973.367767510354,0.0
Treinta y Tres,UY-TT,2018,39,2018-09-24,2018-09-30,0,9285.005878360264,0.0
Artigas,UY-AR,2018,40,2018-10-01,2018-10-07,2,12010.600679730765,0.16651956495191986
Canelones,UY-CA,2018,40,2018-10-01,2018-10-07,3,4520.87871068126,0.6635878093592836
Cerro Largo,UY-CL,2018,40,2018-10-01,2018-10-07,2,13655.557447815512,0.14646051672683205
Colonia,UY-CO,2018,40,2018-10-01,2018-10-07,1,6112.026851866528,0.16361184664864717
Durazno,UY-DU,2018,40,2018-10-01,2018-10-07,2,12228.10425056514,0.16355765039438286
Flores,UY-FS,2018,40,2018-10-01,2018-10-07,1,5140.77049712524,0.1945233697087252
Florida,UY-FD,2018,40,2018-10-01,2018-10-07,3,10405.572253242583,0.2883070653865423
Lavalleja,UY-LA,2018,40,2018-10-01,2018-10-07,1,10031.272844140674,0.09968824650045341
Maldonado,UY-MA,2018,40,2018-10-01,2018-10-07,0,4803.260185508939,0.0
Montevideo,UY-MO,2018,40,2018-10-01,2018-10-07,0,527.7536386520376,0.0
Paysandú,UY-PA,2018,40,2018-10-01,2018-10-07,0,14088.526169172621,0.0
Rivera,UY-RV,2018,40,2018-10-01,2018-10-07,0,9329.550532265199,0.0
Rocha,UY-RO,2018,40,2018-10-01,2018-10-07,0,10558.553826772255,0.0
Río Negro,UY-RN,2018,40,2018-10-01,2018-10-07,2,9810.67596839813,0.20385955121159266
Salto,UY-SA,2018,40,2018-10-01,2018-10-07,0,14170.87435119916,0.0
San José,UY-SJ,2018,40,2018-10-01,2018-10-07,2,5002.920653176918,0.39976648414960864
Soriano,UY-SO,2018,40,2018-10-01,2018-10-07,0,9122.538742945157,0.0
Tacuarembó,UY-TA,2018,40,2018-10-01,2018-10-07,0,15973.367767510354,0.0
Treinta y Tres,UY-TT,2018,40,2018-10-01,2018-10-07,1,9285.005878360264,0.10770052416774566
Artigas,UY-AR,2018,41,2018-10-08,2018-10-14,1,12010.600679730765,0.08325978247595993
Canelones,UY-CA,2018,41,2018-10-08,2018-10-14,2,4520.87871068126,0.4423918729061891
Cerro Largo,UY-CL,2018,41,2018-10-08,2018-10-14,0,13655.557447815512,0.0
Colonia,UY-CO,2018,41,2018-10-08,2018-10-14,2,6112.026851866528,0.32722369329729434
Durazno,UY-DU,2018,41,2018-10-08,2018-10-14,0,12228.10425056514,0.0
Flores,UY-FS,2018,41,2018-10-08,2018-10-14,0,5140.77049712524,0.0
Florida,UY-FD,2018,41,2018-10-08,2018-10-14,0,10405.572253242583,0.0
Lavalleja,UY-LA,2018,41,2018-10-08,2018-10-14,2,10031.272844140674,0.19937649300090682
Maldonado,UY-MA,2018,41,2018-10-08,2018-10-14,0,4803.260185508939,0.0
Montevideo,UY-MO,2018,41,2018-10-08,2018-10-14,0,527.7536386520376,0.0
Paysandú,UY-PA,2018,41,2018-10-08,2018-10-14,2,14088.526169172621,0.1419594907220486
Rivera,UY-RV,2018,41,2018-10-08,2018-10-14,0,9329.550532265199,0.0
Rocha,UY-RO,2018,41,2018-10-08,2018-10-14,2,10558.553826772255,0.1894198801097933
Río Negro,UY-RN,2018,41,2018-10-08,2018-10-14,0,9810.67596839813,0.0
Salto,UY-SA,2018,41,2018-10-08,2018-10-14,0,14170.87435119916,0.0
San José,UY-SJ,2018,41,2018-10-08,2018-10-14,1,5002.920653176918,0.19988324207480432
Soriano,UY-SO,2018,41,2018-10-08,2018-10-14,2,9122.538742945157,0.21923721634470275
Tacuarembó,UY-TA,2018,41,2018-10-08,2018-10-14,0,15973.367767510354,0.0
Treinta y Tres,UY-TT,2018,41,2018-10-08,2018-10-14,1,9285.005878360264,0.10770052416774566
Artigas,UY-AR,2018,42,2018-10-15,2018-10-21,1,12010.600679730765,0.08325978247595993
Canelones,UY-CA,2018,42,2018-10-15,2018-10-21,0,4520.87871068126,0.0
Cerro Largo,UY-CL,2018,42,2018-10-15,2018-10-21,1,13655.557447815512,0.07323025836341603
Colonia,UY-CO,2018,42,2018-10-15,2018-10-21,0,6112.026851866528,0.0
Durazno,UY-DU,2018,42,2018-10-15,2018-10-21,1,12228.10425056514,0.08177882519719143
Flores,UY-FS,2018,42,2018-10-15,2018-10-21,0,5140.77049712524,0.0
Florida,UY-FD,2018,42,2018-10-15,2018-10-21,0,10405.572253242583,0.0
Lavalleja,UY-LA,2018,42,2018-10-15,2018-10-21,0,10031.272844140674,0.0
Maldonado,UY-MA,2018,42,2018-10-15,2018-10-21,0,4803.260185508939,0.0
Montevideo,UY-MO,2018,42,2018-10-15,2018-10-21,0,527.7536386520376,0.0
Paysandú,UY-PA,2018,42,2018-10-15,2018-10-21,1,14088.526169172621,0.0709797453610243
Rivera,UY-RV,2018,42,2018-10-15,2018-10-21,0,9329.550532265199,0.0
Rocha,UY-RO,2018,42,2018-10-15,2018-10-21,1,10558.553826772255,0.09470994005489665
Río Negro,UY-RN,2018,42,2018-10-15,2018-10-21,1,9810.67596839813,0.10192977560579633
Salto,UY-SA,2018,42,2018-10-15,2018-10-21,0,14170.87435119916,0.0
San José,UY-SJ,2018,42,2018-10-15,2018-10-21,0,5002.920653176918,0.0
Soriano,UY-SO,2018,42,2018-10-15,2018-10-21,2,9122.538742945157,0.21923721634470275
Tacuarembó,UY-TA,2018,42,2018-10-15,2018-10-21,3,15973.367767510354,0.18781261682974365
Treinta y Tres,UY-TT,2018,42,2018-10-15,2018-10-21,0,9285.005878360264,0.0
Artigas,UY-AR,2018,43,2018-10-22,2018-10-28,0,12010.600679730765,0.0
Canelones,UY-CA,2018,43,2018-10-22,2018-10-28,0,4520.87871068126,0.0
Cerro Largo,UY-CL,2018,43,2018-10-22,2018-10-28,0,13655.557447815512,0.0
Colonia,UY-CO,2018,43,2018-10-22,2018-10-28,0,6112.026851866528,0.0
Durazno,UY-DU,2018,43,2018-10-22,2018-10-28,0,12228.10425056514,0.0
Flores,UY-FS,2018,43,2018-10-22,2018-10-28,0,5140.77049712524,0.0
Florida,UY-FD,2018,43,2018-10-22,2018-10-28,0,10405.572253242583,0.0
Lavalleja,UY-LA,2018,43,2018-10-22,2018-10-28,1,10031.272844140674,0.09968824650045341
Maldonado,UY-MA,2018,43,2018-10-22,2018-10-28,1,4803.260185508939,0.20819192826924554
Montevideo,UY-MO,2018,43,2018-10-22,2018-10-28,0,527.7536386520376,0.0
Paysandú,UY-PA,2018,43,2018-10-22,2018-10-28,0,14088.526169172621,0.0
Rivera,UY-RV,2018,43,2018-10-22,2018-10-28,0,9329.550532265199,0.0
Rocha,UY-RO,2018,43,2018-10-22,2018-10-28,11,10558.553826772255,1.0418093406038633
Río Negro,UY-RN,2018,43,2018-10-22,2018-10-28,1,9810.67596839813,0.10192977560579633
Salto,UY-SA,2018,43,2018-10-22,2018-10-28,2,14170.87435119916,0.14113455178796058
San José,UY-SJ,2018,43,2018-10-22,2018-10-28,0,5002.920653176918,0.0
Soriano,UY-SO,2018,43,2018-10-22,2018-10-28,0,9122.538742945157,0.0
Tacuarembó,UY-TA,2018,43,2018-10-22,2018-10-28,0,15973.367767510354,0.0
Treinta y Tres,UY-TT,2018,43,2018-10-22,2018-10-28,2,9285.005878360264,0.2154010483354913
Artigas,UY-AR,2018,44,2018-10-29,2018-11-04,0,12010.600679730765,0.0
Canelones,UY-CA,2018,44,2018-10-29,2018-11-04,4,4520.87871068126,0.8847837458123782
Cerro Largo,UY-CL,2018,44,2018-10-29,2018-11-04,2,13655.557447815512,0.14646051672683205
Colonia,UY-CO,2018,44,2018-10-29,2018-11-04,0,6112.026851866528,0.0
Durazno,UY-DU,2018,44,2018-10-29,2018-11-04,2,12228.10425056514,0.16355765039438286
Flores,UY-FS,2018,44,2018-10-29,2018-11-04,1,5140.77049712524,0.1945233697087252
Florida,UY-FD,2018,44,2018-10-29,2018-11-04,3,10405.572253242583,0.2883070653865423
Lavalleja,UY-LA,2018,44,2018-10-29,2018-11-04,2,10031.272844140674,0.19937649300090682
Maldonado,UY-MA,2018,44,2018-10-29,2018-11-04,0,4803.260185508939,0.0
Montevideo,UY-MO,2018,44,2018-10-29,2018-11-04,0,527.7536386520376,0.0
Paysandú,UY-PA,2018,44,2018-10-29,2018-11-04,0,14088.526169172621,0.0
Rivera,UY-RV,2018,44,2018-10-29,2018-11-04,0,9329.550532265199,0.0
Rocha,UY-RO,2018,44,2018-10-29,2018-11-04,3,10558.553826772255,0.28412982016469
Río Negro,UY-RN,2018,44,2018-10-29,2018-11-04,0,9810.67596839813,0.0
Salto,UY-SA,2018,44,2018-10-29,2018-11-04,1,14170.87435119916,0.07056727589398029
San José,UY-SJ,2018,44,2018-10-29,2018-11-04,2,5002.920653176918,0.39976648414960864
Soriano,UY-SO,2018,44,2018-10-29,2018-11-04,4,9122.538742945157,0.4384744326894055
Tacuarembó,UY-TA,2018,44,2018-10-29,2018-11-04,1,15973.367767510354,0.06260420560991455
Treinta y Tres,UY-TT,2018,44,2018-10-29,2018-11-04,3,9285.005878360264,0.32310157250323696
Artigas,UY-AR,2018,45,2018-11-05,2018-11-11,0,12010.600679730765,0.0
Canelones,UY-CA,2018,45,2018-11-05,2018-11-11,0,4520.87871068126,0.0
Cerro Largo,UY-CL,2018,45,2018-11-05,2018-11-11,2,13655.557447815512,0.14646051672683205
Colonia,UY-CO,2018,45,2018-11-05,2018-11-11,0,6112.026851866528,0.0
Durazno,UY-DU,2018,45,2018-11-05,2018-11-11,4,12228.10425056514,0.3271153007887657
Flores,UY-FS,2018,45,2018-11-05,2018-11-11,0,5140.77049712524,0.0
Florida,UY-FD,2018,45,2018-11-05,2018-11-11,0,10405.572253242583,0.0
Lavalleja,UY-LA,2018,45,2018-11-05,2018-11-11,0,10031.272844140674,0.0
Maldonado,UY-MA,2018,45,2018-11-05,2018-11-11,0,4803.260185508939,0.0
Montevideo,UY-MO,2018,45,2018-11-05,2018-11-11,0,527.7536386520376,0.0
Paysandú,UY-PA,2018,45,2018-11-05,2018-11-11,1,14088.526169172621,0.0709797453610243
Rivera,UY-RV,2018,45,2018-11-05,2018-11-11,1,9329.550532265199,0.10718629976241757
Rocha,UY-RO,2018,45,2018-11-05,2018-11-11,0,10558.553826772255,0.0
Río Negro,UY-RN,2018,45,2018-11-05,2018-11-11,0,9810.67596839813,0.0
Salto,UY-SA,2018,45,2018-11-05,2018-11-11,0,14170.87435119916,0.0
San José,UY-SJ,2018,45,2018-11-05,2018-11-11,0,5002.920653176918,0.0
Soriano,UY-SO,2018,45,2018-11-05,2018-11-11,0,9122.538742945157,0.0
Tacuarembó,UY-TA,2018,45,2018-11-05,2018-11-11,0,15973.367767510354,0.0
Treinta y Tres,UY-TT,2018,45,2018-11-05,2018-11-11,0,9285.005878360264,0.0
Artigas,UY-AR,2018,46,2018-11-12,2018-11-18,0,12010.600679730765,0.0
Canelones,UY-CA,2018,46,2018-11-12,2018-11-18,0,4520.87871068126,0.0
Cerro Largo,UY-CL,2018,46,2018-11-12,2018-11-18,0,13655.557447815512,0.0
Colonia,UY-CO,2018,46,2018-11-12,2018-11-18,1,6112.026851866528,0.16361184664864717
Durazno,UY-DU,2018,46,2018-11-12,2018-11-18,1,12228.10425056514,0.08177882519719143
Flores,UY-FS,2018,46,2018-11-12,2018-11-18,0,5140.77049712524,0.0
Florida,UY-FD,2018,46,2018-11-12,2018-11-18,1,10405.572253242583,0.09610235512884745
Lavalleja,UY-LA,2018,46,2018-11-12,2018-11-18,2,10031.272844140674,0.19937649300090682
Maldonado,UY-MA,2018,46,2018-11-12,2018-11-18,2,4803.260185508939,0.4163838565384911
Montevideo,UY-MO,2018,46,2018-11-12,2018-11-18,0,527.7536386520376,0.0
Paysandú,UY-PA,2018,46,2018-11-12,2018-11-18,0,14088.526169172621,0.0
Rivera,UY-RV,2018,46,2018-11-12,2018-11-18,0,9329.550532265199,0.0
Rocha,UY-RO,2018,46,2018-11-12,2018-11-18,4,10558.553826772255,0.3788397602195866
Río Negro,UY-RN,2018,46,2018-11-12,2018-11-18,2,9810.67596839813,0.20385955121159266
Salto,UY-SA,2018,46,2018-11-12,2018-11-18,0,14170.87435119916,0.0
San José,UY-SJ,2018,46,2018-11-12,2018-11-18,3,5002.920653176918,0.5996497262244129
Soriano,UY-SO,2018,46,2018-11-12,2018-11-18,4,9122.538742945157,0.4384744326894055
Tacuarembó,UY-TA,2018,46,2018-11-12,2018-11-18,0,15973.367767510354,0.0
Treinta y Tres,UY-TT,2018,46,2018-11-12,2018-11-18,2,9285.005878360264,0.2154010483354913
Artigas,UY-AR,2018,47,2018-11-19,2018-11-25,1,12010.600679730765,0.08325978247595993
Canelones,UY-CA,2018,47,2018-11-19,2018-11-25,12,4520.87871068126,2.6543512374371345
Cerro Largo,UY-CL,2018,47,2018-11-19,2018-11-25,2,13655.557447815512,0.14646051672683205
Colonia,UY-CO,2018,47,2018-11-19,2018-11-25,3,6112.026851866528,0.4908355399459415
Durazno,UY-DU,2018,47,2018-11-19,2018-11-25,4,12228.10425056514,0.3271153007887657
Flores,UY-FS,2018,47,2018-11-19,2018-11-25,1,5140.77049712524,0.1945233697087252
Florida,UY-FD,2018,47,2018-11-19,2018-11-25,3,10405.572253242583,0.2883070653865423
Lavalleja,UY-LA,2018,47,2018-11-19,2018-11-25,6,10031.272844140674,0.5981294790027205
Maldonado,UY-MA,2018,47,2018-11-19,2018-11-25,4,4803.260185508939,0.8327677130769822
Montevideo,UY-MO,2018,47,2018-11-19,2018-11-25,1,527.7536386520376,1.8948235061991252
Paysandú,UY-PA,2018,47,2018-11-19,2018-11-25,0,14088.526169172621,0.0
Rivera,UY-RV,2018,47,2018-11-19,2018-11-25,0,9329.550532265199,0.0
Rocha,UY-RO,2018,47,2018-11-19,2018-11-25,3,10558.553826772255,0.28412982016469
Río Negro,UY-RN,2018,47,2018-11-19,2018-11-25,1,9810.67596839813,0.10192977560579633
Salto,UY-SA,2018,47,2018-11-19,2018-11-25,0,14170.87435119916,0.0
San José,UY-SJ,2018,47,2018-11-19,2018-11-25,7,5002.920653176918,1.3991826945236303
Soriano,UY-SO,2018,47,2018-11-19,2018-11-25,8,9122.538742945157,0.876948865378811
Tacuarembó,UY-TA,2018,47,2018-11-19,2018-11-25,1,15973.367767510354,0.06260420560991455
Treinta y Tres,UY-TT,2018,47,2018-11-19,2018-11-25,2,9285.005878360264,0.2154010483354913
Artigas,UY-AR,2018,48,2018-11-26,2018-12-02,0,12010.600679730765,0.0
Canelones,UY-CA,2018,48,2018-11-26,2018-12-02,0,4520.87871068126,0.0
Cerro Largo,UY-CL,2018,48,2018-11-26,2018-12-02,0,13655.557447815512,0.0
Colonia,UY-CO,2018,48,2018-11-26,2018-12-02,2,6112.026851866528,0.32722369329729434
Durazno,UY-DU,2018,48,2018-11-26,2018-12-02,0,12228.10425056514,0.0
Flores,UY-FS,2018,48,2018-11-26,2018-12-02,0,5140.77049712524,0.0
Florida,UY-FD,2018,48,2018-11-26,2018-12-02,0,10405.572253242583,0.0
Lavalleja,UY-LA,2018,48,2018-11-26,2018-12-02,0,10031.272844140674,0.0
Maldonado,UY-MA,2018,48,2018-11-26,2018-12-02,0,4803.260185508939,0.0
Montevideo,UY-MO,2018,48,2018-11-26,2018-12-02,0,527.7536386520376,0.0
Paysandú,UY-PA,2018,48,2018-11-26,2018-12-02,1,14088.526169172621,0.0709797453610243
Rivera,UY-RV,2018,48,2018-11-26,2018-12-02,0,9329.550532265199,0.0
Rocha,UY-RO,2018,48,2018-11-26,2018-12-02,0,10558.553826772255,0.0
Río Negro,UY-RN,2018,48,2018-11-26,2018-12-02,0,9810.67596839813,0.0
Salto,UY-SA,2018,48,2018-11-26,2018-12-02,0,14170.87435119916,0.0
San José,UY-SJ,2018,48,2018-11-26,2018-12-02,0,5002.920653176918,0.0
Soriano,UY-SO,2018,48,2018-11-26,2018-12-02,0,9122.538742945157,0.0
Tacuarembó,UY-TA,2018,48,2018-11-26,2018-12-02,0,15973.367767510354,0.0
Treinta y Tres,UY-TT,2018,48,2018-11-26,2018-12-02,0,9285.005878360264,0.0
Artigas,UY-AR,2018,49,2018-12-03,2018-12-09,3,12010.600679730765,0.2497793474278798
Canelones,UY-CA,2018,49,2018-12-03,2018-12-09,2,4520.87871068126,0.4423918729061891
Cerro Largo,UY-CL,2018,49,2018-12-03,2018-12-09,4,13655.557447815512,0.2929210334536641
Colonia,UY-CO,2018,49,2018-12-03,2018-12-09,0,6112.026851866528,0.0
Durazno,UY-DU,2018,49,2018-12-03,2018-12-09,1,12228.10425056514,0.08177882519719143
Flores,UY-FS,2018,49,2018-12-03,2018-12-09,0,5140.77049712524,0.0
Florida,UY-FD,2018,49,2018-12-03,2018-12-09,1,10405.572253242583,0.09610235512884745
Lavalleja,UY-LA,2018,49,2018-12-03,2018-12-09,3,10031.272844140674,0.29906473950136025
Maldonado,UY-MA,2018,49,2018-12-03,2018-12-09,5,4803.260185508939,1.0409596413462279
Montevideo,UY-MO,2018,49,2018-12-03,2018-12-09,0,527.7536386520376,0.0
Paysandú,UY-PA,2018,49,2018-12-03,2018-12-09,0,14088.526169172621,0.0
Rivera,UY-RV,2018,49,2018-12-03,2018-12-09,1,9329.550532265199,0.10718629976241757
Rocha,UY-RO,2018,49,2018-12-03,2018-12-09,2,10558.553826772255,0.1894198801097933
Río Negro,UY-RN,2018,49,2018-12-03,2018-12-09,1,9810.67596839813,0.10192977560579633
Salto,UY-SA,2018,49,2018-12-03,2018-12-09,0,14170.87435119916,0.0
San José,UY-SJ,2018,49,2018-12-03,2018-12-09,0,5002.920653176918,0.0
Soriano,UY-SO,2018,49,2018-12-03,2018-12-09,5,9122.538742945157,0.5480930408617568
Tacuarembó,UY-TA,2018,49,2018-12-03,2018-12-09,2,15973.367767510354,0.1252084112198291
Treinta y Tres,UY-TT,2018,49,2018-12-03,2018-12-09,2,9285.005878360264,0.2154010483354913
Artigas,UY-AR,2018,50,2018-12-10,2018-12-16,0,12010.600679730765,0.0
Canelones,UY-CA,2018,50,2018-12-10,2018-12-16,0,4520.87871068126,0.0
Cerro Largo,UY-CL,2018,50,2018-12-10,2018-12-16,0,13655.557447815512,0.0
Colonia,UY-CO,2018,50,2018-12-10,2018-12-16,0,6112.026851866528,0.0
Durazno,UY-DU,2018,50,2018-12-10,2018-12-16,0,12228.10425056514,0.0
Flores,UY-FS,2018,50,2018-12-10,2018-12-16,0,5140.77049712524,0.0
Florida,UY-FD,2018,50,2018-12-10,2018-12-16,0,10405.572253242583,0.0
Lavalleja,UY-LA,2018,50,2018-12-10,2018-12-16,1,10031.272844140674,0.09968824650045341
Maldonado,UY-MA,2018,50,2018-12-10,2018-12-16,4,4803.260185508939,0.8327677130769822
Montevideo,UY-MO,2018,50,2018-12-10,2018-12-16,0,527.7536386520376,0.0
Paysandú,UY-PA,2018,50,2018-12-10,2018-12-16,0,14088.526169172621,0.0
Rivera,UY-RV,2018,50,2018-12-10,2018-12-16,0,9329.550532265199,0.0
Rocha,UY-RO,2018,50,2018-12-10,2018-12-16,0,10558.553826772255,0.0
Río Negro,UY-RN,2018,50,2018-12-10,2018-12-16,0,9810.67596839813,0.0
Salto,UY-SA,2018,50,2018-12-10,2018-12-16,0,14170.87435119916,0.0
San José,UY-SJ,2018,50,2018-12-10,2018-12-16,2,5002.920653176918,0.39976648414960864
Soriano,UY-SO,2018,50,2018-12-10,2018-12-16,0,9122.538742945157,0.0
Tacuarembó,UY-TA,2018,50,2018-12-10,2018-12-16,1,15973.367767510354,0.06260420560991455
Treinta y Tres,UY-TT,2018,50,2018-12-10,2018-12-16,2,9285.005878360264,0.2154010483354913
Artigas,UY-AR,2018,51,2018-12-17,2018-12-23,1,12010.600679730765,0.08325978247595993
Canelones,UY-CA,2018,51,2018-12-17,2018-12-23,5,4520.87871068126,1.1059796822654728
Cerro Largo,UY-CL,2018,51,2018-12-17,2018-12-23,1,13655.557447815512,0.07323025836341603
Colonia,UY-CO,2018,51,2018-12-17,2018-12-23,0,6112.026851866528,0.0
Durazno,UY-DU,2018,51,2018-12-17,2018-12-23,0,12228.10425056514,0.0
Flores,UY-FS,2018,51,2018-12-17,2018-12-23,0,5140.77049712524,0.0
Florida,UY-FD,2018,51,2018-12-17,2018-12-23,0,10405.572253242583,0.0
Lavalleja,UY-LA,2018,51,2018-12-17,2018-12-23,3,10031.272844140674,0.29906473950136025
Maldonado,UY-MA,2018,51,2018-12-17,2018-12-23,1,4803.260185508939,0.20819192826924554
Montevideo,UY-MO,2018,51,2018-12-17,2018-12-23,0,527.7536386520376,0.0
Paysandú,UY-PA,2018,51,2018-12-17,2018-12-23,0,14088.526169172621,0.0
Rivera,UY-RV,2018,51,2018-12-17,2018-12-23,0,9329.550532265199,0.0
Rocha,UY-RO,2018,51,2018-12-17,2018-12-23,0,10558.553826772255,0.0
Río Negro,UY-RN,2018,51,2018-12-17,2018-12-23,0,9810.67596839813,0.0
Salto,UY-SA,2018,51,2018-12-17,2018-12-23,1,14170.87435119916,0.07056727589398029
San José,UY-SJ,2018,51,2018-12-17,2018-12-23,0,5002.920653176918,0.0
Soriano,UY-SO,2018,51,2018-12-17,2018-12-23,4,9122.538742945157,0.4384744326894055
Tacuarembó,UY-TA,2018,51,2018-12-17,2018-12-23,1,15973.367767510354,0.06260420560991455
Treinta y Tres,UY-TT,2018,51,2018-12-17,2018-12-23,0,9285.005878360264,0.0
Artigas,UY-AR,2018,52,2018-12-24,2018-12-30,0,12010.600679730765,0.0
Canelones,UY-CA,2018,52,2018-12-24,2018-12-30,4,4520.87871068126,0.8847837458123782
Cerro Largo,UY-CL,2018,52,2018-12-24,2018-12-30,2,13655.557447815512,0.14646051672683205
Colonia,UY-CO,2018,52,2018-12-24,2018-12-30,0,6112.026851866528,0.0
Durazno,UY-DU,2018,52,2018-12-24,2018-12-30,0,12228.10425056514,0.0
Flores,UY-FS,2018,52,2018-12-24,2018-12-30,0,5140.77049712524,0.0
Florida,UY-FD,2018,52,2018-12-24,2018-12-30,0,10405.572253242583,0.0
Lavalleja,UY-LA,2018,52,2018-12-24,2018-12-30,4,10031.272844140674,0.39875298600181364
Maldonado,UY-MA,2018,52,2018-12-24,2018-12-30,3,4803.260185508939,0.6245757848077367
Montevideo,UY-MO,2018,52,2018-12-24,2018-12-30,1,527.7536386520376,1.8948235061991252
Paysandú,UY-PA,2018,52,2018-12-24,2018-12-30,2,14088.526169172621,0.1419594907220486
Rivera,UY-RV,2018,52,2018-12-24,2018-12-30,0,9329.550532265199,0.0
Rocha,UY-RO,2018,52,2018-12-24,2018-12-30,3,10558.553826772255,0.28412982016469
Río Negro,UY-RN,2018,52,2018-12-24,2018-12-30,1,9810.67596839813,0.10192977560579633
Salto,UY-SA,2018,52,2018-12-24,2018-12-30,1,14170.87435119916,0.07056727589398029
San José,UY-SJ,2018,52,2018-12-24,2018-12-30,1,5002.920653176918,0.19988324207480432
Soriano,UY-SO,2018,52,2018-12-24,2018-12-30,1,9122.538742945157,0.10961860817235138
Tacuarembó,UY-TA,2018,52,2018-12-24,2018-12-30,1,15973.367767510354,0.06260420560991455
Treinta y Tres,UY-TT,2018,52,2018-12-24,2018-12-30,3,9285.005878360264,0.32310157250323696
Artigas,UY-AR,2018,53,2018-12-31,2019-01-06,1,12010.600679730765,0.08325978247595993
Canelones,UY-CA,2018,53,2018-12-31,2019-01-06,8,4520.87871068126,1.7695674916247564
Cerro Largo,UY-CL,2018,53,2018-12-31,2019-01-06,2,13655.557447815512,0.14646051672683205
Colonia,UY-CO,2018,53,2018-12-31,2019-01-06,3,6112.026851866528,0.4908355399459415
Durazno,UY-DU,2018,53,2018-12-31,2019-01-06,3,12228.10425056514,0.2453364755915743
Flores,UY-FS,2018,53,2018-12-31,2019-01-06,2,5140.77049712524,0.3890467394174504
Florida,UY-FD,2018,53,2018-12-31,2019-01-06,3,10405.572253242583,0.2883070653865423
Lavalleja,UY-LA,2018,53,2018-12-31,2019-01-06,2,10031.272844140674,0.19937649300090682
Maldonado,UY-MA,2018,53,2018-12-31,2019-01-06,2,4803.260185508939,0.4163838565384911
Montevideo,UY-MO,2018,53,2018-12-31,2019-01-06,0,527.7536386520376,0.0
Paysandú,UY-PA,2018,53,2018-12-31,2019-01-06,0,14088.526169172621,0.0
Rivera,UY-RV,2018,53,2018-12-31,2019-01-06,0,9329.550532265199,0.0
Rocha,UY-RO,2018,53,2018-12-31,2019-01-06,4,10558.553826772255,0.3788397602195866
Río Negro,UY-RN,2018,53,2018-12-31,2019-01-06,0,9810.67596839813,0.0
Salto,UY-SA,2018,53,2018-12-31,2019-01-06,0,14170.87435119916,0.0
San José,UY-SJ,2018,53,2018-12-31,2019-01-06,3,5002.920653176918,0.5996497262244129
Soriano,UY-SO,2018,53,2018-12-31,2019-01-06,1,9122.538742945157,0.10961860817235138
Tacuarembó,UY-TA,2018,53,2018-12-31,2019-01-06,1,15973.367767510354,0.06260420560991455
Treinta y Tres,UY-TT,2018,53,2018-12-31,2019-01-06,0,9285.005878360264,0.0
Artigas,UY-AR,2019,1,2019-01-07,2019-01-13,0,12010.600679730765,0.0
Canelones,UY-CA,2019,1,2019-01-07,2019-01-13,0,4520.87871068126,0.0
Cerro Largo,UY-CL,2019,1,2019-01-07,2019-01-13,2,13655.557447815512,0.14646051672683205
Colonia,UY-CO,2019,1,2019-01-07,2019-01-13,0,6112.026851866528,0.0
Durazno,UY-DU,2019,1,2019-01-07,2019-01-13,0,12228.10425056514,0.0
Flores,UY-FS,2019,1,2019-01-07,2019-01-13,0,5140.77049712524,0.0
Florida,UY-FD,2019,1,2019-01-07,2019-01-13,0,10405.572253242583,0.0
Lavalleja,UY-LA,2019,1,2019-01-07,2019-01-13,1,10031.272844140674,0.09968824650045341
Maldonado,UY-MA,2019,1,2019-01-07,2019-01-13,1,4803.260185508939,0.20819192826924554
Montevideo,UY-MO,2019,1,2019-01-07,2019-01-13,0,527.7536386520376,0.0
Paysandú,UY-PA,2019,1,2019-01-07,2019-01-13,0,14088.526169172621,0.0
Rivera,UY-RV,2019,1,2019-01-07,2019-01-13,0,9329.550532265199,0.0
Rocha,UY-RO,2019,1,2019-01-07,2019-01-13,1,10558.553826772255,0.09470994005489665
Río Negro,UY-RN,2019,1,2019-01-07,2019-01-13,0,9810.67596839813,0.0
Salto,UY-SA,2019,1,2019-01-07,2019-01-13,0,14170.87435119916,0.0
San José,UY-SJ,2019,1,2019-01-07,2019-01-13,0,5002.920653176918,0.0
Soriano,UY-SO,2019,1,2019-01-07,2019-01-13,1,9122.538742945157,0.10961860817235138
Tacuarembó,UY-TA,2019,1,2019-01-07,2019-01-13,0,15973.367767510354,0.0
Treinta y Tres,UY-TT,2019,1,2019-01-07,2019-01-13,1,9285.005878360264,0.10770052416774566
Artigas,UY-AR,2019,2,2019-01-14,2019-01-20,0,12010.600679730765,0.0
Canelones,UY-CA,2019,2,2019-01-14,2019-01-20,1,4520.87871068126,0.22119593645309454
Cerro Largo,UY-CL,2019,2,2019-01-14,2019-01-20,0,13655.557447815512,0.0
Colonia,UY-CO,2019,2,2019-01-14,2019-01-20,0,6112.026851866528,0.0
Durazno,UY-DU,2019,2,2019-01-14,2019-01-20,0,12228.10425056514,0.0
Flores,UY-FS,2019,2,2019-01-14,2019-01-20,0,5140.77049712524,0.0
Florida,UY-FD,2019,2,2019-01-14,2019-01-20,0,10405.572253242583,0.0
Lavalleja,UY-LA,2019,2,2019-01-14,2019-01-20,0,10031.272844140674,0.0
Maldonado,UY-MA,2019,2,2019-01-14,2019-01-20,0,4803.260185508939,0.0
Montevideo,UY-MO,2019,2,2019-01-14,2019-01-20,0,527.7536386520376,0.0
Paysandú,UY-PA,2019,2,2019-01-14,2019-01-20,1,14088.526169172621,0.0709797453610243
Rivera,UY-RV,2019,2,2019-01-14,2019-01-20,0,9329.550532265199,0.0
Rocha,UY-RO,2019,2,2019-01-14,2019-01-20,0,10558.553826772255,0.0
Río Negro,UY-RN,2019,2,2019-01-14,2019-01-20,0,9810.67596839813,0.0
Salto,UY-SA,2019,2,2019-01-14,2019-01-20,0,14170.87435119916,0.0
San José,UY-SJ,2019,2,2019-01-14,2019-01-20,2,5002.920653176918,0.39976648414960864
Soriano,UY-SO,2019,2,2019-01-14,2019-01-20,0,9122.538742945157,0.0
Tacuarembó,UY-TA,2019,2,2019-01-14,2019-01-20,0,15973.367767510354,0.0
Treinta y Tres,UY-TT,2019,2,2019-01-14,2019-01-20,0,9285.005878360264,0.0
Artigas,UY-AR,2019,3,2019-01-21,2019-01-27,2,12010.600679730765,0.16651956495191986
Canelones,UY-CA,2019,3,2019-01-21,2019-01-27,2,4520.87871068126,0.4423918729061891
Cerro Largo,UY-CL,2019,3,2019-01-21,2019-01-27,1,13655.557447815512,0.07323025836341603
Colonia,UY-CO,2019,3,2019-01-21,2019-01-27,0,6112.026851866528,0.0
Durazno,UY-DU,2019,3,2019-01-21,2019-01-27,1,12228.10425056514,0.08177882519719143
Flores,UY-FS,2019,3,2019-01-21,2019-01-27,0,5140.77049712524,0.0
Florida,UY-FD,2019,3,2019-01-21,2019-01-27,0,10405.572253242583,0.0
Lavalleja,UY-LA,2019,3,2019-01-21,2019-01-27,1,10031.272844140674,0.09968824650045341
Maldonado,UY-MA,2019,3,2019-01-21,2019-01-27,0,4803.260185508939,0.0
Montevideo,UY-MO,2019,3,2019-01-21,2019-01-27,0,527.7536386520376,0.0
Paysandú,UY-PA,2019,3,2019-01-21,2019-01-27,0,14088.526169172621,0.0
Rivera,UY-RV,2019,3,2019-01-21,2019-01-27,0,9329.550532265199,0.0
Rocha,UY-RO,2019,3,2019-01-21,2019-01-27,0,10558.553826772255,0.0
Río Negro,UY-RN,2019,3,2019-01-21,2019-01-27,0,9810.67596839813,0.0
Salto,UY-SA,2019,3,2019-01-21,2019-01-27,0,14170.87435119916,0.0
San José,UY-SJ,2019,3,2019-01-21,2019-01-27,0,5002.920653176918,0.0
Soriano,UY-SO,2019,3,2019-01-21,2019-01-27,1,9122.538742945157,0.10961860817235138
Tacuarembó,UY-TA,2019,3,2019-01-21,2019-01-27,2,15973.367767510354,0.1252084112198291
Treinta y Tres,UY-TT,2019,3,2019-01-21,2019-01-27,2,9285.005878360264,0.2154010483354913
Artigas,UY-AR,2019,4,2019-01-28,2019-02-03,0,12010.600679730765,0.0
Canelones,UY-CA,2019,4,2019-01-28,2019-02-03,0,4520.87871068126,0.0
Cerro Largo,UY-CL,2019,4,2019-01-28,2019-02-03,0,13655.557447815512,0.0
Colonia,UY-CO,2019,4,2019-01-28,2019-02-03,0,6112.026851866528,0.0
Durazno,UY-DU,2019,4,2019-01-28,2019-02-03,1,12228.10425056514,0.08177882519719143
Flores,UY-FS,2019,4,2019-01-28,2019-02-03,0,5140.77049712524,0.0
Florida,UY-FD,2019,4,2019-01-28,2019-02-03,0,10405.572253242583,0.0
Lavalleja,UY-LA,2019,4,2019-01-28,2019-02-03,0,10031.272844140674,0.0
Maldonado,UY-MA,2019,4,2019-01-28,2019-02-03,0,4803.260185508939,0.0
Montevideo,UY-MO,2019,4,2019-01-28,2019-02-03,0,527.7536386520376,0.0
Paysandú,UY-PA,2019,4,2019-01-28,2019-02-03,0,14088.526169172621,0.0
Rivera,UY-RV,2019,4,2019-01-28,2019-02-03,1,9329.550532265199,0.10718629976241757
Rocha,UY-RO,2019,4,2019-01-28,2019-02-03,0,10558.553826772255,0.0
Río Negro,UY-RN,2019,4,2019-01-28,2019-02-03,0,9810.67596839813,0.0
Salto,UY-SA,2019,4,2019-01-28,2019-02-03,0,14170.87435119916,0.0
San José,UY-SJ,2019,4,2019-01-28,2019-02-03,0,5002.920653176918,0.0
Soriano,UY-SO,2019,4,2019-01-28,2019-02-03,1,9122.538742945157,0.10961860817235138
Tacuarembó,UY-TA,2019,4,2019-01-28,2019-02-03,1,15973.367767510354,0.06260420560991455
Treinta y Tres,UY-TT,2019,4,2019-01-28,2019-02-03,0,9285.005878360264,0.0
Artigas,UY-AR,2019,5,2019-02-04,2019-02-10,1,12010.600679730765,0.08325978247595993
Canelones,UY-CA,2019,5,2019-02-04,2019-02-10,3,4520.87871068126,0.6635878093592836
Cerro Largo,UY-CL,2019,5,2019-02-04,2019-02-10,1,13655.557447815512,0.07323025836341603
Colonia,UY-CO,2019,5,2019-02-04,2019-02-10,1,6112.026851866528,0.16361184664864717
Durazno,UY-DU,2019,5,2019-02-04,2019-02-10,2,12228.10425056514,0.16355765039438286
Flores,UY-FS,2019,5,2019-02-04,2019-02-10,0,5140.77049712524,0.0
Florida,UY-FD,2019,5,2019-02-04,2019-02-10,0,10405.572253242583,0.0
Lavalleja,UY-LA,2019,5,2019-02-04,2019-02-10,2,10031.272844140674,0.19937649300090682
Maldonado,UY-MA,2019,5,2019-02-04,2019-02-10,2,4803.260185508939,0.4163838565384911
Montevideo,UY-MO,2019,5,2019-02-04,2019-02-10,0,527.7536386520376,0.0
Paysandú,UY-PA,2019,5,2019-02-04,2019-02-10,0,14088.526169172621,0.0
Rivera,UY-RV,2019,5,2019-02-04,2019-02-10,0,9329.550532265199,0.0
Rocha,UY-RO,2019,5,2019-02-04,2019-02-10,1,10558.553826772255,0.09470994005489665
Río Negro,UY-RN,2019,5,2019-02-04,2019-02-10,0,9810.67596839813,0.0
Salto,UY-SA,2019,5,2019-02-04,2019-02-10,0,14170.87435119916,0.0
San José,UY-SJ,2019,5,2019-02-04,2019-02-10,0,5002.920653176918,0.0
Soriano,UY-SO,2019,5,2019-02-04,2019-02-10,1,9122.538742945157,0.10961860817235138
Tacuarembó,UY-TA,2019,5,2019-02-04,2019-02-10,2,15973.367767510354,0.1252084112198291
Treinta y Tres,UY-TT,2019,5,2019-02-04,2019-02-10,1,9285.005878360264,0.10770052416774566
Artigas,UY-AR,2019,6,2019-02-11,2019-02-17,0,12010.600679730765,0.0
Canelones,UY-CA,2019,6,2019-02-11,2019-02-17,2,4520.87871068126,0.4423918729061891
Cerro Largo,UY-CL,2019,6,2019-02-11,2019-02-17,0,13655.557447815512,0.0
Colonia,UY-CO,2019,6,2019-02-11,2019-02-17,0,6112.026851866528,0.0
Durazno,UY-DU,2019,6,2019-02-11,2019-02-17,1,12228.10425056514,0.08177882519719143
Flores,UY-FS,2019,6,2019-02-11,2019-02-17,1,5140.77049712524,0.1945233697087252
Florida,UY-FD,2019,6,2019-02-11,2019-02-17,1,10405.572253242583,0.09610235512884745
Lavalleja,UY-LA,2019,6,2019-02-11,2019-02-17,1,10031.272844140674,0.09968824650045341
Maldonado,UY-MA,2019,6,2019-02-11,2019-02-17,2,4803.260185508939,0.4163838565384911
Montevideo,UY-MO,2019,6,2019-02-11,2019-02-17,0,527.7536386520376,0.0
Paysandú,UY-PA,2019,6,2019-02-11,2019-02-17,0,14088.526169172621,0.0
Rivera,UY-RV,2019,6,2019-02-11,2019-02-17,0,9329.550532265199,0.0
Rocha,UY-RO,2019,6,2019-02-11,2019-02-17,4,10558.553826772255,0.3788397602195866
Río Negro,UY-RN,2019,6,2019-02-11,2019-02-17,0,9810.67596839813,0.0
Salto,UY-SA,2019,6,2019-02-11,2019-02-17,0,14170.87435119916,0.0
San José,UY-SJ,2019,6,2019-02-11,2019-02-17,2,5002.920653176918,0.39976648414960864
Soriano,UY-SO,2019,6,2019-02-11,2019-02-17,1,9122.538742945157,0.10961860817235138
Tacuarembó,UY-TA,2019,6,2019-02-11,2019-02-17,0,15973.367767510354,0.0
Treinta y Tres,UY-TT,2019,6,2019-02-11,2019-02-17,0,9285.005878360264,0.0
Artigas,UY-AR,2019,7,2019-02-18,2019-02-24,3,12010.600679730765,0.2497793474278798
Canelones,UY-CA,2019,7,2019-02-18,2019-02-24,0,4520.87871068126,0.0
Cerro Largo,UY-CL,2019,7,2019-02-18,2019-02-24,3,13655.557447815512,0.2196907750902481
Colonia,UY-CO,2019,7,2019-02-18,2019-02-24,0,6112.026851866528,0.0
Durazno,UY-DU,2019,7,2019-02-18,2019-02-24,0,12228.10425056514,0.0
Flores,UY-FS,2019,7,2019-02-18,2019-02-24,0,5140.77049712524,0.0
Florida,UY-FD,2019,7,2019-02-18,2019-02-24,0,10405.572253242583,0.0
Lavalleja,UY-LA,2019,7,2019-02-18,2019-02-24,0,10031.272844140674,0.0
Maldonado,UY-MA,2019,7,2019-02-18,2019-02-24,0,4803.260185508939,0.0
Montevideo,UY-MO,2019,7,2019-02-18,2019-02-24,0,527.7536386520376,0.0
Paysandú,UY-PA,2019,7,2019-02-18,2019-02-24,0,14088.526169172621,0.0
Rivera,UY-RV,2019,7,2019-02-18,2019-02-24,0,9329.550532265199,0.0
Rocha,UY-RO,2019,7,2019-02-18,2019-02-24,0,10558.553826772255,0.0
Río Negro,UY-RN,2019,7,2019-02-18,2019-02-24,0,9810.67596839813,0.0
Salto,UY-SA,2019,7,2019-02-18,2019-02-24,0,14170.87435119916,0.0
San José,UY-SJ,2019,7,2019-02-18,2019-02-24,0,5002.920653176918,0.0
Soriano,UY-SO,2019,7,2019-02-18,2019-02-24,0,9122.538742945157,0.0
Tacuarembó,UY-TA,2019,7,2019-02-18,2019-02-24,0,15973.367767510354,0.0
Treinta y Tres,UY-TT,2019,7,2019-02-18,2019-02-24,0,9285.005878360264,0.0
Artigas,UY-AR,2019,8,2019-02-25,2019-03-03,2,12010.600679730765,0.16651956495191986
Canelones,UY-CA,2019,8,2019-02-25,2019-03-03,2,4520.87871068126,0.4423918729061891
Cerro Largo,UY-CL,2019,8,2019-02-25,2019-03-03,0,13655.557447815512,0.0
Colonia,UY-CO,2019,8,2019-02-25,2019-03-03,0,6112.026851866528,0.0
Durazno,UY-DU,2019,8,2019-02-25,2019-03-03,0,12228.10425056514,0.0
Flores,UY-FS,2019,8,2019-02-25,2019-03-03,0,5140.77049712524,0.0
Florida,UY-FD,2019,8,2019-02-25,2019-03-03,0,10405.572253242583,0.0
Lavalleja,UY-LA,2019,8,2019-02-25,2019-03-03,0,10031.272844140674,0.0
Maldonado,UY-MA,2019,8,2019-02-25,2019-03-03,0,4803.260185508939,0.0
Montevideo,UY-MO,2019,8,2019-02-25,2019-03-03,0,527.7536386520376,0.0
Paysandú,UY-PA,2019,8,2019-02-25,2019-03-03,0,14088.526169172621,0.0
Rivera,UY-RV,2019,8,2019-02-25,2019-03-03,0,9329.550532265199,0.0
Rocha,UY-RO,2019,8,2019-02-25,2019-03-03,0,10558.553826772255,0.0
Río Negro,UY-RN,2019,8,2019-02-25,2019-03-03,1,9810.67596839813,0.10192977560579633
Salto,UY-SA,2019,8,2019-02-25,2019-03-03,0,14170.87435119916,0.0
San José,UY-SJ,2019,8,2019-02-25,2019-03-03,2,5002.920653176918,0.39976648414960864
Soriano,UY-SO,2019,8,2019-02-25,2019-03-03,0,9122.538742945157,0.0
Tacuarembó,UY-TA,2019,8,2019-02-25,2019-03-03,1,15973.367767510354,0.06260420560991455
Treinta y Tres,UY-TT,2019,8,2019-02-25,2019-03-03,0,9285.005878360264,0.0
Artigas,UY-AR,2019,9,2019-03-04,2019-03-10,0,12010.600679730765,0.0
Canelones,UY-CA,2019,9,2019-03-04,2019-03-10,0,4520.87871068126,0.0
Cerro Largo,UY-CL,2019,9,2019-03-04,2019-03-10,3,13655.557447815512,0.2196907750902481
Colonia,UY-CO,2019,9,2019-03-04,2019-03-10,0,6112.026851866528,0.0
Durazno,UY-DU,2019,9,2019-03-04,2019-03-10,0,12228.10425056514,0.0
Flores,UY-FS,2019,9,2019-03-04,2019-03-10,0,5140.77049712524,0.0
Florida,UY-FD,2019,9,2019-03-04,2019-03-10,0,10405.572253242583,0.0
Lavalleja,UY-LA,2019,9,2019-03-04,2019-03-10,1,10031.272844140674,0.09968824650045341
Maldonado,UY-MA,2019,9,2019-03-04,2019-03-10,0,4803.260185508939,0.0
Montevideo,UY-MO,2019,9,2019-03-04,2019-03-10,0,527.7536386520376,0.0
Paysandú,UY-PA,2019,9,2019-03-04,2019-03-10,0,14088.526169172621,0.0
Rivera,UY-RV,2019,9,2019-03-04,2019-03-10,1,9329.550532265199,0.10718629976241757
Rocha,UY-RO,2019,9,2019-03-04,2019-03-10,0,10558.553826772255,0.0
Río Negro,UY-RN,2019,9,2019-03-04,2019-03-10,0,9810.67596839813,0.0
Salto,UY-SA,2019,9,2019-03-04,2019-03-10,1,14170.87435119916,0.07056727589398029
San José,UY-SJ,2019,9,2019-03-04,2019-03-10,0,5002.920653176918,0.0
Soriano,UY-SO,2019,9,2019-03-04,2019-03-10,0,9122.538742945157,0.0
Tacuarembó,UY-TA,2019,9,2019-03-04,2019-03-10,0,15973.367767510354,0.0
Treinta y Tres,UY-TT,2019,9,2019-03-04,2019-03-10,0,9285.005878360264,0.0
Artigas,UY-AR,2019,10,2019-03-11,2019-03-17,0,12010.600679730765,0.0
Canelones,UY-CA,2019,10,2019-03-11,2019-03-17,0,4520.87871068126,0.0
Cerro Largo,UY-CL,2019,10,2019-03-11,2019-03-17,0,13655.557447815512,0.0
Colonia,UY-CO,2019,10,2019-03-11,2019-03-17,0,6112.026851866528,0.0
Durazno,UY-DU,2019,10,2019-03-11,2019-03-17,0,12228.10425056514,0.0
Flores,UY-FS,2019,10,2019-03-11,2019-03-17,0,5140.77049712524,0.0
Florida,UY-FD,2019,10,2019-03-11,2019-03-17,0,10405.572253242583,0.0
Lavalleja,UY-LA,2019,10,2019-03-11,2019-03-17,0,10031.272844140674,0.0
Maldonado,UY-MA,2019,10,2019-03-11,2019-03-17,0,4803.260185508939,0.0
Montevideo,UY-MO,2019,10,2019-03-11,2019-03-17,0,527.7536386520376,0.0
Paysandú,UY-PA,2019,10,2019-03-11,2019-03-17,0,14088.526169172621,0.0
Rivera,UY-RV,2019,10,2019-03-11,2019-03-17,1,9329.550532265199,0.10718629976241757
Rocha,UY-RO,2019,10,2019-03-11,2019-03-17,1,10558.553826772255,0.09470994005489665
Río Negro,UY-RN,2019,10,2019-03-11,2019-03-17,0,9810.67596839813,0.0
Salto,UY-SA,2019,10,2019-03-11,2019-03-17,0,14170.87435119916,0.0
San José,UY-SJ,2019,10,2019-03-11,2019-03-17,0,5002.920653176918,0.0
Soriano,UY-SO,2019,10,2019-03-11,2019-03-17,0,9122.538742945157,0.0
Tacuarembó,UY-TA,2019,10,2019-03-11,2019-03-17,0,15973.367767510354,0.0
Treinta y Tres,UY-TT,2019,10,2019-03-11,2019-03-17,0,9285.005878360264,0.0
Artigas,UY-AR,2019,11,2019-03-18,2019-03-24,0,12010.600679730765,0.0
Canelones,UY-CA,2019,11,2019-03-18,2019-03-24,1,4520.87871068126,0.22119593645309454
Cerro Largo,UY-CL,2019,11,2019-03-18,2019-03-24,0,13655.557447815512,0.0
Colonia,UY-CO,2019,11,2019-03-18,2019-03-24,0,6112.026851866528,0.0
Durazno,UY-DU,2019,11,2019-03-18,2019-03-24,0,12228.10425056514,0.0
Flores,UY-FS,2019,11,2019-03-18,2019-03-24,0,5140.77049712524,0.0
Florida,UY-FD,2019,11,2019-03-18,2019-03-24,0,10405.572253242583,0.0
Lavalleja,UY-LA,2019,11,2019-03-18,2019-03-24,0,10031.272844140674,0.0
Maldonado,UY-MA,2019,11,2019-03-18,2019-03-24,0,4803.260185508939,0.0
Montevideo,UY-MO,2019,11,2019-03-18,2019-03-24,0,527.7536386520376,0.0
Paysandú,UY-PA,2019,11,2019-03-18,2019-03-24,0,14088.526169172621,0.0
Rivera,UY-RV,2019,11,2019-03-18,2019-03-24,6,9329.550532265199,0.6431177985745055
Rocha,UY-RO,2019,11,2019-03-18,2019-03-24,1,10558.553826772255,0.09470994005489665
Río Negro,UY-RN,2019,11,2019-03-18,2019-03-24,0,9810.67596839813,0.0
Salto,UY-SA,2019,11,2019-03-18,2019-03-24,0,14170.87435119916,0.0
San José,UY-SJ,2019,11,2019-03-18,2019-03-24,0,5002.920653176918,0.0
Soriano,UY-SO,2019,11,2019-03-18,2019-03-24,0,9122.538742945157,0.0
Tacuarembó,UY-TA,2019,11,2019-03-18,2019-03-24,2,15973.367767510354,0.1252084112198291
Treinta y Tres,UY-TT,2019,11,2019-03-18,2019-03-24,0,9285.005878360264,0.0
Artigas,UY-AR,2019,12,2019-03-25,2019-03-31,2,12010.600679730765,0.16651956495191986
Canelones,UY-CA,2019,12,2019-03-25,2019-03-31,1,4520.87871068126,0.22119593645309454
Cerro Largo,UY-CL,2019,12,2019-03-25,2019-03-31,1,13655.557447815512,0.07323025836341603
Colonia,UY-CO,2019,12,2019-03-25,2019-03-31,1,6112.026851866528,0.16361184664864717
Durazno,UY-DU,2019,12,2019-03-25,2019-03-31,0,12228.10425056514,0.0
Flores,UY-FS,2019,12,2019-03-25,2019-03-31,0,5140.77049712524,0.0
Florida,UY-FD,2019,12,2019-03-25,2019-03-31,0,10405.572253242583,0.0
Lavalleja,UY-LA,2019,12,2019-03-25,2019-03-31,1,10031.272844140674,0.09968824650045341
Maldonado,UY-MA,2019,12,2019-03-25,2019-03-31,0,4803.260185508939,0.0
Montevideo,UY-MO,2019,12,2019-03-25,2019-03-31,1,527.7536386520376,1.8948235061991252
Paysandú,UY-PA,2019,12,2019-03-25,2019-03-31,0,14088.526169172621,0.0
Rivera,UY-RV,2019,12,2019-03-25,2019-03-31,1,9329.550532265199,0.10718629976241757
Rocha,UY-RO,2019,12,2019-03-25,2019-03-31,0,10558.553826772255,0.0
Río Negro,UY-RN,2019,12,2019-03-25,2019-03-31,0,9810.67596839813,0.0
Salto,UY-SA,2019,12,2019-03-25,2019-03-31,0,14170.87435119916,0.0
San José,UY-SJ,2019,12,2019-03-25,2019-03-31,0,5002.920653176918,0.0
Soriano,UY-SO,2019,12,2019-03-25,2019-03-31,0,9122.538742945157,0.0
Tacuarembó,UY-TA,2019,12,2019-03-25,2019-03-31,3,15973.367767510354,0.18781261682974365
Treinta y Tres,UY-TT,2019,12,2019-03-25,2019-03-31,3,9285.005878360264,0.32310157250323696
Artigas,UY-AR,2019,13,2019-04-01,2019-04-07,0,12010.600679730765,0.0
Canelones,UY-CA,2019,13,2019-04-01,2019-04-07,0,4520.87871068126,0.0
Cerro Largo,UY-CL,2019,13,2019-04-01,2019-04-07,0,13655.557447815512,0.0
Colonia,UY-CO,2019,13,2019-04-01,2019-04-07,0,6112.026851866528,0.0
Durazno,UY-DU,2019,13,2019-04-01,2019-04-07,0,12228.10425056514,0.0
Flores,UY-FS,2019,13,2019-04-01,2019-04-07,0,5140.77049712524,0.0
Florida,UY-FD,2019,13,2019-04-01,2019-04-07,0,10405.572253242583,0.0
Lavalleja,UY-LA,2019,13,2019-04-01,2019-04-07,0,10031.272844140674,0.0
Maldonado,UY-MA,2019,13,2019-04-01,2019-04-07,0,4803.260185508939,0.0
Montevideo,UY-MO,2019,13,2019-04-01,2019-04-07,0,527.7536386520376,0.0
Paysandú,UY-PA,2019,13,2019-04-01,2019-04-07,0,14088.526169172621,0.0
Rivera,UY-RV,2019,13,2019-04-01,2019-04-07,0,9329.550532265199,0.0
Rocha,UY-RO,2019,13,2019-04-01,2019-04-07,0,10558.553826772255,0.0
Río Negro,UY-RN,2019,13,2019-04-01,2019-04-07,0,9810.67596839813,0.0
Salto,UY-SA,2019,13,2019-04-01,2019-04-07,1,14170.87435119916,0.07056727589398029
San José,UY-SJ,2019,13,2019-04-01,2019-04-07,2,5002.920653176918,0.39976648414960864
Soriano,UY-SO,2019,13,2019-04-01,2019-04-07,1,9122.538742945157,0.10961860817235138
Tacuarembó,UY-TA,2019,13,2019-04-01,2019-04-07,0,15973.367767510354,0.0
Treinta y Tres,UY-TT,2019,13,2019-04-01,2019-04-07,0,9285.005878360264,0.0
Artigas,UY-AR,2019,14,2019-04-08,2019-04-14,1,12010.600679730765,0.08325978247595993
Canelones,UY-CA,2019,14,2019-04-08,2019-04-14,0,4520.87871068126,0.0
Cerro Largo,UY-CL,2019,14,2019-04-08,2019-04-14,1,13655.557447815512,0.07323025836341603
Colonia,UY-CO,2019,14,2019-04-08,2019-04-14,0,6112.026851866528,0.0
Durazno,UY-DU,2019,14,2019-04-08,2019-04-14,0,12228.10425056514,0.0
Flores,UY-FS,2019,14,2019-04-08,2019-04-14,0,5140.77049712524,0.0
Florida,UY-FD,2019,14,2019-04-08,2019-04-14,1,10405.572253242583,0.09610235512884745
Lavalleja,UY-LA,2019,14,2019-04-08,2019-04-14,0,10031.272844140674,0.0
Maldonado,UY-MA,2019,14,2019-04-08,2019-04-14,1,4803.260185508939,0.20819192826924554
Montevideo,UY-MO,2019,14,2019-04-08,2019-04-14,0,527.7536386520376,0.0
Paysandú,UY-PA,2019,14,2019-04-08,2019-04-14,2,14088.526169172621,0.1419594907220486
Rivera,UY-RV,2019,14,2019-04-08,2019-04-14,2,9329.550532265199,0.21437259952483514
Rocha,UY-RO,2019,14,2019-04-08,2019-04-14,0,10558.553826772255,0.0
Río Negro,UY-RN,2019,14,2019-04-08,2019-04-14,15,9810.67596839813,1.5289466340869449
Salto,UY-SA,2019,14,2019-04-08,2019-04-14,0,14170.87435119916,0.0
San José,UY-SJ,2019,14,2019-04-08,2019-04-14,3,5002.920653176918,0.5996497262244129
Soriano,UY-SO,2019,14,2019-04-08,2019-04-14,0,9122.538742945157,0.0
Tacuarembó,UY-TA,2019,14,2019-04-08,2019-04-14,2,15973.367767510354,0.1252084112198291
Treinta y Tres,UY-TT,2019,14,2019-04-08,2019-04-14,2,9285.005878360264,0.2154010483354913
Artigas,UY-AR,2019,15,2019-04-15,2019-04-21,1,12010.600679730765,0.08325978247595993
Canelones,UY-CA,2019,15,2019-04-15,2019-04-21,0,4520.87871068126,0.0
Cerro Largo,UY-CL,2019,15,2019-04-15,2019-04-21,1,13655.557447815512,0.07323025836341603
Colonia,UY-CO,2019,15,2019-04-15,2019-04-21,1,6112.026851866528,0.16361184664864717
Durazno,UY-DU,2019,15,2019-04-15,2019-04-21,0,12228.10425056514,0.0
Flores,UY-FS,2019,15,2019-04-15,2019-04-21,0,5140.77049712524,0.0
Florida,UY-FD,2019,15,2019-04-15,2019-04-21,0,10405.572253242583,0.0
Lavalleja,UY-LA,2019,15,2019-04-15,2019-04-21,2,10031.272844140674,0.19937649300090682
Maldonado,UY-MA,2019,15,2019-04-15,2019-04-21,0,4803.260185508939,0.0
Montevideo,UY-MO,2019,15,2019-04-15,2019-04-21,1,527.7536386520376,1.8948235061991252
Paysandú,UY-PA,2019,15,2019-04-15,2019-04-21,0,14088.526169172621,0.0
Rivera,UY-RV,2019,15,2019-04-15,2019-04-21,0,9329.550532265199,0.0
Rocha,UY-RO,2019,15,2019-04-15,2019-04-21,0,10558.553826772255,0.0
Río Negro,UY-RN,2019,15,2019-04-15,2019-04-21,0,9810.67596839813,0.0
Salto,UY-SA,2019,15,2019-04-15,2019-04-21,1,14170.87435119916,0.07056727589398029
San José,UY-SJ,2019,15,2019-04-15,2019-04-21,1,5002.920653176918,0.19988324207480432
Soriano,UY-SO,2019,15,2019-04-15,2019-04-21,0,9122.538742945157,0.0
Tacuarembó,UY-TA,2019,15,2019-04-15,2019-04-21,1,15973.367767510354,0.06260420560991455
Treinta y Tres,UY-TT,2019,15,2019-04-15,2019-04-21,1,9285.005878360264,0.10770052416774566
Artigas,UY-AR,2019,16,2019-04-22,2019-04-28,0,12010.600679730765,0.0
Canelones,UY-CA,2019,16,2019-04-22,2019-04-28,0,4520.87871068126,0.0
Cerro Largo,UY-CL,2019,16,2019-04-22,2019-04-28,0,13655.557447815512,0.0
Colonia,UY-CO,2019,16,2019-04-22,2019-04-28,0,6112.026851866528,0.0
Durazno,UY-DU,2019,16,2019-04-22,2019-04-28,0,12228.10425056514,0.0
Flores,UY-FS,2019,16,2019-04-22,2019-04-28,0,5140.77049712524,0.0
Florida,UY-FD,2019,16,2019-04-22,2019-04-28,0,10405.572253242583,0.0
Lavalleja,UY-LA,2019,16,2019-04-22,2019-04-28,0,10031.272844140674,0.0
Maldonado,UY-MA,2019,16,2019-04-22,2019-04-28,0,4803.260185508939,0.0
Montevideo,UY-MO,2019,16,2019-04-22,2019-04-28,0,527.7536386520376,0.0
Paysandú,UY-PA,2019,16,2019-04-22,2019-04-28,2,14088.526169172621,0.1419594907220486
Rivera,UY-RV,2019,16,2019-04-22,2019-04-28,0,9329.550532265199,0.0
Rocha,UY-RO,2019,16,2019-04-22,2019-04-28,1,10558.553826772255,0.09470994005489665
Río Negro,UY-RN,2019,16,2019-04-22,2019-04-28,0,9810.67596839813,0.0
Salto,UY-SA,2019,16,2019-04-22,2019-04-28,0,14170.87435119916,0.0
San José,UY-SJ,2019,16,2019-04-22,2019-04-28,0,5002.920653176918,0.0
Soriano,UY-SO,2019,16,2019-04-22,2019-04-28,0,9122.538742945157,0.0
Tacuarembó,UY-TA,2019,16,2019-04-22,2019-04-28,0,15973.367767510354,0.0
Treinta y Tres,UY-TT,2019,16,2019-04-22,2019-04-28,1,9285.005878360264,0.10770052416774566
Artigas,UY-AR,2019,17,2019-04-29,2019-05-05,0,12010.600679730765,0.0
Canelones,UY-CA,2019,17,2019-04-29,2019-05-05,0,4520.87871068126,0.0
Cerro Largo,UY-CL,2019,17,2019-04-29,2019-05-05,0,13655.557447815512,0.0
Colonia,UY-CO,2019,17,2019-04-29,2019-05-05,12,6112.026851866528,1.963342159783766
Durazno,UY-DU,2019,17,2019-04-29,2019-05-05,0,12228.10425056514,0.0
Flores,UY-FS,2019,17,2019-04-29,2019-05-05,0,5140.77049712524,0.0
Florida,UY-FD,2019,17,2019-04-29,2019-05-05,0,10405.572253242583,0.0
Lavalleja,UY-LA,2019,17,2019-04-29,2019-05-05,0,10031.272844140674,0.0
Maldonado,UY-MA,2019,17,2019-04-29,2019-05-05,0,4803.260185508939,0.0
Montevideo,UY-MO,2019,17,2019-04-29,2019-05-05,0,527.7536386520376,0.0
Paysandú,UY-PA,2019,17,2019-04-29,2019-05-05,0,14088.526169172621,0.0
Rivera,UY-RV,2019,17,2019-04-29,2019-05-05,0,9329.550532265199,0.0
Rocha,UY-RO,2019,17,2019-04-29,2019-05-05,2,10558.553826772255,0.1894198801097933
Río Negro,UY-RN,2019,17,2019-04-29,2019-05-05,0,9810.67596839813,0.0
Salto,UY-SA,2019,17,2019-04-29,2019-05-05,0,14170.87435119916,0.0
San José,UY-SJ,2019,17,2019-04-29,2019-05-05,1,5002.920653176918,0.19988324207480432
Soriano,UY-SO,2019,17,2019-04-29,2019-05-05,1,9122.538742945157,0.10961860817235138
Tacuarembó,UY-TA,2019,17,2019-04-29,2019-05-05,0,15973.367767510354,0.0
Treinta y Tres,UY-TT,2019,17,2019-04-29,2019-05-05,2,9285.005878360264,0.2154010483354913
Artigas,UY-AR,2019,18,2019-05-06,2019-05-12,0,12010.600679730765,0.0
Canelones,UY-CA,2019,18,2019-05-06,2019-05-12,0,4520.87871068126,0.0
Cerro Largo,UY-CL,2019,18,2019-05-06,2019-05-12,1,13655.557447815512,0.07323025836341603
Colonia,UY-CO,2019,18,2019-05-06,2019-05-12,0,6112.026851866528,0.0
Durazno,UY-DU,2019,18,2019-05-06,2019-05-12,0,12228.10425056514,0.0
Flores,UY-FS,2019,18,2019-05-06,2019-05-12,0,5140.77049712524,0.0
Florida,UY-FD,2019,18,2019-05-06,2019-05-12,2,10405.572253242583,0.1922047102576949
Lavalleja,UY-LA,2019,18,2019-05-06,2019-05-12,0,10031.272844140674,0.0
Maldonado,UY-MA,2019,18,2019-05-06,2019-05-12,0,4803.260185508939,0.0
Montevideo,UY-MO,2019,18,2019-05-06,2019-05-12,0,527.7536386520376,0.0
Paysandú,UY-PA,2019,18,2019-05-06,2019-05-12,0,14088.526169172621,0.0
Rivera,UY-RV,2019,18,2019-05-06,2019-05-12,0,9329.550532265199,0.0
Rocha,UY-RO,2019,18,2019-05-06,2019-05-12,0,10558.553826772255,0.0
Río Negro,UY-RN,2019,18,2019-05-06,2019-05-12,0,9810.67596839813,0.0
Salto,UY-SA,2019,18,2019-05-06,2019-05-12,0,14170.87435119916,0.0
San José,UY-SJ,2019,18,2019-05-06,2019-05-12,0,5002.920653176918,0.0
Soriano,UY-SO,2019,18,2019-05-06,2019-05-12,0,9122.538742945157,0.0
Tacuarembó,UY-TA,2019,18,2019-05-06,2019-05-12,0,15973.367767510354,0.0
Treinta y Tres,UY-TT,2019,18,2019-05-06,2019-05-12,2,9285.005878360264,0.2154010483354913
Artigas,UY-AR,2019,19,2019-05-13,2019-05-19,0,12010.600679730765,0.0
Canelones,UY-CA,2019,19,2019-05-13,2019-05-19,1,4520.87871068126,0.22119593645309454
Cerro Largo,UY-CL,2019,19,2019-05-13,2019-05-19,0,13655.557447815512,0.0
Colonia,UY-CO,2019,19,2019-05-13,2019-05-19,7,6112.026851866528,1.1452829265405302
Durazno,UY-DU,2019,19,2019-05-13,2019-05-19,1,12228.10425056514,0.08177882519719143
Flores,UY-FS,2019,19,2019-05-13,2019-05-19,0,5140.77049712524,0.0
Florida,UY-FD,2019,19,2019-05-13,2019-05-19,0,10405.572253242583,0.0
Lavalleja,UY-LA,2019,19,2019-05-13,2019-05-19,5,10031.272844140674,0.4984412325022671
Maldonado,UY-MA,2019,19,2019-05-13,2019-05-19,0,4803.260185508939,0.0
Montevideo,UY-MO,2019,19,2019-05-13,2019-05-19,0,527.7536386520376,0.0
Paysandú,UY-PA,2019,19,2019-05-13,2019-05-19,0,14088.526169172621,0.0
Rivera,UY-RV,2019,19,2019-05-13,2019-05-19,0,9329.550532265199,0.0
Rocha,UY-RO,2019,19,2019-05-13,2019-05-19,2,10558.553826772255,0.1894198801097933
Río Negro,UY-RN,2019,19,2019-05-13,2019-05-19,1,9810.67596839813,0.10192977560579633
Salto,UY-SA,2019,19,2019-05-13,2019-05-19,0,14170.87435119916,0.0
San José,UY-SJ,2019,19,2019-05-13,2019-05-19,0,5002.920653176918,0.0
Soriano,UY-SO,2019,19,2019-05-13,2019-05-19,3,9122.538742945157,0.32885582451705414
Tacuarembó,UY-TA,2019,19,2019-05-13,2019-05-19,1,15973.367767510354,0.06260420560991455
Treinta y Tres,UY-TT,2019,19,2019-05-13,2019-05-19,4,9285.005878360264,0.4308020966709826
Artigas,UY-AR,2019,20,2019-05-20,2019-05-26,0,12010.600679730765,0.0
Canelones,UY-CA,2019,20,2019-05-20,2019-05-26,0,4520.87871068126,0.0
Cerro Largo,UY-CL,2019,20,2019-05-20,2019-05-26,0,13655.557447815512,0.0
Colonia,UY-CO,2019,20,2019-05-20,2019-05-26,0,6112.026851866528,0.0
Durazno,UY-DU,2019,20,2019-05-20,2019-05-26,0,12228.10425056514,0.0
Flores,UY-FS,2019,20,2019-05-20,2019-05-26,0,5140.77049712524,0.0
Florida,UY-FD,2019,20,2019-05-20,2019-05-26,0,10405.572253242583,0.0
Lavalleja,UY-LA,2019,20,2019-05-20,2019-05-26,0,10031.272844140674,0.0
Maldonado,UY-MA,2019,20,2019-05-20,2019-05-26,0,4803.260185508939,0.0
Montevideo,UY-MO,2019,20,2019-05-20,2019-05-26,0,527.7536386520376,0.0
Paysandú,UY-PA,2019,20,2019-05-20,2019-05-26,0,14088.526169172621,0.0
Rivera,UY-RV,2019,20,2019-05-20,2019-05-26,0,9329.550532265199,0.0
Rocha,UY-RO,2019,20,2019-05-20,2019-05-26,0,10558.553826772255,0.0
Río Negro,UY-RN,2019,20,2019-05-20,2019-05-26,0,9810.67596839813,0.0
Salto,UY-SA,2019,20,2019-05-20,2019-05-26,0,14170.87435119916,0.0
San José,UY-SJ,2019,20,2019-05-20,2019-05-26,0,5002.920653176918,0.0
Soriano,UY-SO,2019,20,2019-05-20,2019-05-26,0,9122.538742945157,0.0
Tacuarembó,UY-TA,2019,20,2019-05-20,2019-05-26,0,15973.367767510354,0.0
Treinta y Tres,UY-TT,2019,20,2019-05-20,2019-05-26,0,9285.005878360264,0.0
Artigas,UY-AR,2019,21,2019-05-27,2019-06-02,0,12010.600679730765,0.0
Canelones,UY-CA,2019,21,2019-05-27,2019-06-02,0,4520.87871068126,0.0
Cerro Largo,UY-CL,2019,21,2019-05-27,2019-06-02,1,13655.557447815512,0.07323025836341603
Colonia,UY-CO,2019,21,2019-05-27,2019-06-02,0,6112.026851866528,0.0
Durazno,UY-DU,2019,21,2019-05-27,2019-06-02,0,12228.10425056514,0.0
Flores,UY-FS,2019,21,2019-05-27,2019-06-02,0,5140.77049712524,0.0
Florida,UY-FD,2019,21,2019-05-27,2019-06-02,0,10405.572253242583,0.0
Lavalleja,UY-LA,2019,21,2019-05-27,2019-06-02,0,10031.272844140674,0.0
Maldonado,UY-MA,2019,21,2019-05-27,2019-06-02,0,4803.260185508939,0.0
Montevideo,UY-MO,2019,21,2019-05-27,2019-06-02,0,527.7536386520376,0.0
Paysandú,UY-PA,2019,21,2019-05-27,2019-06-02,0,14088.526169172621,0.0
Rivera,UY-RV,2019,21,2019-05-27,2019-06-02,0,9329.550532265199,0.0
Rocha,UY-RO,2019,21,2019-05-27,2019-06-02,0,10558.553826772255,0.0
Río Negro,UY-RN,2019,21,2019-05-27,2019-06-02,0,9810.67596839813,0.0
Salto,UY-SA,2019,21,2019-05-27,2019-06-02,0,14170.87435119916,0.0
San José,UY-SJ,2019,21,2019-05-27,2019-06-02,0,5002.920653176918,0.0
Soriano,UY-SO,2019,21,2019-05-27,2019-06-02,0,9122.538742945157,0.0
Tacuarembó,UY-TA,2019,21,2019-05-27,2019-06-02,0,15973.367767510354,0.0
Treinta y Tres,UY-TT,2019,21,2019-05-27,2019-06-02,0,9285.005878360264,0.0
Artigas,UY-AR,2019,22,2019-06-03,2019-06-09,4,12010.600679730765,0.3330391299038397
Canelones,UY-CA,2019,22,2019-06-03,2019-06-09,0,4520.87871068126,0.0
Cerro Largo,UY-CL,2019,22,2019-06-03,2019-06-09,4,13655.557447815512,0.2929210334536641
Colonia,UY-CO,2019,22,2019-06-03,2019-06-09,0,6112.026851866528,0.0
Durazno,UY-DU,2019,22,2019-06-03,2019-06-09,0,12228.10425056514,0.0
Flores,UY-FS,2019,22,2019-06-03,2019-06-09,1,5140.77049712524,0.1945233697087252
Florida,UY-FD,2019,22,2019-06-03,2019-06-09,1,10405.572253242583,0.09610235512884745
Lavalleja,UY-LA,2019,22,2019-06-03,2019-06-09,0,10031.272844140674,0.0
Maldonado,UY-MA,2019,22,2019-06-03,2019-06-09,0,4803.260185508939,0.0
Montevideo,UY-MO,2019,22,2019-06-03,2019-06-09,0,527.7536386520376,0.0
Paysandú,UY-PA,2019,22,2019-06-03,2019-06-09,0,14088.526169172621,0.0
Rivera,UY-RV,2019,22,2019-06-03,2019-06-09,0,9329.550532265199,0.0
Rocha,UY-RO,2019,22,2019-06-03,2019-06-09,5,10558.553826772255,0.4735497002744833
Río Negro,UY-RN,2019,22,2019-06-03,2019-06-09,1,9810.67596839813,0.10192977560579633
Salto,UY-SA,2019,22,2019-06-03,2019-06-09,0,14170.87435119916,0.0
San José,UY-SJ,2019,22,2019-06-03,2019-06-09,0,5002.920653176918,0.0
Soriano,UY-SO,2019,22,2019-06-03,2019-06-09,3,9122.538742945157,0.32885582451705414
Tacuarembó,UY-TA,2019,22,2019-06-03,2019-06-09,0,15973.367767510354,0.0
Treinta y Tres,UY-TT,2019,22,2019-06-03,2019-06-09,0,9285.005878360264,0.0
Artigas,UY-AR,2019,23,2019-06-10,2019-06-16,0,12010.600679730765,0.0
Canelones,UY-CA,2019,23,2019-06-10,2019-06-16,0,4520.87871068126,0.0
Cerro Largo,UY-CL,2019,23,2019-06-10,2019-06-16,0,13655.557447815512,0.0
Colonia,UY-CO,2019,23,2019-06-10,2019-06-16,0,6112.026851866528,0.0
Durazno,UY-DU,2019,23,2019-06-10,2019-06-16,0,12228.10425056514,0.0
Flores,UY-FS,2019,23,2019-06-10,2019-06-16,0,5140.77049712524,0.0
Florida,UY-FD,2019,23,2019-06-10,2019-06-16,0,10405.572253242583,0.0
Lavalleja,UY-LA,2019,23,2019-06-10,2019-06-16,0,10031.272844140674,0.0
Maldonado,UY-MA,2019,23,2019-06-10,2019-06-16,0,4803.260185508939,0.0
Montevideo,UY-MO,2019,23,2019-06-10,2019-06-16,0,527.7536386520376,0.0
Paysandú,UY-PA,2019,23,2019-06-10,2019-06-16,0,14088.526169172621,0.0
Rivera,UY-RV,2019,23,2019-06-10,2019-06-16,0,9329.550532265199,0.0
Rocha,UY-RO,2019,23,2019-06-10,2019-06-16,0,10558.553826772255,0.0
Río Negro,UY-RN,2019,23,2019-06-10,2019-06-16,0,9810.67596839813,0.0
Salto,UY-SA,2019,23,2019-06-10,2019-06-16,0,14170.87435119916,0.0
San José,UY-SJ,2019,23,2019-06-10,2019-06-16,0,5002.920653176918,0.0
Soriano,UY-SO,2019,23,2019-06-10,2019-06-16,0,9122.538742945157,0.0
Tacuarembó,UY-TA,2019,23,2019-06-10,2019-06-16,0,15973.367767510354,0.0
Treinta y Tres,UY-TT,2019,23,2019-06-10,2019-06-16,0,9285.005878360264,0.0
Artigas,UY-AR,2019,24,2019-06-17,2019-06-23,0,12010.600679730765,0.0
Canelones,UY-CA,2019,24,2019-06-17,2019-06-23,0,4520.87871068126,0.0
Cerro Largo,UY-CL,2019,24,2019-06-17,2019-06-23,0,13655.557447815512,0.0
Colonia,UY-CO,2019,24,2019-06-17,2019-06-23,0,6112.026851866528,0.0
Durazno,UY-DU,2019,24,2019-06-17,2019-06-23,0,12228.10425056514,0.0
Flores,UY-FS,2019,24,2019-06-17,2019-06-23,0,5140.77049712524,0.0
Florida,UY-FD,2019,24,2019-06-17,2019-06-23,0,10405.572253242583,0.0
Lavalleja,UY-LA,2019,24,2019-06-17,2019-06-23,0,10031.272844140674,0.0
Maldonado,UY-MA,2019,24,2019-06-17,2019-06-23,0,4803.260185508939,0.0
Montevideo,UY-MO,2019,24,2019-06-17,2019-06-23,0,527.7536386520376,0.0
Paysandú,UY-PA,2019,24,2019-06-17,2019-06-23,0,14088.526169172621,0.0
Rivera,UY-RV,2019,24,2019-06-17,2019-06-23,0,9329.550532265199,0.0
Rocha,UY-RO,2019,24,2019-06-17,2019-06-23,0,10558.553826772255,0.0
Río Negro,UY-RN,2019,24,2019-06-17,2019-06-23,0,9810.67596839813,0.0
Salto,UY-SA,2019,24,2019-06-17,2019-06-23,0,14170.87435119916,0.0
San José,UY-SJ,2019,24,2019-06-17,2019-06-23,0,5002.920653176918,0.0
Soriano,UY-SO,2019,24,2019-06-17,2019-06-23,0,9122.538742945157,0.0
Tacuarembó,UY-TA,2019,24,2019-06-17,2019-06-23,0,15973.367767510354,0.0
Treinta y Tres,UY-TT,2019,24,2019-06-17,2019-06-23,0,9285.005878360264,0.0
Artigas,UY-AR,2019,25,2019-06-24,2019-06-30,3,12010.600679730765,0.2497793474278798
Canelones,UY-CA,2019,25,2019-06-24,2019-06-30,0,4520.87871068126,0.0
Cerro Largo,UY-CL,2019,25,2019-06-24,2019-06-30,0,13655.557447815512,0.0
Colonia,UY-CO,2019,25,2019-06-24,2019-06-30,0,6112.026851866528,0.0
Durazno,UY-DU,2019,25,2019-06-24,2019-06-30,0,12228.10425056514,0.0
Flores,UY-FS,2019,25,2019-06-24,2019-06-30,0,5140.77049712524,0.0
Florida,UY-FD,2019,25,2019-06-24,2019-06-30,0,10405.572253242583,0.0
Lavalleja,UY-LA,2019,25,2019-06-24,2019-06-30,0,10031.272844140674,0.0
Maldonado,UY-MA,2019,25,2019-06-24,2019-06-30,0,4803.260185508939,0.0
Montevideo,UY-MO,2019,25,2019-06-24,2019-06-30,0,527.7536386520376,0.0
Paysandú,UY-PA,2019,25,2019-06-24,2019-06-30,0,14088.526169172621,0.0
Rivera,UY-RV,2019,25,2019-06-24,2019-06-30,0,9329.550532265199,0.0
Rocha,UY-RO,2019,25,2019-06-24,2019-06-30,0,10558.553826772255,0.0
Río Negro,UY-RN,2019,25,2019-06-24,2019-06-30,0,9810.67596839813,0.0
Salto,UY-SA,2019,25,2019-06-24,2019-06-30,0,14170.87435119916,0.0
San José,UY-SJ,2019,25,2019-06-24,2019-06-30,0,5002.920653176918,0.0
Soriano,UY-SO,2019,25,2019-06-24,2019-06-30,0,9122.538742945157,0.0
Tacuarembó,UY-TA,2019,25,2019-06-24,2019-06-30,0,15973.367767510354,0.0
Treinta y Tres,UY-TT,2019,25,2019-06-24,2019-06-30,0,9285.005878360264,0.0
Artigas,UY-AR,2019,26,2019-07-01,2019-07-07,7,12010.600679730765,0.5828184773317195
Canelones,UY-CA,2019,26,2019-07-01,2019-07-07,0,4520.87871068126,0.0
Cerro Largo,UY-CL,2019,26,2019-07-01,2019-07-07,3,13655.557447815512,0.2196907750902481
Colonia,UY-CO,2019,26,2019-07-01,2019-07-07,2,6112.026851866528,0.32722369329729434
Durazno,UY-DU,2019,26,2019-07-01,2019-07-07,0,12228.10425056514,0.0
Flores,UY-FS,2019,26,2019-07-01,2019-07-07,2,5140.77049712524,0.3890467394174504
Florida,UY-FD,2019,26,2019-07-01,2019-07-07,0,10405.572253242583,0.0
Lavalleja,UY-LA,2019,26,2019-07-01,2019-07-07,0,10031.272844140674,0.0
Maldonado,UY-MA,2019,26,2019-07-01,2019-07-07,0,4803.260185508939,0.0
Montevideo,UY-MO,2019,26,2019-07-01,2019-07-07,0,527.7536386520376,0.0
Paysandú,UY-PA,2019,26,2019-07-01,2019-07-07,0,14088.526169172621,0.0
Rivera,UY-RV,2019,26,2019-07-01,2019-07-07,0,9329.550532265199,0.0
Rocha,UY-RO,2019,26,2019-07-01,2019-07-07,0,10558.553826772255,0.0
Río Negro,UY-RN,2019,26,2019-07-01,2019-07-07,0,9810.67596839813,0.0
Salto,UY-SA,2019,26,2019-07-01,2019-07-07,0,14170.87435119916,0.0
San José,UY-SJ,2019,26,2019-07-01,2019-07-07,0,5002.920653176918,0.0
Soriano,UY-SO,2019,26,2019-07-01,2019-07-07,0,9122.538742945157,0.0
Tacuarembó,UY-TA,2019,26,2019-07-01,2019-07-07,3,15973.367767510354,0.18781261682974365
Treinta y Tres,UY-TT,2019,26,2019-07-01,2019-07-07,0,9285.005878360264,0.0
Artigas,UY-AR,2019,27,2019-07-08,2019-07-14,1,12010.600679730765,0.08325978247595993
Canelones,UY-CA,2019,27,2019-07-08,2019-07-14,0,4520.87871068126,0.0
Cerro Largo,UY-CL,2019,27,2019-07-08,2019-07-14,1,13655.557447815512,0.07323025836341603
Colonia,UY-CO,2019,27,2019-07-08,2019-07-14,2,6112.026851866528,0.32722369329729434
Durazno,UY-DU,2019,27,2019-07-08,2019-07-14,0,12228.10425056514,0.0
Flores,UY-FS,2019,27,2019-07-08,2019-07-14,0,5140.77049712524,0.0
Florida,UY-FD,2019,27,2019-07-08,2019-07-14,5,10405.572253242583,0.48051177564423725
Lavalleja,UY-LA,2019,27,2019-07-08,2019-07-14,0,10031.272844140674,0.0
Maldonado,UY-MA,2019,27,2019-07-08,2019-07-14,0,4803.260185508939,0.0
Montevideo,UY-MO,2019,27,2019-07-08,2019-07-14,0,527.7536386520376,0.0
Paysandú,UY-PA,2019,27,2019-07-08,2019-07-14,0,14088.526169172621,0.0
Rivera,UY-RV,2019,27,2019-07-08,2019-07-14,2,9329.550532265199,0.21437259952483514
Rocha,UY-RO,2019,27,2019-07-08,2019-07-14,0,10558.553826772255,0.0
Río Negro,UY-RN,2019,27,2019-07-08,2019-07-14,0,9810.67596839813,0.0
Salto,UY-SA,2019,27,2019-07-08,2019-07-14,0,14170.87435119916,0.0
San José,UY-SJ,2019,27,2019-07-08,2019-07-14,0,5002.920653176918,0.0
Soriano,UY-SO,2019,27,2019-07-08,2019-07-14,2,9122.538742945157,0.21923721634470275
Tacuarembó,UY-TA,2019,27,2019-07-08,2019-07-14,1,15973.367767510354,0.06260420560991455
Treinta y Tres,UY-TT,2019,27,2019-07-08,2019-07-14,0,9285.005878360264,0.0
Artigas,UY-AR,2019,28,2019-07-15,2019-07-21,4,12010.600679730765,0.3330391299038397
Canelones,UY-CA,2019,28,2019-07-15,2019-07-21,1,4520.87871068126,0.22119593645309454
Cerro Largo,UY-CL,2019,28,2019-07-15,2019-07-21,9,13655.557447815512,0.6590723252707443
Colonia,UY-CO,2019,28,2019-07-15,2019-07-21,1,6112.026851866528,0.16361184664864717
Durazno,UY-DU,2019,28,2019-07-15,2019-07-21,3,12228.10425056514,0.2453364755915743
Flores,UY-FS,2019,28,2019-07-15,2019-07-21,1,5140.77049712524,0.1945233697087252
Florida,UY-FD,2019,28,2019-07-15,2019-07-21,1,10405.572253242583,0.09610235512884745
Lavalleja,UY-LA,2019,28,2019-07-15,2019-07-21,1,10031.272844140674,0.09968824650045341
Maldonado,UY-MA,2019,28,2019-07-15,2019-07-21,0,4803.260185508939,0.0
Montevideo,UY-MO,2019,28,2019-07-15,2019-07-21,0,527.7536386520376,0.0
Paysandú,UY-PA,2019,28,2019-07-15,2019-07-21,6,14088.526169172621,0.4258784721661459
Rivera,UY-RV,2019,28,2019-07-15,2019-07-21,3,9329.550532265199,0.32155889928725273
Rocha,UY-RO,2019,28,2019-07-15,2019-07-21,3,10558.553826772255,0.28412982016469
Río Negro,UY-RN,2019,28,2019-07-15,2019-07-21,0,9810.67596839813,0.0
Salto,UY-SA,2019,28,2019-07-15,2019-07-21,0,14170.87435119916,0.0
San José,UY-SJ,2019,28,2019-07-15,2019-07-21,1,5002.920653176918,0.19988324207480432
Soriano,UY-SO,2019,28,2019-07-15,2019-07-21,2,9122.538742945157,0.21923721634470275
Tacuarembó,UY-TA,2019,28,2019-07-15,2019-07-21,4,15973.367767510354,0.2504168224396582
Treinta y Tres,UY-TT,2019,28,2019-07-15,2019-07-21,0,9285.005878360264,0.0
Artigas,UY-AR,2019,29,2019-07-22,2019-07-28,0,12010.600679730765,0.0
Canelones,UY-CA,2019,29,2019-07-22,2019-07-28,0,4520.87871068126,0.0
Cerro Largo,UY-CL,2019,29,2019-07-22,2019-07-28,0,13655.557447815512,0.0
Colonia,UY-CO,2019,29,2019-07-22,2019-07-28,0,6112.026851866528,0.0
Durazno,UY-DU,2019,29,2019-07-22,2019-07-28,0,12228.10425056514,0.0
Flores,UY-FS,2019,29,2019-07-22,2019-07-28,0,5140.77049712524,0.0
Florida,UY-FD,2019,29,2019-07-22,2019-07-28,0,10405.572253242583,0.0
Lavalleja,UY-LA,2019,29,2019-07-22,2019-07-28,0,10031.272844140674,0.0
Maldonado,UY-MA,2019,29,2019-07-22,2019-07-28,0,4803.260185508939,0.0
Montevideo,UY-MO,2019,29,2019-07-22,2019-07-28,0,527.7536386520376,0.0
Paysandú,UY-PA,2019,29,2019-07-22,2019-07-28,0,14088.526169172621,0.0
Rivera,UY-RV,2019,29,2019-07-22,2019-07-28,0,9329.550532265199,0.0
Rocha,UY-RO,2019,29,2019-07-22,2019-07-28,0,10558.553826772255,0.0
Río Negro,UY-RN,2019,29,2019-07-22,2019-07-28,0,9810.67596839813,0.0
Salto,UY-SA,2019,29,2019-07-22,2019-07-28,0,14170.87435119916,0.0
San José,UY-SJ,2019,29,2019-07-22,2019-07-28,0,5002.920653176918,0.0
Soriano,UY-SO,2019,29,2019-07-22,2019-07-28,0,9122.538742945157,0.0
Tacuarembó,UY-TA,2019,29,2019-07-22,2019-07-28,0,15973.367767510354,0.0
Treinta y Tres,UY-TT,2019,29,2019-07-22,2019-07-28,0,9285.005878360264,0.0
Artigas,UY-AR,2019,30,2019-07-29,2019-08-04,4,12010.600679730765,0.3330391299038397
Canelones,UY-CA,2019,30,2019-07-29,2019-08-04,0,4520.87871068126,0.0
Cerro Largo,UY-CL,2019,30,2019-07-29,2019-08-04,3,13655.557447815512,0.2196907750902481
Colonia,UY-CO,2019,30,2019-07-29,2019-08-04,0,6112.026851866528,0.0
Durazno,UY-DU,2019,30,2019-07-29,2019-08-04,3,12228.10425056514,0.2453364755915743
Flores,UY-FS,2019,30,2019-07-29,2019-08-04,0,5140.77049712524,0.0
Florida,UY-FD,2019,30,2019-07-29,2019-08-04,0,10405.572253242583,0.0
Lavalleja,UY-LA,2019,30,2019-07-29,2019-08-04,2,10031.272844140674,0.19937649300090682
Maldonado,UY-MA,2019,30,2019-07-29,2019-08-04,1,4803.260185508939,0.20819192826924554
Montevideo,UY-MO,2019,30,2019-07-29,2019-08-04,0,527.7536386520376,0.0
Paysandú,UY-PA,2019,30,2019-07-29,2019-08-04,3,14088.526169172621,0.21293923608307294
Rivera,UY-RV,2019,30,2019-07-29,2019-08-04,0,9329.550532265199,0.0
Rocha,UY-RO,2019,30,2019-07-29,2019-08-04,2,10558.553826772255,0.1894198801097933
Río Negro,UY-RN,2019,30,2019-07-29,2019-08-04,2,9810.67596839813,0.20385955121159266
Salto,UY-SA,2019,30,2019-07-29,2019-08-04,0,14170.87435119916,0.0
San José,UY-SJ,2019,30,2019-07-29,2019-08-04,2,5002.920653176918,0.39976648414960864
Soriano,UY-SO,2019,30,2019-07-29,2019-08-04,1,9122.538742945157,0.10961860817235138
Tacuarembó,UY-TA,2019,30,2019-07-29,2019-08-04,1,15973.367767510354,0.06260420560991455
Treinta y Tres,UY-TT,2019,30,2019-07-29,2019-08-04,2,9285.005878360264,0.2154010483354913
Artigas,UY-AR,2019,31,2019-08-05,2019-08-11,5,12010.600679730765,0.41629891237979966
Canelones,UY-CA,2019,31,2019-08-05,2019-08-11,0,4520.87871068126,0.0
Cerro Largo,UY-CL,2019,31,2019-08-05,2019-08-11,10,13655.557447815512,0.7323025836341603
Colonia,UY-CO,2019,31,2019-08-05,2019-08-11,6,6112.026851866528,0.981671079891883
Durazno,UY-DU,2019,31,2019-08-05,2019-08-11,4,12228.10425056514,0.3271153007887657
Flores,UY-FS,2019,31,2019-08-05,2019-08-11,1,5140.77049712524,0.1945233697087252
Florida,UY-FD,2019,31,2019-08-05,2019-08-11,1,10405.572253242583,0.09610235512884745
Lavalleja,UY-LA,2019,31,2019-08-05,2019-08-11,2,10031.272844140674,0.19937649300090682
Maldonado,UY-MA,2019,31,2019-08-05,2019-08-11,0,4803.260185508939,0.0
Montevideo,UY-MO,2019,31,2019-08-05,2019-08-11,0,527.7536386520376,0.0
Paysandú,UY-PA,2019,31,2019-08-05,2019-08-11,2,14088.526169172621,0.1419594907220486
Rivera,UY-RV,2019,31,2019-08-05,2019-08-11,0,9329.550532265199,0.0
Rocha,UY-RO,2019,31,2019-08-05,2019-08-11,1,10558.553826772255,0.09470994005489665
Río Negro,UY-RN,2019,31,2019-08-05,2019-08-11,5,9810.67596839813,0.5096488780289816
Salto,UY-SA,2019,31,2019-08-05,2019-08-11,0,14170.87435119916,0.0
San José,UY-SJ,2019,31,2019-08-05,2019-08-11,3,5002.920653176918,0.5996497262244129
Soriano,UY-SO,2019,31,2019-08-05,2019-08-11,16,9122.538742945157,1.753897730757622
Tacuarembó,UY-TA,2019,31,2019-08-05,2019-08-11,1,15973.367767510354,0.06260420560991455
Treinta y Tres,UY-TT,2019,31,2019-08-05,2019-08-11,5,9285.005878360264,0.5385026208387282
Artigas,UY-AR,2019,32,2019-08-12,2019-08-18,6,12010.600679730765,0.4995586948557596
Canelones,UY-CA,2019,32,2019-08-12,2019-08-18,0,4520.87871068126,0.0
Cerro Largo,UY-CL,2019,32,2019-08-12,2019-08-18,4,13655.557447815512,0.2929210334536641
Colonia,UY-CO,2019,32,2019-08-12,2019-08-18,1,6112.026851866528,0.16361184664864717
Durazno,UY-DU,2019,32,2019-08-12,2019-08-18,3,12228.10425056514,0.2453364755915743
Flores,UY-FS,2019,32,2019-08-12,2019-08-18,0,5140.77049712524,0.0
Florida,UY-FD,2019,32,2019-08-12,2019-08-18,1,10405.572253242583,0.09610235512884745
Lavalleja,UY-LA,2019,32,2019-08-12,2019-08-18,4,10031.272844140674,0.39875298600181364
Maldonado,UY-MA,2019,32,2019-08-12,2019-08-18,0,4803.260185508939,0.0
Montevideo,UY-MO,2019,32,2019-08-12,2019-08-18,0,527.7536386520376,0.0
Paysandú,UY-PA,2019,32,2019-08-12,2019-08-18,5,14088.526169172621,0.3548987268051216
Rivera,UY-RV,2019,32,2019-08-12,2019-08-18,3,9329.550532265199,0.32155889928725273
Rocha,UY-RO,2019,32,2019-08-12,2019-08-18,0,10558.553826772255,0.0
Río Negro,UY-RN,2019,32,2019-08-12,2019-08-18,7,9810.67596839813,0.7135084292405742
Salto,UY-SA,2019,32,2019-08-12,2019-08-18,2,14170.87435119916,0.14113455178796058
San José,UY-SJ,2019,32,2019-08-12,2019-08-18,1,5002.920653176918,0.19988324207480432
Soriano,UY-SO,2019,32,2019-08-12,2019-08-18,3,9122.538742945157,0.32885582451705414
Tacuarembó,UY-TA,2019,32,2019-08-12,2019-08-18,0,15973.367767510354,0.0
Treinta y Tres,UY-TT,2019,32,2019-08-12,2019-08-18,1,9285.005878360264,0.10770052416774566
Artigas,UY-AR,2019,33,2019-08-19,2019-08-25,9,12010.600679730765,0.7493380422836394
Canelones,UY-CA,2019,33,2019-08-19,2019-08-25,0,4520.87871068126,0.0
Cerro Largo,UY-CL,2019,33,2019-08-19,2019-08-25,10,13655.557447815512,0.7323025836341603
Colonia,UY-CO,2019,33,2019-08-19,2019-08-25,1,6112.026851866528,0.16361184664864717
Durazno,UY-DU,2019,33,2019-08-19,2019-08-25,8,12228.10425056514,0.6542306015775314
Flores,UY-FS,2019,33,2019-08-19,2019-08-25,2,5140.77049712524,0.3890467394174504
Florida,UY-FD,2019,33,2019-08-19,2019-08-25,2,10405.572253242583,0.1922047102576949
Lavalleja,UY-LA,2019,33,2019-08-19,2019-08-25,3,10031.272844140674,0.29906473950136025
Maldonado,UY-MA,2019,33,2019-08-19,2019-08-25,6,4803.260185508939,1.2491515696154734
Montevideo,UY-MO,2019,33,2019-08-19,2019-08-25,0,527.7536386520376,0.0
Paysandú,UY-PA,2019,33,2019-08-19,2019-08-25,6,14088.526169172621,0.4258784721661459
Rivera,UY-RV,2019,33,2019-08-19,2019-08-25,3,9329.550532265199,0.32155889928725273
Rocha,UY-RO,2019,33,2019-08-19,2019-08-25,6,10558.553826772255,0.56825964032938
Río Negro,UY-RN,2019,33,2019-08-19,2019-08-25,6,9810.67596839813,0.6115786536347779
Salto,UY-SA,2019,33,2019-08-19,2019-08-25,0,14170.87435119916,0.0
San José,UY-SJ,2019,33,2019-08-19,2019-08-25,0,5002.920653176918,0.0
Soriano,UY-SO,2019,33,2019-08-19,2019-08-25,10,9122.538742945157,1.0961860817235136
Tacuarembó,UY-TA,2019,33,2019-08-19,2019-08-25,6,15973.367767510354,0.3756252336594873
Treinta y Tres,UY-TT,2019,33,2019-08-19,2019-08-25,5,9285.005878360264,0.5385026208387282
Artigas,UY-AR,2019,34,2019-08-26,2019-09-01,2,12010.600679730765,0.16651956495191986
Canelones,UY-CA,2019,34,2019-08-26,2019-09-01,0,4520.87871068126,0.0
Cerro Largo,UY-CL,2019,34,2019-08-26,2019-09-01,2,13655.557447815512,0.14646051672683205
Colonia,UY-CO,2019,34,2019-08-26,2019-09-01,1,6112.026851866528,0.16361184664864717
Durazno,UY-DU,2019,34,2019-08-26,2019-09-01,1,12228.10425056514,0.08177882519719143
Flores,UY-FS,2019,34,2019-08-26,2019-09-01,0,5140.77049712524,0.0
Florida,UY-FD,2019,34,2019-08-26,2019-09-01,0,10405.572253242583,0.0
Lavalleja,UY-LA,2019,34,2019-08-26,2019-09-01,1,10031.272844140674,0.09968824650045341
Maldonado,UY-MA,2019,34,2019-08-26,2019-09-01,5,4803.260185508939,1.0409596413462279
Montevideo,UY-MO,2019,34,2019-08-26,2019-09-01,0,527.7536386520376,0.0
Paysandú,UY-PA,2019,34,2019-08-26,2019-09-01,1,14088.526169172621,0.0709797453610243
Rivera,UY-RV,2019,34,2019-08-26,2019-09-01,3,9329.550532265199,0.32155889928725273
Rocha,UY-RO,2019,34,2019-08-26,2019-09-01,2,10558.553826772255,0.1894198801097933
Río Negro,UY-RN,2019,34,2019-08-26,2019-09-01,0,9810.67596839813,0.0
Salto,UY-SA,2019,34,2019-08-26,2019-09-01,0,14170.87435119916,0.0
San José,UY-SJ,2019,34,2019-08-26,2019-09-01,1,5002.920653176918,0.19988324207480432
Soriano,UY-SO,2019,34,2019-08-26,2019-09-01,7,9122.538742945157,0.7673302572064596
Tacuarembó,UY-TA,2019,34,2019-08-26,2019-09-01,3,15973.367767510354,0.18781261682974365
Treinta y Tres,UY-TT,2019,34,2019-08-26,2019-09-01,0,9285.005878360264,0.0
Artigas,UY-AR,2019,35,2019-09-02,2019-09-08,4,12010.600679730765,0.3330391299038397
Canelones,UY-CA,2019,35,2019-09-02,2019-09-08,0,4520.87871068126,0.0
Cerro Largo,UY-CL,2019,35,2019-09-02,2019-09-08,12,13655.557447815512,0.8787631003609924
Colonia,UY-CO,2019,35,2019-09-02,2019-09-08,0,6112.026851866528,0.0
Durazno,UY-DU,2019,35,2019-09-02,2019-09-08,3,12228.10425056514,0.2453364755915743
Flores,UY-FS,2019,35,2019-09-02,2019-09-08,4,5140.77049712524,0.7780934788349008
Florida,UY-FD,2019,35,2019-09-02,2019-09-08,2,10405.572253242583,0.1922047102576949
Lavalleja,UY-LA,2019,35,2019-09-02,2019-09-08,2,10031.272844140674,0.19937649300090682
Maldonado,UY-MA,2019,35,2019-09-02,2019-09-08,3,4803.260185508939,0.6245757848077367
Montevideo,UY-MO,2019,35,2019-09-02,2019-09-08,0,527.7536386520376,0.0
Paysandú,UY-PA,2019,35,2019-09-02,2019-09-08,4,14088.526169172621,0.2839189814440972
Rivera,UY-RV,2019,35,2019-09-02,2019-09-08,8,9329.550532265199,0.8574903980993406
Rocha,UY-RO,2019,35,2019-09-02,2019-09-08,11,10558.553826772255,1.0418093406038633
Río Negro,UY-RN,2019,35,2019-09-02,2019-09-08,1,9810.67596839813,0.10192977560579633
Salto,UY-SA,2019,35,2019-09-02,2019-09-08,4,14170.87435119916,0.28226910357592117
San José,UY-SJ,2019,35,2019-09-02,2019-09-08,3,5002.920653176918,0.5996497262244129
Soriano,UY-SO,2019,35,2019-09-02,2019-09-08,5,9122.538742945157,0.5480930408617568
Tacuarembó,UY-TA,2019,35,2019-09-02,2019-09-08,2,15973.367767510354,0.1252084112198291
Treinta y Tres,UY-TT,2019,35,2019-09-02,2019-09-08,5,9285.005878360264,0.5385026208387282
Artigas,UY-AR,2019,36,2019-09-09,2019-09-15,3,12010.600679730765,0.2497793474278798
Canelones,UY-CA,2019,36,2019-09-09,2019-09-15,0,4520.87871068126,0.0
Cerro Largo,UY-CL,2019,36,2019-09-09,2019-09-15,1,13655.557447815512,0.07323025836341603
Colonia,UY-CO,2019,36,2019-09-09,2019-09-15,0,6112.026851866528,0.0
Durazno,UY-DU,2019,36,2019-09-09,2019-09-15,1,12228.10425056514,0.08177882519719143
Flores,UY-FS,2019,36,2019-09-09,2019-09-15,0,5140.77049712524,0.0
Florida,UY-FD,2019,36,2019-09-09,2019-09-15,2,10405.572253242583,0.1922047102576949
Lavalleja,UY-LA,2019,36,2019-09-09,2019-09-15,4,10031.272844140674,0.39875298600181364
Maldonado,UY-MA,2019,36,2019-09-09,2019-09-15,0,4803.260185508939,0.0
Montevideo,UY-MO,2019,36,2019-09-09,2019-09-15,0,527.7536386520376,0.0
Paysandú,UY-PA,2019,36,2019-09-09,2019-09-15,0,14088.526169172621,0.0
Rivera,UY-RV,2019,36,2019-09-09,2019-09-15,0,9329.550532265199,0.0
Rocha,UY-RO,2019,36,2019-09-09,2019-09-15,3,10558.553826772255,0.28412982016469
Río Negro,UY-RN,2019,36,2019-09-09,2019-09-15,0,9810.67596839813,0.0
Salto,UY-SA,2019,36,2019-09-09,2019-09-15,0,14170.87435119916,0.0
San José,UY-SJ,2019,36,2019-09-09,2019-09-15,1,5002.920653176918,0.19988324207480432
Soriano,UY-SO,2019,36,2019-09-09,2019-09-15,0,9122.538742945157,0.0
Tacuarembó,UY-TA,2019,36,2019-09-09,2019-09-15,3,15973.367767510354,0.18781261682974365
Treinta y Tres,UY-TT,2019,36,2019-09-09,2019-09-15,2,9285.005878360264,0.2154010483354913
Artigas,UY-AR,2019,37,2019-09-16,2019-09-22,6,12010.600679730765,0.4995586948557596
Canelones,UY-CA,2019,37,2019-09-16,2019-09-22,3,4520.87871068126,0.6635878093592836
Cerro Largo,UY-CL,2019,37,2019-09-16,2019-09-22,10,13655.557447815512,0.7323025836341603
Colonia,UY-CO,2019,37,2019-09-16,2019-09-22,5,6112.026851866528,0.8180592332432358
Durazno,UY-DU,2019,37,2019-09-16,2019-09-22,2,12228.10425056514,0.16355765039438286
Flores,UY-FS,2019,37,2019-09-16,2019-09-22,7,5140.77049712524,1.3616635879610763
Florida,UY-FD,2019,37,2019-09-16,2019-09-22,6,10405.572253242583,0.5766141307730847
Lavalleja,UY-LA,2019,37,2019-09-16,2019-09-22,1,10031.272844140674,0.09968824650045341
Maldonado,UY-MA,2019,37,2019-09-16,2019-09-22,3,4803.260185508939,0.6245757848077367
Montevideo,UY-MO,2019,37,2019-09-16,2019-09-22,0,527.7536386520376,0.0
Paysandú,UY-PA,2019,37,2019-09-16,2019-09-22,2,14088.526169172621,0.1419594907220486
Rivera,UY-RV,2019,37,2019-09-16,2019-09-22,6,9329.550532265199,0.6431177985745055
Rocha,UY-RO,2019,37,2019-09-16,2019-09-22,6,10558.553826772255,0.56825964032938
Río Negro,UY-RN,2019,37,2019-09-16,2019-09-22,0,9810.67596839813,0.0
Salto,UY-SA,2019,37,2019-09-16,2019-09-22,1,14170.87435119916,0.07056727589398029
San José,UY-SJ,2019,37,2019-09-16,2019-09-22,9,5002.920653176918,1.798949178673239
Soriano,UY-SO,2019,37,2019-09-16,2019-09-22,6,9122.538742945157,0.6577116490341083
Tacuarembó,UY-TA,2019,37,2019-09-16,2019-09-22,3,15973.367767510354,0.18781261682974365
Treinta y Tres,UY-TT,2019,37,2019-09-16,2019-09-22,2,9285.005878360264,0.2154010483354913
Artigas,UY-AR,2019,38,2019-09-23,2019-09-29,6,12010.600679730765,0.4995586948557596
Canelones,UY-CA,2019,38,2019-09-23,2019-09-29,1,4520.87871068126,0.22119593645309454
Cerro Largo,UY-CL,2019,38,2019-09-23,2019-09-29,7,13655.557447815512,0.5126118085439122
Colonia,UY-CO,2019,38,2019-09-23,2019-09-29,3,6112.026851866528,0.4908355399459415
Durazno,UY-DU,2019,38,2019-09-23,2019-09-29,3,12228.10425056514,0.2453364755915743
Flores,UY-FS,2019,38,2019-09-23,2019-09-29,0,5140.77049712524,0.0
Florida,UY-FD,2019,38,2019-09-23,2019-09-29,3,10405.572253242583,0.2883070653865423
Lavalleja,UY-LA,2019,38,2019-09-23,2019-09-29,7,10031.272844140674,0.6978177255031739
Maldonado,UY-MA,2019,38,2019-09-23,2019-09-29,6,4803.260185508939,1.2491515696154734
Montevideo,UY-MO,2019,38,2019-09-23,2019-09-29,1,527.7536386520376,1.8948235061991252
Paysandú,UY-PA,2019,38,2019-09-23,2019-09-29,3,14088.526169172621,0.21293923608307294
Rivera,UY-RV,2019,38,2019-09-23,2019-09-29,3,9329.550532265199,0.32155889928725273
Rocha,UY-RO,2019,38,2019-09-23,2019-09-29,13,10558.553826772255,1.2312292207136564
Río Negro,UY-RN,2019,38,2019-09-23,2019-09-29,1,9810.67596839813,0.10192977560579633
Salto,UY-SA,2019,38,2019-09-23,2019-09-29,0,14170.87435119916,0.0
San José,UY-SJ,2019,38,2019-09-23,2019-09-29,9,5002.920653176918,1.798949178673239
Soriano,UY-SO,2019,38,2019-09-23,2019-09-29,6,9122.538742945157,0.6577116490341083
Tacuarembó,UY-TA,2019,38,2019-09-23,2019-09-29,10,15973.367767510354,0.6260420560991455
Treinta y Tres,UY-TT,2019,38,2019-09-23,2019-09-29,14,9285.005878360264,1.5078073383484392
Artigas,UY-AR,2019,39,2019-09-30,2019-10-06,0,12010.600679730765,0.0
Canelones,UY-CA,2019,39,2019-09-30,2019-10-06,3,4520.87871068126,0.6635878093592836
Cerro Largo,UY-CL,2019,39,2019-09-30,2019-10-06,2,13655.557447815512,0.14646051672683205
Colonia,UY-CO,2019,39,2019-09-30,2019-10-06,0,6112.026851866528,0.0
Durazno,UY-DU,2019,39,2019-09-30,2019-10-06,2,12228.10425056514,0.16355765039438286
Flores,UY-FS,2019,39,2019-09-30,2019-10-06,0,5140.77049712524,0.0
Florida,UY-FD,2019,39,2019-09-30,2019-10-06,1,10405.572253242583,0.09610235512884745
Lavalleja,UY-LA,2019,39,2019-09-30,2019-10-06,1,10031.272844140674,0.09968824650045341
Maldonado,UY-MA,2019,39,2019-09-30,2019-10-06,1,4803.260185508939,0.20819192826924554
Montevideo,UY-MO,2019,39,2019-09-30,2019-10-06,0,527.7536386520376,0.0
Paysandú,UY-PA,2019,39,2019-09-30,2019-10-06,0,14088.526169172621,0.0
Rivera,UY-RV,2019,39,2019-09-30,2019-10-06,3,9329.550532265199,0.32155889928725273
Rocha,UY-RO,2019,39,2019-09-30,2019-10-06,1,10558.553826772255,0.09470994005489665
Río Negro,UY-RN,2019,39,2019-09-30,2019-10-06,0,9810.67596839813,0.0
Salto,UY-SA,2019,39,2019-09-30,2019-10-06,0,14170.87435119916,0.0
San José,UY-SJ,2019,39,2019-09-30,2019-10-06,1,5002.920653176918,0.19988324207480432
Soriano,UY-SO,2019,39,2019-09-30,2019-10-06,1,9122.538742945157,0.10961860817235138
Tacuarembó,UY-TA,2019,39,2019-09-30,2019-10-06,3,15973.367767510354,0.18781261682974365
Treinta y Tres,UY-TT,2019,39,2019-09-30,2019-10-06,3,9285.005878360264,0.32310157250323696
Artigas,UY-AR,2019,40,2019-10-07,2019-10-13,4,12010.600679730765,0.3330391299038397
Canelones,UY-CA,2019,40,2019-10-07,2019-10-13,0,4520.87871068126,0.0
Cerro Largo,UY-CL,2019,40,2019-10-07,2019-10-13,2,13655.557447815512,0.14646051672683205
Colonia,UY-CO,2019,40,2019-10-07,2019-10-13,1,6112.026851866528,0.16361184664864717
Durazno,UY-DU,2019,40,2019-10-07,2019-10-13,5,12228.10425056514,0.4088941259859571
Flores,UY-FS,2019,40,2019-10-07,2019-10-13,0,5140.77049712524,0.0
Florida,UY-FD,2019,40,2019-10-07,2019-10-13,2,10405.572253242583,0.1922047102576949
Lavalleja,UY-LA,2019,40,2019-10-07,2019-10-13,3,10031.272844140674,0.29906473950136025
Maldonado,UY-MA,2019,40,2019-10-07,2019-10-13,1,4803.260185508939,0.20819192826924554
Montevideo,UY-MO,2019,40,2019-10-07,2019-10-13,0,527.7536386520376,0.0
Paysandú,UY-PA,2019,40,2019-10-07,2019-10-13,2,14088.526169172621,0.1419594907220486
Rivera,UY-RV,2019,40,2019-10-07,2019-10-13,0,9329.550532265199,0.0
Rocha,UY-RO,2019,40,2019-10-07,2019-10-13,2,10558.553826772255,0.1894198801097933
Río Negro,UY-RN,2019,40,2019-10-07,2019-10-13,1,9810.67596839813,0.10192977560579633
Salto,UY-SA,2019,40,2019-10-07,2019-10-13,0,14170.87435119916,0.0
San José,UY-SJ,2019,40,2019-10-07,2019-10-13,0,5002.920653176918,0.0
Soriano,UY-SO,2019,40,2019-10-07,2019-10-13,1,9122.538742945157,0.10961860817235138
Tacuarembó,UY-TA,2019,40,2019-10-07,2019-10-13,0,15973.367767510354,0.0
Treinta y Tres,UY-TT,2019,40,2019-10-07,2019-10-13,4,9285.005878360264,0.4308020966709826
Artigas,UY-AR,2019,41,2019-10-14,2019-10-20,0,12010.600679730765,0.0
Canelones,UY-CA,2019,41,2019-10-14,2019-10-20,0,4520.87871068126,0.0
Cerro Largo,UY-CL,2019,41,2019-10-14,2019-10-20,0,13655.557447815512,0.0
Colonia,UY-CO,2019,41,2019-10-14,2019-10-20,0,6112.026851866528,0.0
Durazno,UY-DU,2019,41,2019-10-14,2019-10-20,0,12228.10425056514,0.0
Flores,UY-FS,2019,41,2019-10-14,2019-10-20,0,5140.77049712524,0.0
Florida,UY-FD,2019,41,2019-10-14,2019-10-20,0,10405.572253242583,0.0
Lavalleja,UY-LA,2019,41,2019-10-14,2019-10-20,0,10031.272844140674,0.0
Maldonado,UY-MA,2019,41,2019-10-14,2019-10-20,0,4803.260185508939,0.0
Montevideo,UY-MO,2019,41,2019-10-14,2019-10-20,0,527.7536386520376,0.0
Paysandú,UY-PA,2019,41,2019-10-14,2019-10-20,0,14088.526169172621,0.0
Rivera,UY-RV,2019,41,2019-10-14,2019-10-20,0,9329.550532265199,0.0
Rocha,UY-RO,2019,41,2019-10-14,2019-10-20,0,10558.553826772255,0.0
Río Negro,UY-RN,2019,41,2019-10-14,2019-10-20,0,9810.67596839813,0.0
Salto,UY-SA,2019,41,2019-10-14,2019-10-20,0,14170.87435119916,0.0
San José,UY-SJ,2019,41,2019-10-14,2019-10-20,1,5002.920653176918,0.19988324207480432
Soriano,UY-SO,2019,41,2019-10-14,2019-10-20,0,9122.538742945157,0.0
Tacuarembó,UY-TA,2019,41,2019-10-14,2019-10-20,0,15973.367767510354,0.0
Treinta y Tres,UY-TT,2019,41,2019-10-14,2019-10-20,0,9285.005878360264,0.0
Artigas,UY-AR,2019,42,2019-10-21,2019-10-27,0,12010.600679730765,0.0
Canelones,UY-CA,2019,42,2019-10-21,2019-10-27,2,4520.87871068126,0.4423918729061891
Cerro Largo,UY-CL,2019,42,2019-10-21,2019-10-27,3,13655.557447815512,0.2196907750902481
Colonia,UY-CO,2019,42,2019-10-21,2019-10-27,1,6112.026851866528,0.16361184664864717
Durazno,UY-DU,2019,42,2019-10-21,2019-10-27,14,12228.10425056514,1.14490355276068
Flores,UY-FS,2019,42,2019-10-21,2019-10-27,1,5140.77049712524,0.1945233697087252
Florida,UY-FD,2019,42,2019-10-21,2019-10-27,0,10405.572253242583,0.0
Lavalleja,UY-LA,2019,42,2019-10-21,2019-10-27,4,10031.272844140674,0.39875298600181364
Maldonado,UY-MA,2019,42,2019-10-21,2019-10-27,3,4803.260185508939,0.6245757848077367
Montevideo,UY-MO,2019,42,2019-10-21,2019-10-27,0,527.7536386520376,0.0
Paysandú,UY-PA,2019,42,2019-10-21,2019-10-27,0,14088.526169172621,0.0
Rivera,UY-RV,2019,42,2019-10-21,2019-10-27,0,9329.550532265199,0.0
Rocha,UY-RO,2019,42,2019-10-21,2019-10-27,7,10558.553826772255,0.6629695803842766
Río Negro,UY-RN,2019,42,2019-10-21,2019-10-27,1,9810.67596839813,0.10192977560579633
Salto,UY-SA,2019,42,2019-10-21,2019-10-27,0,14170.87435119916,0.0
San José,UY-SJ,2019,42,2019-10-21,2019-10-27,2,5002.920653176918,0.39976648414960864
Soriano,UY-SO,2019,42,2019-10-21,2019-10-27,4,9122.538742945157,0.4384744326894055
Tacuarembó,UY-TA,2019,42,2019-10-21,2019-10-27,1,15973.367767510354,0.06260420560991455
Treinta y Tres,UY-TT,2019,42,2019-10-21,2019-10-27,4,9285.005878360264,0.4308020966709826
Artigas,UY-AR,2019,43,2019-10-28,2019-11-03,0,12010.600679730765,0.0
Canelones,UY-CA,2019,43,2019-10-28,2019-11-03,4,4520.87871068126,0.8847837458123782
Cerro Largo,UY-CL,2019,43,2019-10-28,2019-11-03,1,13655.557447815512,0.07323025836341603
Colonia,UY-CO,2019,43,2019-10-28,2019-11-03,3,6112.026851866528,0.4908355399459415
Durazno,UY-DU,2019,43,2019-10-28,2019-11-03,1,12228.10425056514,0.08177882519719143
Flores,UY-FS,2019,43,2019-10-28,2019-11-03,0,5140.77049712524,0.0
Florida,UY-FD,2019,43,2019-10-28,2019-11-03,1,10405.572253242583,0.09610235512884745
Lavalleja,UY-LA,2019,43,2019-10-28,2019-11-03,1,10031.272844140674,0.09968824650045341
Maldonado,UY-MA,2019,43,2019-10-28,2019-11-03,2,4803.260185508939,0.4163838565384911
Montevideo,UY-MO,2019,43,2019-10-28,2019-11-03,0,527.7536386520376,0.0
Paysandú,UY-PA,2019,43,2019-10-28,2019-11-03,0,14088.526169172621,0.0
Rivera,UY-RV,2019,43,2019-10-28,2019-11-03,1,9329.550532265199,0.10718629976241757
Rocha,UY-RO,2019,43,2019-10-28,2019-11-03,0,10558.553826772255,0.0
Río Negro,UY-RN,2019,43,2019-10-28,2019-11-03,0,9810.67596839813,0.0
Salto,UY-SA,2019,43,2019-10-28,2019-11-03,0,14170.87435119916,0.0
San José,UY-SJ,2019,43,2019-10-28,2019-11-03,0,5002.920653176918,0.0
Soriano,UY-SO,2019,43,2019-10-28,2019-11-03,1,9122.538742945157,0.10961860817235138
Tacuarembó,UY-TA,2019,43,2019-10-28,2019-11-03,0,15973.367767510354,0.0
Treinta y Tres,UY-TT,2019,43,2019-10-28,2019-11-03,0,9285.005878360264,0.0
Artigas,UY-AR,2019,44,2019-11-04,2019-11-10,0,12010.600679730765,0.0
Canelones,UY-CA,2019,44,2019-11-04,2019-11-10,7,4520.87871068126,1.548371555171662
Cerro Largo,UY-CL,2019,44,2019-11-04,2019-11-10,3,13655.557447815512,0.2196907750902481
Colonia,UY-CO,2019,44,2019-11-04,2019-11-10,1,6112.026851866528,0.16361184664864717
Durazno,UY-DU,2019,44,2019-11-04,2019-11-10,1,12228.10425056514,0.08177882519719143
Flores,UY-FS,2019,44,2019-11-04,2019-11-10,1,5140.77049712524,0.1945233697087252
Florida,UY-FD,2019,44,2019-11-04,2019-11-10,1,10405.572253242583,0.09610235512884745
Lavalleja,UY-LA,2019,44,2019-11-04,2019-11-10,4,10031.272844140674,0.39875298600181364
Maldonado,UY-MA,2019,44,2019-11-04,2019-11-10,2,4803.260185508939,0.4163838565384911
Montevideo,UY-MO,2019,44,2019-11-04,2019-11-10,0,527.7536386520376,0.0
Paysandú,UY-PA,2019,44,2019-11-04,2019-11-10,0,14088.526169172621,0.0
Rivera,UY-RV,2019,44,2019-11-04,2019-11-10,1,9329.550532265199,0.10718629976241757
Rocha,UY-RO,2019,44,2019-11-04,2019-11-10,1,10558.553826772255,0.09470994005489665
Río Negro,UY-RN,2019,44,2019-11-04,2019-11-10,0,9810.67596839813,0.0
Salto,UY-SA,2019,44,2019-11-04,2019-11-10,1,14170.87435119916,0.07056727589398029
San José,UY-SJ,2019,44,2019-11-04,2019-11-10,3,5002.920653176918,0.5996497262244129
Soriano,UY-SO,2019,44,2019-11-04,2019-11-10,3,9122.538742945157,0.32885582451705414
Tacuarembó,UY-TA,2019,44,2019-11-04,2019-11-10,3,15973.367767510354,0.18781261682974365
Treinta y Tres,UY-TT,2019,44,2019-11-04,2019-11-10,2,9285.005878360264,0.2154010483354913
Artigas,UY-AR,2019,45,2019-11-11,2019-11-17,0,12010.600679730765,0.0
Canelones,UY-CA,2019,45,2019-11-11,2019-11-17,3,4520.87871068126,0.6635878093592836
Cerro Largo,UY-CL,2019,45,2019-11-11,2019-11-17,4,13655.557447815512,0.2929210334536641
Colonia,UY-CO,2019,45,2019-11-11,2019-11-17,1,6112.026851866528,0.16361184664864717
Durazno,UY-DU,2019,45,2019-11-11,2019-11-17,4,12228.10425056514,0.3271153007887657
Flores,UY-FS,2019,45,2019-11-11,2019-11-17,1,5140.77049712524,0.1945233697087252
Florida,UY-FD,2019,45,2019-11-11,2019-11-17,1,10405.572253242583,0.09610235512884745
Lavalleja,UY-LA,2019,45,2019-11-11,2019-11-17,1,10031.272844140674,0.09968824650045341
Maldonado,UY-MA,2019,45,2019-11-11,2019-11-17,1,4803.260185508939,0.20819192826924554
Montevideo,UY-MO,2019,45,2019-11-11,2019-11-17,0,527.7536386520376,0.0
Paysandú,UY-PA,2019,45,2019-11-11,2019-11-17,0,14088.526169172621,0.0
Rivera,UY-RV,2019,45,2019-11-11,2019-11-17,0,9329.550532265199,0.0
Rocha,UY-RO,2019,45,2019-11-11,2019-11-17,1,10558.553826772255,0.09470994005489665
Río Negro,UY-RN,2019,45,2019-11-11,2019-11-17,0,9810.67596839813,0.0
Salto,UY-SA,2019,45,2019-11-11,2019-11-17,0,14170.87435119916,0.0
San José,UY-SJ,2019,45,2019-11-11,2019-11-17,0,5002.920653176918,0.0
Soriano,UY-SO,2019,45,2019-11-11,2019-11-17,1,9122.538742945157,0.10961860817235138
Tacuarembó,UY-TA,2019,45,2019-11-11,2019-11-17,0,15973.367767510354,0.0
Treinta y Tres,UY-TT,2019,45,2019-11-11,2019-11-17,1,9285.005878360264,0.10770052416774566
Artigas,UY-AR,2019,46,2019-11-18,2019-11-24,0,12010.600679730765,0.0
Canelones,UY-CA,2019,46,2019-11-18,2019-11-24,7,4520.87871068126,1.548371555171662
Cerro Largo,UY-CL,2019,46,2019-11-18,2019-11-24,1,13655.557447815512,0.07323025836341603
Colonia,UY-CO,2019,46,2019-11-18,2019-11-24,1,6112.026851866528,0.16361184664864717
Durazno,UY-DU,2019,46,2019-11-18,2019-11-24,1,12228.10425056514,0.08177882519719143
Flores,UY-FS,2019,46,2019-11-18,2019-11-24,2,5140.77049712524,0.3890467394174504
Florida,UY-FD,2019,46,2019-11-18,2019-11-24,2,10405.572253242583,0.1922047102576949
Lavalleja,UY-LA,2019,46,2019-11-18,2019-11-24,1,10031.272844140674,0.09968824650045341
Maldonado,UY-MA,2019,46,2019-11-18,2019-11-24,1,4803.260185508939,0.20819192826924554
Montevideo,UY-MO,2019,46,2019-11-18,2019-11-24,0,527.7536386520376,0.0
Paysandú,UY-PA,2019,46,2019-11-18,2019-11-24,0,14088.526169172621,0.0
Rivera,UY-RV,2019,46,2019-11-18,2019-11-24,0,9329.550532265199,0.0
Rocha,UY-RO,2019,46,2019-11-18,2019-11-24,1,10558.553826772255,0.09470994005489665
Río Negro,UY-RN,2019,46,2019-11-18,2019-11-24,1,9810.67596839813,0.10192977560579633
Salto,UY-SA,2019,46,2019-11-18,2019-11-24,0,14170.87435119916,0.0
San José,UY-SJ,2019,46,2019-11-18,2019-11-24,1,5002.920653176918,0.19988324207480432
Soriano,UY-SO,2019,46,2019-11-18,2019-11-24,1,9122.538742945157,0.10961860817235138
Tacuarembó,UY-TA,2019,46,2019-11-18,2019-11-24,0,15973.367767510354,0.0
Treinta y Tres,UY-TT,2019,46,2019-11-18,2019-11-24,2,9285.005878360264,0.2154010483354913
Artigas,UY-AR,2019,47,2019-11-25,2019-12-01,1,12010.600679730765,0.08325978247595993
Canelones,UY-CA,2019,47,2019-11-25,2019-12-01,4,4520.87871068126,0.8847837458123782
Cerro Largo,UY-CL,2019,47,2019-11-25,2019-12-01,2,13655.557447815512,0.14646051672683205
Colonia,UY-CO,2019,47,2019-11-25,2019-12-01,0,6112.026851866528,0.0
Durazno,UY-DU,2019,47,2019-11-25,2019-12-01,0,12228.10425056514,0.0
Flores,UY-FS,2019,47,2019-11-25,2019-12-01,1,5140.77049712524,0.1945233697087252
Florida,UY-FD,2019,47,2019-11-25,2019-12-01,6,10405.572253242583,0.5766141307730847
Lavalleja,UY-LA,2019,47,2019-11-25,2019-12-01,6,10031.272844140674,0.5981294790027205
Maldonado,UY-MA,2019,47,2019-11-25,2019-12-01,2,4803.260185508939,0.4163838565384911
Montevideo,UY-MO,2019,47,2019-11-25,2019-12-01,0,527.7536386520376,0.0
Paysandú,UY-PA,2019,47,2019-11-25,2019-12-01,0,14088.526169172621,0.0
Rivera,UY-RV,2019,47,2019-11-25,2019-12-01,0,9329.550532265199,0.0
Rocha,UY-RO,2019,47,2019-11-25,2019-12-01,2,10558.553826772255,0.1894198801097933
Río Negro,UY-RN,2019,47,2019-11-25,2019-12-01,2,9810.67596839813,0.20385955121159266
Salto,UY-SA,2019,47,2019-11-25,2019-12-01,0,14170.87435119916,0.0
San José,UY-SJ,2019,47,2019-11-25,2019-12-01,1,5002.920653176918,0.19988324207480432
Soriano,UY-SO,2019,47,2019-11-25,2019-12-01,2,9122.538742945157,0.21923721634470275
Tacuarembó,UY-TA,2019,47,2019-11-25,2019-12-01,4,15973.367767510354,0.2504168224396582
Treinta y Tres,UY-TT,2019,47,2019-11-25,2019-12-01,3,9285.005878360264,0.32310157250323696
Artigas,UY-AR,2019,48,2019-12-02,2019-12-08,0,12010.600679730765,0.0
Canelones,UY-CA,2019,48,2019-12-02,2019-12-08,2,4520.87871068126,0.4423918729061891
Cerro Largo,UY-CL,2019,48,2019-12-02,2019-12-08,2,13655.557447815512,0.14646051672683205
Colonia,UY-CO,2019,48,2019-12-02,2019-12-08,5,6112.026851866528,0.8180592332432358
Durazno,UY-DU,2019,48,2019-12-02,2019-12-08,0,12228.10425056514,0.0
Flores,UY-FS,2019,48,2019-12-02,2019-12-08,0,5140.77049712524,0.0
Florida,UY-FD,2019,48,2019-12-02,2019-12-08,1,10405.572253242583,0.09610235512884745
Lavalleja,UY-LA,2019,48,2019-12-02,2019-12-08,2,10031.272844140674,0.19937649300090682
Maldonado,UY-MA,2019,48,2019-12-02,2019-12-08,1,4803.260185508939,0.20819192826924554
Montevideo,UY-MO,2019,48,2019-12-02,2019-12-08,0,527.7536386520376,0.0
Paysandú,UY-PA,2019,48,2019-12-02,2019-12-08,0,14088.526169172621,0.0
Rivera,UY-RV,2019,48,2019-12-02,2019-12-08,0,9329.550532265199,0.0
Rocha,UY-RO,2019,48,2019-12-02,2019-12-08,3,10558.553826772255,0.28412982016469
Río Negro,UY-RN,2019,48,2019-12-02,2019-12-08,0,9810.67596839813,0.0
Salto,UY-SA,2019,48,2019-12-02,2019-12-08,0,14170.87435119916,0.0
San José,UY-SJ,2019,48,2019-12-02,2019-12-08,2,5002.920653176918,0.39976648414960864
Soriano,UY-SO,2019,48,2019-12-02,2019-12-08,0,9122.538742945157,0.0
Tacuarembó,UY-TA,2019,48,2019-12-02,2019-12-08,1,15973.367767510354,0.06260420560991455
Treinta y Tres,UY-TT,2019,48,2019-12-02,2019-12-08,1,9285.005878360264,0.10770052416774566
Artigas,UY-AR,2019,49,2019-12-09,2019-12-15,0,12010.600679730765,0.0
Canelones,UY-CA,2019,49,2019-12-09,2019-12-15,3,4520.87871068126,0.6635878093592836
Cerro Largo,UY-CL,2019,49,2019-12-09,2019-12-15,4,13655.557447815512,0.2929210334536641
Colonia,UY-CO,2019,49,2019-12-09,2019-12-15,3,6112.026851866528,0.4908355399459415
Durazno,UY-DU,2019,49,2019-12-09,2019-12-15,0,12228.10425056514,0.0
Flores,UY-FS,2019,49,2019-12-09,2019-12-15,0,5140.77049712524,0.0
Florida,UY-FD,2019,49,2019-12-09,2019-12-15,1,10405.572253242583,0.09610235512884745
Lavalleja,UY-LA,2019,49,2019-12-09,2019-12-15,3,10031.272844140674,0.29906473950136025
Maldonado,UY-MA,2019,49,2019-12-09,2019-12-15,1,4803.260185508939,0.20819192826924554
Montevideo,UY-MO,2019,49,2019-12-09,2019-12-15,2,527.7536386520376,3.7896470123982504
Paysandú,UY-PA,2019,49,2019-12-09,2019-12-15,0,14088.526169172621,0.0
Rivera,UY-RV,2019,49,2019-12-09,2019-12-15,1,9329.550532265199,0.10718629976241757
Rocha,UY-RO,2019,49,2019-12-09,2019-12-15,23,10558.553826772255,2.178328621262623
Río Negro,UY-RN,2019,49,2019-12-09,2019-12-15,0,9810.67596839813,0.0
Salto,UY-SA,2019,49,2019-12-09,2019-12-15,0,14170.87435119916,0.0
San José,UY-SJ,2019,49,2019-12-09,2019-12-15,0,5002.920653176918,0.0
Soriano,UY-SO,2019,49,2019-12-09,2019-12-15,0,9122.538742945157,0.0
Tacuarembó,UY-TA,2019,49,2019-12-09,2019-12-15,1,15973.367767510354,0.06260420560991455
Treinta y Tres,UY-TT,2019,49,2019-12-09,2019-12-15,1,9285.005878360264,0.10770052416774566
Artigas,UY-AR,2019,50,2019-12-16,2019-12-22,1,12010.600679730765,0.08325978247595993
Canelones,UY-CA,2019,50,2019-12-16,2019-12-22,5,4520.87871068126,1.1059796822654728
Cerro Largo,UY-CL,2019,50,2019-12-16,2019-12-22,3,13655.557447815512,0.2196907750902481
Colonia,UY-CO,2019,50,2019-12-16,2019-12-22,4,6112.026851866528,0.6544473865945887
Durazno,UY-DU,2019,50,2019-12-16,2019-12-22,0,12228.10425056514,0.0
Flores,UY-FS,2019,50,2019-12-16,2019-12-22,1,5140.77049712524,0.1945233697087252
Florida,UY-FD,2019,50,2019-12-16,2019-12-22,3,10405.572253242583,0.2883070653865423
Lavalleja,UY-LA,2019,50,2019-12-16,2019-12-22,5,10031.272844140674,0.4984412325022671
Maldonado,UY-MA,2019,50,2019-12-16,2019-12-22,1,4803.260185508939,0.20819192826924554
Montevideo,UY-MO,2019,50,2019-12-16,2019-12-22,1,527.7536386520376,1.8948235061991252
Paysandú,UY-PA,2019,50,2019-12-16,2019-12-22,0,14088.526169172621,0.0
Rivera,UY-RV,2019,50,2019-12-16,2019-12-22,1,9329.550532265199,0.10718629976241757
Rocha,UY-RO,2019,50,2019-12-16,2019-12-22,2,10558.553826772255,0.1894198801097933
Río Negro,UY-RN,2019,50,2019-12-16,2019-12-22,0,9810.67596839813,0.0
Salto,UY-SA,2019,50,2019-12-16,2019-12-22,0,14170.87435119916,0.0
San José,UY-SJ,2019,50,2019-12-16,2019-12-22,0,5002.920653176918,0.0
Soriano,UY-SO,2019,50,2019-12-16,2019-12-22,1,9122.538742945157,0.10961860817235138
Tacuarembó,UY-TA,2019,50,2019-12-16,2019-12-22,2,15973.367767510354,0.1252084112198291
Treinta y Tres,UY-TT,2019,50,2019-12-16,2019-12-22,2,9285.005878360264,0.2154010483354913
Artigas,UY-AR,2019,51,2019-12-23,2019-12-29,0,12010.600679730765,0.0
Canelones,UY-CA,2019,51,2019-12-23,2019-12-29,9,4520.87871068126,1.990763428077851
Cerro Largo,UY-CL,2019,51,2019-12-23,2019-12-29,1,13655.557447815512,0.07323025836341603
Colonia,UY-CO,2019,51,2019-12-23,2019-12-29,0,6112.026851866528,0.0
Durazno,UY-DU,2019,51,2019-12-23,2019-12-29,1,12228.10425056514,0.08177882519719143
Flores,UY-FS,2019,51,2019-12-23,2019-12-29,1,5140.77049712524,0.1945233697087252
Florida,UY-FD,2019,51,2019-12-23,2019-12-29,4,10405.572253242583,0.3844094205153898
Lavalleja,UY-LA,2019,51,2019-12-23,2019-12-29,3,10031.272844140674,0.29906473950136025
Maldonado,UY-MA,2019,51,2019-12-23,2019-12-29,2,4803.260185508939,0.4163838565384911
Montevideo,UY-MO,2019,51,2019-12-23,2019-12-29,0,527.7536386520376,0.0
Paysandú,UY-PA,2019,51,2019-12-23,2019-12-29,0,14088.526169172621,0.0
Rivera,UY-RV,2019,51,2019-12-23,2019-12-29,0,9329.550532265199,0.0
Rocha,UY-RO,2019,51,2019-12-23,2019-12-29,2,10558.553826772255,0.1894198801097933
Río Negro,UY-RN,2019,51,2019-12-23,2019-12-29,1,9810.67596839813,0.10192977560579633
Salto,UY-SA,2019,51,2019-12-23,2019-12-29,1,14170.87435119916,0.07056727589398029
San José,UY-SJ,2019,51,2019-12-23,2019-12-29,0,5002.920653176918,0.0
Soriano,UY-SO,2019,51,2019-12-23,2019-12-29,2,9122.538742945157,0.21923721634470275
Tacuarembó,UY-TA,2019,51,2019-12-23,2019-12-29,1,15973.367767510354,0.06260420560991455
Treinta y Tres,UY-TT,2019,51,2019-12-23,2019-12-29,2,9285.005878360264,0.2154010483354913
Artigas,UY-AR,2019,52,2019-12-30,2020-01-05,0,12010.600679730765,0.0
Canelones,UY-CA,2019,52,2019-12-30,2020-01-05,1,4520.87871068126,0.22119593645309454
Cerro Largo,UY-CL,2019,52,2019-12-30,2020-01-05,1,13655.557447815512,0.07323025836341603
Colonia,UY-CO,2019,52,2019-12-30,2020-01-05,0,6112.026851866528,0.0
Durazno,UY-DU,2019,52,2019-12-30,2020-01-05,0,12228.10425056514,0.0
Flores,UY-FS,2019,52,2019-12-30,2020-01-05,0,5140.77049712524,0.0
Florida,UY-FD,2019,52,2019-12-30,2020-01-05,0,10405.572253242583,0.0
Lavalleja,UY-LA,2019,52,2019-12-30,2020-01-05,0,10031.272844140674,0.0
Maldonado,UY-MA,2019,52,2019-12-30,2020-01-05,0,4803.260185508939,0.0
Montevideo,UY-MO,2019,52,2019-12-30,2020-01-05,0,527.7536386520376,0.0
Paysandú,UY-PA,2019,52,2019-12-30,2020-01-05,0,14088.526169172621,0.0
Rivera,UY-RV,2019,52,2019-12-30,2020-01-05,0,9329.550532265199,0.0
Rocha,UY-RO,2019,52,2019-12-30,2020-01-05,0,10558.553826772255,0.0
Río Negro,UY-RN,2019,52,2019-12-30,2020-01-05,0,9810.67596839813,0.0
Salto,UY-SA,2019,52,2019-12-30,2020-01-05,0,14170.87435119916,0.0
San José,UY-SJ,2019,52,2019-12-30,2020-01-05,2,5002.920653176918,0.39976648414960864
Soriano,UY-SO,2019,52,2019-12-30,2020-01-05,1,9122.538742945157,0.10961860817235138
Tacuarembó,UY-TA,2019,52,2019-12-30,2020-01-05,0,15973.367767510354,0.0
Treinta y Tres,UY-TT,2019,52,2019-12-30,2020-01-05,0,9285.005878360264,0.0
Artigas,UY-AR,2020,1,2020-01-06,2020-01-12,0,12010.600679730765,0.0
Canelones,UY-CA,2020,1,2020-01-06,2020-01-12,4,4520.87871068126,0.8847837458123782
Cerro Largo,UY-CL,2020,1,2020-01-06,2020-01-12,1,13655.557447815512,0.07323025836341603
Colonia,UY-CO,2020,1,2020-01-06,2020-01-12,3,6112.026851866528,0.4908355399459415
Durazno,UY-DU,2020,1,2020-01-06,2020-01-12,0,12228.10425056514,0.0
Flores,UY-FS,2020,1,2020-01-06,2020-01-12,0,5140.77049712524,0.0
Florida,UY-FD,2020,1,2020-01-06,2020-01-12,0,10405.572253242583,0.0
Lavalleja,UY-LA,2020,1,2020-01-06,2020-01-12,3,10031.272844140674,0.29906473950136025
Maldonado,UY-MA,2020,1,2020-01-06,2020-01-12,0,4803.260185508939,0.0
Montevideo,UY-MO,2020,1,2020-01-06,2020-01-12,0,527.7536386520376,0.0
Paysandú,UY-PA,2020,1,2020-01-06,2020-01-12,0,14088.526169172621,0.0
Rivera,UY-RV,2020,1,2020-01-06,2020-01-12,4,9329.550532265199,0.4287451990496703
Rocha,UY-RO,2020,1,2020-01-06,2020-01-12,0,10558.553826772255,0.0
Río Negro,UY-RN,2020,1,2020-01-06,2020-01-12,0,9810.67596839813,0.0
Salto,UY-SA,2020,1,2020-01-06,2020-01-12,0,14170.87435119916,0.0
San José,UY-SJ,2020,1,2020-01-06,2020-01-12,0,5002.920653176918,0.0
Soriano,UY-SO,2020,1,2020-01-06,2020-01-12,1,9122.538742945157,0.10961860817235138
Tacuarembó,UY-TA,2020,1,2020-01-06,2020-01-12,1,15973.367767510354,0.06260420560991455
Treinta y Tres,UY-TT,2020,1,2020-01-06,2020-01-12,0,9285.005878360264,0.0
Artigas,UY-AR,2020,2,2020-01-13,2020-01-19,1,12010.600679730765,0.08325978247595993
Canelones,UY-CA,2020,2,2020-01-13,2020-01-19,5,4520.87871068126,1.1059796822654728
Cerro Largo,UY-CL,2020,2,2020-01-13,2020-01-19,3,13655.557447815512,0.2196907750902481
Colonia,UY-CO,2020,2,2020-01-13,2020-01-19,2,6112.026851866528,0.32722369329729434
Durazno,UY-DU,2020,2,2020-01-13,2020-01-19,2,12228.10425056514,0.16355765039438286
Flores,UY-FS,2020,2,2020-01-13,2020-01-19,1,5140.77049712524,0.1945233697087252
Florida,UY-FD,2020,2,2020-01-13,2020-01-19,4,10405.572253242583,0.3844094205153898
Lavalleja,UY-LA,2020,2,2020-01-13,2020-01-19,5,10031.272844140674,0.4984412325022671
Maldonado,UY-MA,2020,2,2020-01-13,2020-01-19,4,4803.260185508939,0.8327677130769822
Montevideo,UY-MO,2020,2,2020-01-13,2020-01-19,7,527.7536386520376,13.263764543393876
Paysandú,UY-PA,2020,2,2020-01-13,2020-01-19,0,14088.526169172621,0.0
Rivera,UY-RV,2020,2,2020-01-13,2020-01-19,0,9329.550532265199,0.0
Rocha,UY-RO,2020,2,2020-01-13,2020-01-19,0,10558.553826772255,0.0
Río Negro,UY-RN,2020,2,2020-01-13,2020-01-19,0,9810.67596839813,0.0
Salto,UY-SA,2020,2,2020-01-13,2020-01-19,0,14170.87435119916,0.0
San José,UY-SJ,2020,2,2020-01-13,2020-01-19,1,5002.920653176918,0.19988324207480432
Soriano,UY-SO,2020,2,2020-01-13,2020-01-19,2,9122.538742945157,0.21923721634470275
Tacuarembó,UY-TA,2020,2,2020-01-13,2020-01-19,1,15973.367767510354,0.06260420560991455
Treinta y Tres,UY-TT,2020,2,2020-01-13,2020-01-19,1,9285.005878360264,0.10770052416774566
Artigas,UY-AR,2020,3,2020-01-20,2020-01-26,0,12010.600679730765,0.0
Canelones,UY-CA,2020,3,2020-01-20,2020-01-26,7,4520.87871068126,1.548371555171662
Cerro Largo,UY-CL,2020,3,2020-01-20,2020-01-26,1,13655.557447815512,0.07323025836341603
Colonia,UY-CO,2020,3,2020-01-20,2020-01-26,0,6112.026851866528,0.0
Durazno,UY-DU,2020,3,2020-01-20,2020-01-26,0,12228.10425056514,0.0
Flores,UY-FS,2020,3,2020-01-20,2020-01-26,0,5140.77049712524,0.0
Florida,UY-FD,2020,3,2020-01-20,2020-01-26,1,10405.572253242583,0.09610235512884745
Lavalleja,UY-LA,2020,3,2020-01-20,2020-01-26,0,10031.272844140674,0.0
Maldonado,UY-MA,2020,3,2020-01-20,2020-01-26,1,4803.260185508939,0.20819192826924554
Montevideo,UY-MO,2020,3,2020-01-20,2020-01-26,0,527.7536386520376,0.0
Paysandú,UY-PA,2020,3,2020-01-20,2020-01-26,0,14088.526169172621,0.0
Rivera,UY-RV,2020,3,2020-01-20,2020-01-26,0,9329.550532265199,0.0
Rocha,UY-RO,2020,3,2020-01-20,2020-01-26,4,10558.553826772255,0.3788397602195866
Río Negro,UY-RN,2020,3,2020-01-20,2020-01-26,0,9810.67596839813,0.0
Salto,UY-SA,2020,3,2020-01-20,2020-01-26,0,14170.87435119916,0.0
San José,UY-SJ,2020,3,2020-01-20,2020-01-26,0,5002.920653176918,0.0
Soriano,UY-SO,2020,3,2020-01-20,2020-01-26,0,9122.538742945157,0.0
Tacuarembó,UY-TA,2020,3,2020-01-20,2020-01-26,2,15973.367767510354,0.1252084112198291
Treinta y Tres,UY-TT,2020,3,2020-01-20,2020-01-26,1,9285.005878360264,0.10770052416774566
Artigas,UY-AR,2020,4,2020-01-27,2020-02-02,0,12010.600679730765,0.0
Canelones,UY-CA,2020,4,2020-01-27,2020-02-02,3,4520.87871068126,0.6635878093592836
Cerro Largo,UY-CL,2020,4,2020-01-27,2020-02-02,1,13655.557447815512,0.07323025836341603
Colonia,UY-CO,2020,4,2020-01-27,2020-02-02,0,6112.026851866528,0.0
Durazno,UY-DU,2020,4,2020-01-27,2020-02-02,1,12228.10425056514,0.08177882519719143
Flores,UY-FS,2020,4,2020-01-27,2020-02-02,1,5140.77049712524,0.1945233697087252
Florida,UY-FD,2020,4,2020-01-27,2020-02-02,0,10405.572253242583,0.0
Lavalleja,UY-LA,2020,4,2020-01-27,2020-02-02,6,10031.272844140674,0.5981294790027205
Maldonado,UY-MA,2020,4,2020-01-27,2020-02-02,1,4803.260185508939,0.20819192826924554
Montevideo,UY-MO,2020,4,2020-01-27,2020-02-02,3,527.7536386520376,5.684470518597376
Paysandú,UY-PA,2020,4,2020-01-27,2020-02-02,0,14088.526169172621,0.0
Rivera,UY-RV,2020,4,2020-01-27,2020-02-02,1,9329.550532265199,0.10718629976241757
Rocha,UY-RO,2020,4,2020-01-27,2020-02-02,1,10558.553826772255,0.09470994005489665
Río Negro,UY-RN,2020,4,2020-01-27,2020-02-02,1,9810.67596839813,0.10192977560579633
Salto,UY-SA,2020,4,2020-01-27,2020-02-02,0,14170.87435119916,0.0
San José,UY-SJ,2020,4,2020-01-27,2020-02-02,0,5002.920653176918,0.0
Soriano,UY-SO,2020,4,2020-01-27,2020-02-02,0,9122.538742945157,0.0
Tacuarembó,UY-TA,2020,4,2020-01-27,2020-02-02,1,15973.367767510354,0.06260420560991455
Treinta y Tres,UY-TT,2020,4,2020-01-27,2020-02-02,1,9285.005878360264,0.10770052416774566
Artigas,UY-AR,2020,5,2020-02-03,2020-02-09,0,12010.600679730765,0.0
Canelones,UY-CA,2020,5,2020-02-03,2020-02-09,1,4520.87871068126,0.22119593645309454
Cerro Largo,UY-CL,2020,5,2020-02-03,2020-02-09,0,13655.557447815512,0.0
Colonia,UY-CO,2020,5,2020-02-03,2020-02-09,0,6112.026851866528,0.0
Durazno,UY-DU,2020,5,2020-02-03,2020-02-09,1,12228.10425056514,0.08177882519719143
Flores,UY-FS,2020,5,2020-02-03,2020-02-09,0,5140.77049712524,0.0
Florida,UY-FD,2020,5,2020-02-03,2020-02-09,0,10405.572253242583,0.0
Lavalleja,UY-LA,2020,5,2020-02-03,2020-02-09,6,10031.272844140674,0.5981294790027205
Maldonado,UY-MA,2020,5,2020-02-03,2020-02-09,5,4803.260185508939,1.0409596413462279
Montevideo,UY-MO,2020,5,2020-02-03,2020-02-09,1,527.7536386520376,1.8948235061991252
Paysandú,UY-PA,2020,5,2020-02-03,2020-02-09,0,14088.526169172621,0.0
Rivera,UY-RV,2020,5,2020-02-03,2020-02-09,1,9329.550532265199,0.10718629976241757
Rocha,UY-RO,2020,5,2020-02-03,2020-02-09,0,10558.553826772255,0.0
Río Negro,UY-RN,2020,5,2020-02-03,2020-02-09,1,9810.67596839813,0.10192977560579633
Salto,UY-SA,2020,5,2020-02-03,2020-02-09,0,14170.87435119916,0.0
San José,UY-SJ,2020,5,2020-02-03,2020-02-09,0,5002.920653176918,0.0
Soriano,UY-SO,2020,5,2020-02-03,2020-02-09,0,9122.538742945157,0.0
Tacuarembó,UY-TA,2020,5,2020-02-03,2020-02-09,0,15973.367767510354,0.0
Treinta y Tres,UY-TT,2020,5,2020-02-03,2020-02-09,2,9285.005878360264,0.2154010483354913
Artigas,UY-AR,2020,6,2020-02-10,2020-02-16,0,12010.600679730765,0.0
Canelones,UY-CA,2020,6,2020-02-10,2020-02-16,5,4520.87871068126,1.1059796822654728
Cerro Largo,UY-CL,2020,6,2020-02-10,2020-02-16,0,13655.557447815512,0.0
Colonia,UY-CO,2020,6,2020-02-10,2020-02-16,0,6112.026851866528,0.0
Durazno,UY-DU,2020,6,2020-02-10,2020-02-16,0,12228.10425056514,0.0
Flores,UY-FS,2020,6,2020-02-10,2020-02-16,0,5140.77049712524,0.0
Florida,UY-FD,2020,6,2020-02-10,2020-02-16,0,10405.572253242583,0.0
Lavalleja,UY-LA,2020,6,2020-02-10,2020-02-16,0,10031.272844140674,0.0
Maldonado,UY-MA,2020,6,2020-02-10,2020-02-16,0,4803.260185508939,0.0
Montevideo,UY-MO,2020,6,2020-02-10,2020-02-16,0,527.7536386520376,0.0
Paysandú,UY-PA,2020,6,2020-02-10,2020-02-16,0,14088.526169172621,0.0
Rivera,UY-RV,2020,6,2020-02-10,2020-02-16,2,9329.550532265199,0.21437259952483514
Rocha,UY-RO,2020,6,2020-02-10,2020-02-16,4,10558.553826772255,0.3788397602195866
Río Negro,UY-RN,2020,6,2020-02-10,2020-02-16,0,9810.67596839813,0.0
Salto,UY-SA,2020,6,2020-02-10,2020-02-16,0,14170.87435119916,0.0
San José,UY-SJ,2020,6,2020-02-10,2020-02-16,2,5002.920653176918,0.39976648414960864
Soriano,UY-SO,2020,6,2020-02-10,2020-02-16,0,9122.538742945157,0.0
Tacuarembó,UY-TA,2020,6,2020-02-10,2020-02-16,0,15973.367767510354,0.0
Treinta y Tres,UY-TT,2020,6,2020-02-10,2020-02-16,0,9285.005878360264,0.0
Artigas,UY-AR,2020,7,2020-02-17,2020-02-23,0,12010.600679730765,0.0
Canelones,UY-CA,2020,7,2020-02-17,2020-02-23,1,4520.87871068126,0.22119593645309454
Cerro Largo,UY-CL,2020,7,2020-02-17,2020-02-23,0,13655.557447815512,0.0
Colonia,UY-CO,2020,7,2020-02-17,2020-02-23,0,6112.026851866528,0.0
Durazno,UY-DU,2020,7,2020-02-17,2020-02-23,0,12228.10425056514,0.0
Flores,UY-FS,2020,7,2020-02-17,2020-02-23,0,5140.77049712524,0.0
Florida,UY-FD,2020,7,2020-02-17,2020-02-23,0,10405.572253242583,0.0
Lavalleja,UY-LA,2020,7,2020-02-17,2020-02-23,0,10031.272844140674,0.0
Maldonado,UY-MA,2020,7,2020-02-17,2020-02-23,1,4803.260185508939,0.20819192826924554
Montevideo,UY-MO,2020,7,2020-02-17,2020-02-23,2,527.7536386520376,3.7896470123982504
Paysandú,UY-PA,2020,7,2020-02-17,2020-02-23,0,14088.526169172621,0.0
Rivera,UY-RV,2020,7,2020-02-17,2020-02-23,0,9329.550532265199,0.0
Rocha,UY-RO,2020,7,2020-02-17,2020-02-23,21,10558.553826772255,1.98890874115283
Río Negro,UY-RN,2020,7,2020-02-17,2020-02-23,2,9810.67596839813,0.20385955121159266
Salto,UY-SA,2020,7,2020-02-17,2020-02-23,1,14170.87435119916,0.07056727589398029
San José,UY-SJ,2020,7,2020-02-17,2020-02-23,0,5002.920653176918,0.0
Soriano,UY-SO,2020,7,2020-02-17,2020-02-23,2,9122.538742945157,0.21923721634470275
Tacuarembó,UY-TA,2020,7,2020-02-17,2020-02-23,1,15973.367767510354,0.06260420560991455
Treinta y Tres,UY-TT,2020,7,2020-02-17,2020-02-23,0,9285.005878360264,0.0
Artigas,UY-AR,2020,8,2020-02-24,2020-03-01,2,12010.600679730765,0.16651956495191986
Canelones,UY-CA,2020,8,2020-02-24,2020-03-01,4,4520.87871068126,0.8847837458123782
Cerro Largo,UY-CL,2020,8,2020-02-24,2020-03-01,4,13655.557447815512,0.2929210334536641
Colonia,UY-CO,2020,8,2020-02-24,2020-03-01,0,6112.026851866528,0.0
Durazno,UY-DU,2020,8,2020-02-24,2020-03-01,0,12228.10425056514,0.0
Flores,UY-FS,2020,8,2020-02-24,2020-03-01,0,5140.77049712524,0.0
Florida,UY-FD,2020,8,2020-02-24,2020-03-01,0,10405.572253242583,0.0
Lavalleja,UY-LA,2020,8,2020-02-24,2020-03-01,0,10031.272844140674,0.0
Maldonado,UY-MA,2020,8,2020-02-24,2020-03-01,0,4803.260185508939,0.0
Montevideo,UY-MO,2020,8,2020-02-24,2020-03-01,3,527.7536386520376,5.684470518597376
Paysandú,UY-PA,2020,8,2020-02-24,2020-03-01,1,14088.526169172621,0.0709797453610243
Rivera,UY-RV,2020,8,2020-02-24,2020-03-01,9,9329.550532265199,0.9646766978617581
Rocha,UY-RO,2020,8,2020-02-24,2020-03-01,3,10558.553826772255,0.28412982016469
Río Negro,UY-RN,2020,8,2020-02-24,2020-03-01,0,9810.67596839813,0.0
Salto,UY-SA,2020,8,2020-02-24,2020-03-01,0,14170.87435119916,0.0
San José,UY-SJ,2020,8,2020-02-24,2020-03-01,0,5002.920653176918,0.0
Soriano,UY-SO,2020,8,2020-02-24,2020-03-01,0,9122.538742945157,0.0
Tacuarembó,UY-TA,2020,8,2020-02-24,2020-03-01,2,15973.367767510354,0.1252084112198291
Treinta y Tres,UY-TT,2020,8,2020-02-24,2020-03-01,0,9285.005878360264,0.0
Artigas,UY-AR,2020,9,2020-03-02,2020-03-08,0,12010.600679730765,0.0
Canelones,UY-CA,2020,9,2020-03-02,2020-03-08,0,4520.87871068126,0.0
Cerro Largo,UY-CL,2020,9,2020-03-02,2020-03-08,3,13655.557447815512,0.2196907750902481
Colonia,UY-CO,2020,9,2020-03-02,2020-03-08,0,6112.026851866528,0.0
Durazno,UY-DU,2020,9,2020-03-02,2020-03-08,1,12228.10425056514,0.08177882519719143
Flores,UY-FS,2020,9,2020-03-02,2020-03-08,0,5140.77049712524,0.0
Florida,UY-FD,2020,9,2020-03-02,2020-03-08,0,10405.572253242583,0.0
Lavalleja,UY-LA,2020,9,2020-03-02,2020-03-08,1,10031.272844140674,0.09968824650045341
Maldonado,UY-MA,2020,9,2020-03-02,2020-03-08,0,4803.260185508939,0.0
Montevideo,UY-MO,2020,9,2020-03-02,2020-03-08,6,527.7536386520376,11.368941037194752
Paysandú,UY-PA,2020,9,2020-03-02,2020-03-08,0,14088.526169172621,0.0
Rivera,UY-RV,2020,9,2020-03-02,2020-03-08,1,9329.550532265199,0.10718629976241757
Rocha,UY-RO,2020,9,2020-03-02,2020-03-08,1,10558.553826772255,0.09470994005489665
Río Negro,UY-RN,2020,9,2020-03-02,2020-03-08,0,9810.67596839813,0.0
Salto,UY-SA,2020,9,2020-03-02,2020-03-08,0,14170.87435119916,0.0
San José,UY-SJ,2020,9,2020-03-02,2020-03-08,2,5002.920653176918,0.39976648414960864
Soriano,UY-SO,2020,9,2020-03-02,2020-03-08,0,9122.538742945157,0.0
Tacuarembó,UY-TA,2020,9,2020-03-02,2020-03-08,4,15973.367767510354,0.2504168224396582
Treinta y Tres,UY-TT,2020,9,2020-03-02,2020-03-08,3,9285.005878360264,0.32310157250323696
Artigas,UY-AR,2020,10,2020-03-09,2020-03-15,2,12010.600679730765,0.16651956495191986
Canelones,UY-CA,2020,10,2020-03-09,2020-03-15,6,4520.87871068126,1.3271756187185673
Cerro Largo,UY-CL,2020,10,2020-03-09,2020-03-15,1,13655.557447815512,0.07323025836341603
Colonia,UY-CO,2020,10,2020-03-09,2020-03-15,0,6112.026851866528,0.0
Durazno,UY-DU,2020,10,2020-03-09,2020-03-15,0,12228.10425056514,0.0
Flores,UY-FS,2020,10,2020-03-09,2020-03-15,0,5140.77049712524,0.0
Florida,UY-FD,2020,10,2020-03-09,2020-03-15,0,10405.572253242583,0.0
Lavalleja,UY-LA,2020,10,2020-03-09,2020-03-15,0,10031.272844140674,0.0
Maldonado,UY-MA,2020,10,2020-03-09,2020-03-15,0,4803.260185508939,0.0
Montevideo,UY-MO,2020,10,2020-03-09,2020-03-15,1,527.7536386520376,1.8948235061991252
Paysandú,UY-PA,2020,10,2020-03-09,2020-03-15,0,14088.526169172621,0.0
Rivera,UY-RV,2020,10,2020-03-09,2020-03-15,0,9329.550532265199,0.0
Rocha,UY-RO,2020,10,2020-03-09,2020-03-15,0,10558.553826772255,0.0
Río Negro,UY-RN,2020,10,2020-03-09,2020-03-15,0,9810.67596839813,0.0
Salto,UY-SA,2020,10,2020-03-09,2020-03-15,0,14170.87435119916,0.0
San José,UY-SJ,2020,10,2020-03-09,2020-03-15,0,5002.920653176918,0.0
Soriano,UY-SO,2020,10,2020-03-09,2020-03-15,0,9122.538742945157,0.0
Tacuarembó,UY-TA,2020,10,2020-03-09,2020-03-15,3,15973.367767510354,0.18781261682974365
Treinta y Tres,UY-TT,2020,10,2020-03-09,2020-03-15,0,9285.005878360264,0.0
Artigas,UY-AR,2020,11,2020-03-16,2020-03-22,0,12010.600679730765,0.0
Canelones,UY-CA,2020,11,2020-03-16,2020-03-22,0,4520.87871068126,0.0
Cerro Largo,UY-CL,2020,11,2020-03-16,2020-03-22,1,13655.557447815512,0.07323025836341603
Colonia,UY-CO,2020,11,2020-03-16,2020-03-22,0,6112.026851866528,0.0
Durazno,UY-DU,2020,11,2020-03-16,2020-03-22,3,12228.10425056514,0.2453364755915743
Flores,UY-FS,2020,11,2020-03-16,2020-03-22,0,5140.77049712524,0.0
Florida,UY-FD,2020,11,2020-03-16,2020-03-22,0,10405.572253242583,0.0
Lavalleja,UY-LA,2020,11,2020-03-16,2020-03-22,3,10031.272844140674,0.29906473950136025
Maldonado,UY-MA,2020,11,2020-03-16,2020-03-22,0,4803.260185508939,0.0
Montevideo,UY-MO,2020,11,2020-03-16,2020-03-22,0,527.7536386520376,0.0
Paysandú,UY-PA,2020,11,2020-03-16,2020-03-22,0,14088.526169172621,0.0
Rivera,UY-RV,2020,11,2020-03-16,2020-03-22,0,9329.550532265199,0.0
Rocha,UY-RO,2020,11,2020-03-16,2020-03-22,1,10558.553826772255,0.09470994005489665
Río Negro,UY-RN,2020,11,2020-03-16,2020-03-22,0,9810.67596839813,0.0
Salto,UY-SA,2020,11,2020-03-16,2020-03-22,0,14170.87435119916,0.0
San José,UY-SJ,2020,11,2020-03-16,2020-03-22,0,5002.920653176918,0.0
Soriano,UY-SO,2020,11,2020-03-16,2020-03-22,1,9122.538742945157,0.10961860817235138
Tacuarembó,UY-TA,2020,11,2020-03-16,2020-03-22,0,15973.367767510354,0.0
Treinta y Tres,UY-TT,2020,11,2020-03-16,2020-03-22,0,9285.005878360264,0.0
Artigas,UY-AR,2020,12,2020-03-23,2020-03-29,2,12010.600679730765,0.16651956495191986
Canelones,UY-CA,2020,12,2020-03-23,2020-03-29,0,4520.87871068126,0.0
Cerro Largo,UY-CL,2020,12,2020-03-23,2020-03-29,5,13655.557447815512,0.36615129181708017
Colonia,UY-CO,2020,12,2020-03-23,2020-03-29,0,6112.026851866528,0.0
Durazno,UY-DU,2020,12,2020-03-23,2020-03-29,0,12228.10425056514,0.0
Flores,UY-FS,2020,12,2020-03-23,2020-03-29,0,5140.77049712524,0.0
Florida,UY-FD,2020,12,2020-03-23,2020-03-29,0,10405.572253242583,0.0
Lavalleja,UY-LA,2020,12,2020-03-23,2020-03-29,0,10031.272844140674,0.0
Maldonado,UY-MA,2020,12,2020-03-23,2020-03-29,3,4803.260185508939,0.6245757848077367
Montevideo,UY-MO,2020,12,2020-03-23,2020-03-29,2,527.7536386520376,3.7896470123982504
Paysandú,UY-PA,2020,12,2020-03-23,2020-03-29,1,14088.526169172621,0.0709797453610243
Rivera,UY-RV,2020,12,2020-03-23,2020-03-29,0,9329.550532265199,0.0
Rocha,UY-RO,2020,12,2020-03-23,2020-03-29,11,10558.553826772255,1.0418093406038633
Río Negro,UY-RN,2020,12,2020-03-23,2020-03-29,3,9810.67596839813,0.30578932681738896
Salto,UY-SA,2020,12,2020-03-23,2020-03-29,2,14170.87435119916,0.14113455178796058
San José,UY-SJ,2020,12,2020-03-23,2020-03-29,0,5002.920653176918,0.0
Soriano,UY-SO,2020,12,2020-03-23,2020-03-29,0,9122.538742945157,0.0
Tacuarembó,UY-TA,2020,12,2020-03-23,2020-03-29,2,15973.367767510354,0.1252084112198291
Treinta y Tres,UY-TT,2020,12,2020-03-23,2020-03-29,4,9285.005878360264,0.4308020966709826
Artigas,UY-AR,2020,13,2020-03-30,2020-04-05,1,12010.600679730765,0.08325978247595993
Canelones,UY-CA,2020,13,2020-03-30,2020-04-05,0,4520.87871068126,0.0
Cerro Largo,UY-CL,2020,13,2020-03-30,2020-04-05,0,13655.557447815512,0.0
Colonia,UY-CO,2020,13,2020-03-30,2020-04-05,0,6112.026851866528,0.0
Durazno,UY-DU,2020,13,2020-03-30,2020-04-05,0,12228.10425056514,0.0
Flores,UY-FS,2020,13,2020-03-30,2020-04-05,0,5140.77049712524,0.0
Florida,UY-FD,2020,13,2020-03-30,2020-04-05,0,10405.572253242583,0.0
Lavalleja,UY-LA,2020,13,2020-03-30,2020-04-05,7,10031.272844140674,0.6978177255031739
Maldonado,UY-MA,2020,13,2020-03-30,2020-04-05,0,4803.260185508939,0.0
Montevideo,UY-MO,2020,13,2020-03-30,2020-04-05,0,527.7536386520376,0.0
Paysandú,UY-PA,2020,13,2020-03-30,2020-04-05,0,14088.526169172621,0.0
Rivera,UY-RV,2020,13,2020-03-30,2020-04-05,0,9329.550532265199,0.0
Rocha,UY-RO,2020,13,2020-03-30,2020-04-05,2,10558.553826772255,0.1894198801097933
Río Negro,UY-RN,2020,13,2020-03-30,2020-04-05,0,9810.67596839813,0.0
Salto,UY-SA,2020,13,2020-03-30,2020-04-05,0,14170.87435119916,0.0
San José,UY-SJ,2020,13,2020-03-30,2020-04-05,0,5002.920653176918,0.0
Soriano,UY-SO,2020,13,2020-03-30,2020-04-05,1,9122.538742945157,0.10961860817235138
Tacuarembó,UY-TA,2020,13,2020-03-30,2020-04-05,0,15973.367767510354,0.0
Treinta y Tres,UY-TT,2020,13,2020-03-30,2020-04-05,4,9285.005878360264,0.4308020966709826
Artigas,UY-AR,2020,14,2020-04-06,2020-04-12,5,12010.600679730765,0.41629891237979966
Canelones,UY-CA,2020,14,2020-04-06,2020-04-12,0,4520.87871068126,0.0
Cerro Largo,UY-CL,2020,14,2020-04-06,2020-04-12,2,13655.557447815512,0.14646051672683205
Colonia,UY-CO,2020,14,2020-04-06,2020-04-12,0,6112.026851866528,0.0
Durazno,UY-DU,2020,14,2020-04-06,2020-04-12,1,12228.10425056514,0.08177882519719143
Flores,UY-FS,2020,14,2020-04-06,2020-04-12,0,5140.77049712524,0.0
Florida,UY-FD,2020,14,2020-04-06,2020-04-12,0,10405.572253242583,0.0
Lavalleja,UY-LA,2020,14,2020-04-06,2020-04-12,2,10031.272844140674,0.19937649300090682
Maldonado,UY-MA,2020,14,2020-04-06,2020-04-12,0,4803.260185508939,0.0
Montevideo,UY-MO,2020,14,2020-04-06,2020-04-12,0,527.7536386520376,0.0
Paysandú,UY-PA,2020,14,2020-04-06,2020-04-12,0,14088.526169172621,0.0
Rivera,UY-RV,2020,14,2020-04-06,2020-04-12,0,9329.550532265199,0.0
Rocha,UY-RO,2020,14,2020-04-06,2020-04-12,7,10558.553826772255,0.6629695803842766
Río Negro,UY-RN,2020,14,2020-04-06,2020-04-12,4,9810.67596839813,0.4077191024231853
Salto,UY-SA,2020,14,2020-04-06,2020-04-12,0,14170.87435119916,0.0
San José,UY-SJ,2020,14,2020-04-06,2020-04-12,1,5002.920653176918,0.19988324207480432
Soriano,UY-SO,2020,14,2020-04-06,2020-04-12,0,9122.538742945157,0.0
Tacuarembó,UY-TA,2020,14,2020-04-06,2020-04-12,10,15973.367767510354,0.6260420560991455
Treinta y Tres,UY-TT,2020,14,2020-04-06,2020-04-12,3,9285.005878360264,0.32310157250323696
Artigas,UY-AR,2020,15,2020-04-13,2020-04-19,9,12010.600679730765,0.7493380422836394
Canelones,UY-CA,2020,15,2020-04-13,2020-04-19,0,4520.87871068126,0.0
Cerro Largo,UY-CL,2020,15,2020-04-13,2020-04-19,0,13655.557447815512,0.0
Colonia,UY-CO,2020,15,2020-04-13,2020-04-19,5,6112.026851866528,0.8180592332432358
Durazno,UY-DU,2020,15,2020-04-13,2020-04-19,3,12228.10425056514,0.2453364755915743
Flores,UY-FS,2020,15,2020-04-13,2020-04-19,1,5140.77049712524,0.1945233697087252
Florida,UY-FD,2020,15,2020-04-13,2020-04-19,0,10405.572253242583,0.0
Lavalleja,UY-LA,2020,15,2020-04-13,2020-04-19,0,10031.272844140674,0.0
Maldonado,UY-MA,2020,15,2020-04-13,2020-04-19,0,4803.260185508939,0.0
Montevideo,UY-MO,2020,15,2020-04-13,2020-04-19,0,527.7536386520376,0.0
Paysandú,UY-PA,2020,15,2020-04-13,2020-04-19,4,14088.526169172621,0.2839189814440972
Rivera,UY-RV,2020,15,2020-04-13,2020-04-19,2,9329.550532265199,0.21437259952483514
Rocha,UY-RO,2020,15,2020-04-13,2020-04-19,1,10558.553826772255,0.09470994005489665
Río Negro,UY-RN,2020,15,2020-04-13,2020-04-19,14,9810.67596839813,1.4270168584811485
Salto,UY-SA,2020,15,2020-04-13,2020-04-19,2,14170.87435119916,0.14113455178796058
San José,UY-SJ,2020,15,2020-04-13,2020-04-19,1,5002.920653176918,0.19988324207480432
Soriano,UY-SO,2020,15,2020-04-13,2020-04-19,4,9122.538742945157,0.4384744326894055
Tacuarembó,UY-TA,2020,15,2020-04-13,2020-04-19,0,15973.367767510354,0.0
Treinta y Tres,UY-TT,2020,15,2020-04-13,2020-04-19,1,9285.005878360264,0.10770052416774566
Artigas,UY-AR,2020,16,2020-04-20,2020-04-26,1,12010.600679730765,0.08325978247595993
Canelones,UY-CA,2020,16,2020-04-20,2020-04-26,1,4520.87871068126,0.22119593645309454
Cerro Largo,UY-CL,2020,16,2020-04-20,2020-04-26,5,13655.557447815512,0.36615129181708017
Colonia,UY-CO,2020,16,2020-04-20,2020-04-26,3,6112.026851866528,0.4908355399459415
Durazno,UY-DU,2020,16,2020-04-20,2020-04-26,9,12228.10425056514,0.7360094267747228
Flores,UY-FS,2020,16,2020-04-20,2020-04-26,0,5140.77049712524,0.0
Florida,UY-FD,2020,16,2020-04-20,2020-04-26,0,10405.572253242583,0.0
Lavalleja,UY-LA,2020,16,2020-04-20,2020-04-26,2,10031.272844140674,0.19937649300090682
Maldonado,UY-MA,2020,16,2020-04-20,2020-04-26,2,4803.260185508939,0.4163838565384911
Montevideo,UY-MO,2020,16,2020-04-20,2020-04-26,0,527.7536386520376,0.0
Paysandú,UY-PA,2020,16,2020-04-20,2020-04-26,0,14088.526169172621,0.0
Rivera,UY-RV,2020,16,2020-04-20,2020-04-26,4,9329.550532265199,0.4287451990496703
Rocha,UY-RO,2020,16,2020-04-20,2020-04-26,3,10558.553826772255,0.28412982016469
Río Negro,UY-RN,2020,16,2020-04-20,2020-04-26,16,9810.67596839813,1.6308764096927413
Salto,UY-SA,2020,16,2020-04-20,2020-04-26,4,14170.87435119916,0.28226910357592117
San José,UY-SJ,2020,16,2020-04-20,2020-04-26,2,5002.920653176918,0.39976648414960864
Soriano,UY-SO,2020,16,2020-04-20,2020-04-26,0,9122.538742945157,0.0
Tacuarembó,UY-TA,2020,16,2020-04-20,2020-04-26,14,15973.367767510354,0.8764588785388038
Treinta y Tres,UY-TT,2020,16,2020-04-20,2020-04-26,4,9285.005878360264,0.4308020966709826
Artigas,UY-AR,2020,17,2020-04-27,2020-05-03,1,12010.600679730765,0.08325978247595993
Canelones,UY-CA,2020,17,2020-04-27,2020-05-03,0,4520.87871068126,0.0
Cerro Largo,UY-CL,2020,17,2020-04-27,2020-05-03,1,13655.557447815512,0.07323025836341603
Colonia,UY-CO,2020,17,2020-04-27,2020-05-03,0,6112.026851866528,0.0
Durazno,UY-DU,2020,17,2020-04-27,2020-05-03,1,12228.10425056514,0.08177882519719143
Flores,UY-FS,2020,17,2020-04-27,2020-05-03,0,5140.77049712524,0.0
Florida,UY-FD,2020,17,2020-04-27,2020-05-03,0,10405.572253242583,0.0
Lavalleja,UY-LA,2020,17,2020-04-27,2020-05-03,0,10031.272844140674,0.0
Maldonado,UY-MA,2020,17,2020-04-27,2020-05-03,0,4803.260185508939,0.0
Montevideo,UY-MO,2020,17,2020-04-27,2020-05-03,0,527.7536386520376,0.0
Paysandú,UY-PA,2020,17,2020-04-27,2020-05-03,3,14088.526169172621,0.21293923608307294
Rivera,UY-RV,2020,17,2020-04-27,2020-05-03,1,9329.550532265199,0.10718629976241757
Rocha,UY-RO,2020,17,2020-04-27,2020-05-03,1,10558.553826772255,0.09470994005489665
Río Negro,UY-RN,2020,17,2020-04-27,2020-05-03,0,9810.67596839813,0.0
Salto,UY-SA,2020,17,2020-04-27,2020-05-03,0,14170.87435119916,0.0
San José,UY-SJ,2020,17,2020-04-27,2020-05-03,0,5002.920653176918,0.0
Soriano,UY-SO,2020,17,2020-04-27,2020-05-03,0,9122.538742945157,0.0
Tacuarembó,UY-TA,2020,17,2020-04-27,2020-05-03,4,15973.367767510354,0.2504168224396582
Treinta y Tres,UY-TT,2020,17,2020-04-27,2020-05-03,6,9285.005878360264,0.6462031450064739
Artigas,UY-AR,2020,18,2020-05-04,2020-05-10,1,12010.600679730765,0.08325978247595993
Canelones,UY-CA,2020,18,2020-05-04,2020-05-10,0,4520.87871068126,0.0
Cerro Largo,UY-CL,2020,18,2020-05-04,2020-05-10,6,13655.557447815512,0.4393815501804962
Colonia,UY-CO,2020,18,2020-05-04,2020-05-10,0,6112.026851866528,0.0
Durazno,UY-DU,2020,18,2020-05-04,2020-05-10,0,12228.10425056514,0.0
Flores,UY-FS,2020,18,2020-05-04,2020-05-10,0,5140.77049712524,0.0
Florida,UY-FD,2020,18,2020-05-04,2020-05-10,0,10405.572253242583,0.0
Lavalleja,UY-LA,2020,18,2020-05-04,2020-05-10,2,10031.272844140674,0.19937649300090682
Maldonado,UY-MA,2020,18,2020-05-04,2020-05-10,1,4803.260185508939,0.20819192826924554
Montevideo,UY-MO,2020,18,2020-05-04,2020-05-10,0,527.7536386520376,0.0
Paysandú,UY-PA,2020,18,2020-05-04,2020-05-10,0,14088.526169172621,0.0
Rivera,UY-RV,2020,18,2020-05-04,2020-05-10,5,9329.550532265199,0.5359314988120879
Rocha,UY-RO,2020,18,2020-05-04,2020-05-10,7,10558.553826772255,0.6629695803842766
Río Negro,UY-RN,2020,18,2020-05-04,2020-05-10,0,9810.67596839813,0.0
Salto,UY-SA,2020,18,2020-05-04,2020-05-10,0,14170.87435119916,0.0
San José,UY-SJ,2020,18,2020-05-04,2020-05-10,0,5002.920653176918,0.0
Soriano,UY-SO,2020,18,2020-05-04,2020-05-10,3,9122.538742945157,0.32885582451705414
Tacuarembó,UY-TA,2020,18,2020-05-04,2020-05-10,9,15973.367767510354,0.563437850489231
Treinta y Tres,UY-TT,2020,18,2020-05-04,2020-05-10,12,9285.005878360264,1.2924062900129478
Artigas,UY-AR,2020,19,2020-05-11,2020-05-17,1,12010.600679730765,0.08325978247595993
Canelones,UY-CA,2020,19,2020-05-11,2020-05-17,4,4520.87871068126,0.8847837458123782
Cerro Largo,UY-CL,2020,19,2020-05-11,2020-05-17,6,13655.557447815512,0.4393815501804962
Colonia,UY-CO,2020,19,2020-05-11,2020-05-17,8,6112.026851866528,1.3088947731891774
Durazno,UY-DU,2020,19,2020-05-11,2020-05-17,1,12228.10425056514,0.08177882519719143
Flores,UY-FS,2020,19,2020-05-11,2020-05-17,2,5140.77049712524,0.3890467394174504
Florida,UY-FD,2020,19,2020-05-11,2020-05-17,4,10405.572253242583,0.3844094205153898
Lavalleja,UY-LA,2020,19,2020-05-11,2020-05-17,20,10031.272844140674,1.9937649300090683
Maldonado,UY-MA,2020,19,2020-05-11,2020-05-17,2,4803.260185508939,0.4163838565384911
Montevideo,UY-MO,2020,19,2020-05-11,2020-05-17,1,527.7536386520376,1.8948235061991252
Paysandú,UY-PA,2020,19,2020-05-11,2020-05-17,0,14088.526169172621,0.0
Rivera,UY-RV,2020,19,2020-05-11,2020-05-17,4,9329.550532265199,0.4287451990496703
Rocha,UY-RO,2020,19,2020-05-11,2020-05-17,29,10558.553826772255,2.746588261592003
Río Negro,UY-RN,2020,19,2020-05-11,2020-05-17,2,9810.67596839813,0.20385955121159266
Salto,UY-SA,2020,19,2020-05-11,2020-05-17,0,14170.87435119916,0.0
San José,UY-SJ,2020,19,2020-05-11,2020-05-17,3,5002.920653176918,0.5996497262244129
Soriano,UY-SO,2020,19,2020-05-11,2020-05-17,5,9122.538742945157,0.5480930408617568
Tacuarembó,UY-TA,2020,19,2020-05-11,2020-05-17,17,15973.367767510354,1.0642714953685475
Treinta y Tres,UY-TT,2020,19,2020-05-11,2020-05-17,14,9285.005878360264,1.5078073383484392
Artigas,UY-AR,2020,20,2020-05-18,2020-05-24,5,12010.600679730765,0.41629891237979966
Canelones,UY-CA,2020,20,2020-05-18,2020-05-24,0,4520.87871068126,0.0
Cerro Largo,UY-CL,2020,20,2020-05-18,2020-05-24,6,13655.557447815512,0.4393815501804962
Colonia,UY-CO,2020,20,2020-05-18,2020-05-24,4,6112.026851866528,0.6544473865945887
Durazno,UY-DU,2020,20,2020-05-18,2020-05-24,1,12228.10425056514,0.08177882519719143
Flores,UY-FS,2020,20,2020-05-18,2020-05-24,0,5140.77049712524,0.0
Florida,UY-FD,2020,20,2020-05-18,2020-05-24,3,10405.572253242583,0.2883070653865423
Lavalleja,UY-LA,2020,20,2020-05-18,2020-05-24,9,10031.272844140674,0.8971942185040808
Maldonado,UY-MA,2020,20,2020-05-18,2020-05-24,1,4803.260185508939,0.20819192826924554
Montevideo,UY-MO,2020,20,2020-05-18,2020-05-24,0,527.7536386520376,0.0
Paysandú,UY-PA,2020,20,2020-05-18,2020-05-24,0,14088.526169172621,0.0
Rivera,UY-RV,2020,20,2020-05-18,2020-05-24,2,9329.550532265199,0.21437259952483514
Rocha,UY-RO,2020,20,2020-05-18,2020-05-24,9,10558.553826772255,0.8523894604940699
Río Negro,UY-RN,2020,20,2020-05-18,2020-05-24,8,9810.67596839813,0.8154382048463706
Salto,UY-SA,2020,20,2020-05-18,2020-05-24,0,14170.87435119916,0.0
San José,UY-SJ,2020,20,2020-05-18,2020-05-24,4,5002.920653176918,0.7995329682992173
Soriano,UY-SO,2020,20,2020-05-18,2020-05-24,1,9122.538742945157,0.10961860817235138
Tacuarembó,UY-TA,2020,20,2020-05-18,2020-05-24,4,15973.367767510354,0.2504168224396582
Treinta y Tres,UY-TT,2020,20,2020-05-18,2020-05-24,11,9285.005878360264,1.1847057658452023
Artigas,UY-AR,2020,21,2020-05-25,2020-05-31,7,12010.600679730765,0.5828184773317195
Canelones,UY-CA,2020,21,2020-05-25,2020-05-31,0,4520.87871068126,0.0
Cerro Largo,UY-CL,2020,21,2020-05-25,2020-05-31,0,13655.557447815512,0.0
Colonia,UY-CO,2020,21,2020-05-25,2020-05-31,5,6112.026851866528,0.8180592332432358
Durazno,UY-DU,2020,21,2020-05-25,2020-05-31,0,12228.10425056514,0.0
Flores,UY-FS,2020,21,2020-05-25,2020-05-31,0,5140.77049712524,0.0
Florida,UY-FD,2020,21,2020-05-25,2020-05-31,0,10405.572253242583,0.0
Lavalleja,UY-LA,2020,21,2020-05-25,2020-05-31,0,10031.272844140674,0.0
Maldonado,UY-MA,2020,21,2020-05-25,2020-05-31,0,4803.260185508939,0.0
Montevideo,UY-MO,2020,21,2020-05-25,2020-05-31,0,527.7536386520376,0.0
Paysandú,UY-PA,2020,21,2020-05-25,2020-05-31,0,14088.526169172621,0.0
Rivera,UY-RV,2020,21,2020-05-25,2020-05-31,0,9329.550532265199,0.0
Rocha,UY-RO,2020,21,2020-05-25,2020-05-31,3,10558.553826772255,0.28412982016469
Río Negro,UY-RN,2020,21,2020-05-25,2020-05-31,0,9810.67596839813,0.0
Salto,UY-SA,2020,21,2020-05-25,2020-05-31,0,14170.87435119916,0.0
San José,UY-SJ,2020,21,2020-05-25,2020-05-31,1,5002.920653176918,0.19988324207480432
Soriano,UY-SO,2020,21,2020-05-25,2020-05-31,3,9122.538742945157,0.32885582451705414
Tacuarembó,UY-TA,2020,21,2020-05-25,2020-05-31,8,15973.367767510354,0.5008336448793164
Treinta y Tres,UY-TT,2020,21,2020-05-25,2020-05-31,0,9285.005878360264,0.0
Artigas,UY-AR,2020,22,2020-06-01,2020-06-07,0,12010.600679730765,0.0
Canelones,UY-CA,2020,22,2020-06-01,2020-06-07,0,4520.87871068126,0.0
Cerro Largo,UY-CL,2020,22,2020-06-01,2020-06-07,0,13655.557447815512,0.0
Colonia,UY-CO,2020,22,2020-06-01,2020-06-07,4,6112.026851866528,0.6544473865945887
Durazno,UY-DU,2020,22,2020-06-01,2020-06-07,4,12228.10425056514,0.3271153007887657
Flores,UY-FS,2020,22,2020-06-01,2020-06-07,0,5140.77049712524,0.0
Florida,UY-FD,2020,22,2020-06-01,2020-06-07,0,10405.572253242583,0.0
Lavalleja,UY-LA,2020,22,2020-06-01,2020-06-07,2,10031.272844140674,0.19937649300090682
Maldonado,UY-MA,2020,22,2020-06-01,2020-06-07,0,4803.260185508939,0.0
Montevideo,UY-MO,2020,22,2020-06-01,2020-06-07,0,527.7536386520376,0.0
Paysandú,UY-PA,2020,22,2020-06-01,2020-06-07,0,14088.526169172621,0.0
Rivera,UY-RV,2020,22,2020-06-01,2020-06-07,0,9329.550532265199,0.0
Rocha,UY-RO,2020,22,2020-06-01,2020-06-07,5,10558.553826772255,0.4735497002744833
Río Negro,UY-RN,2020,22,2020-06-01,2020-06-07,1,9810.67596839813,0.10192977560579633
Salto,UY-SA,2020,22,2020-06-01,2020-06-07,0,14170.87435119916,0.0
San José,UY-SJ,2020,22,2020-06-01,2020-06-07,0,5002.920653176918,0.0
Soriano,UY-SO,2020,22,2020-06-01,2020-06-07,0,9122.538742945157,0.0
Tacuarembó,UY-TA,2020,22,2020-06-01,2020-06-07,2,15973.367767510354,0.1252084112198291
Treinta y Tres,UY-TT,2020,22,2020-06-01,2020-06-07,1,9285.005878360264,0.10770052416774566
Artigas,UY-AR,2020,23,2020-06-08,2020-06-14,0,12010.600679730765,0.0
Canelones,UY-CA,2020,23,2020-06-08,2020-06-14,0,4520.87871068126,0.0
Cerro Largo,UY-CL,2020,23,2020-06-08,2020-06-14,0,13655.557447815512,0.0
Colonia,UY-CO,2020,23,2020-06-08,2020-06-14,1,6112.026851866528,0.16361184664864717
Durazno,UY-DU,2020,23,2020-06-08,2020-06-14,1,12228.10425056514,0.08177882519719143
Flores,UY-FS,2020,23,2020-06-08,2020-06-14,0,5140.77049712524,0.0
Florida,UY-FD,2020,23,2020-06-08,2020-06-14,1,10405.572253242583,0.09610235512884745
Lavalleja,UY-LA,2020,23,2020-06-08,2020-06-14,1,10031.272844140674,0.09968824650045341
Maldonado,UY-MA,2020,23,2020-06-08,2020-06-14,0,4803.260185508939,0.0
Montevideo,UY-MO,2020,23,2020-06-08,2020-06-14,0,527.7536386520376,0.0
Paysandú,UY-PA,2020,23,2020-06-08,2020-06-14,0,14088.526169172621,0.0
Rivera,UY-RV,2020,23,2020-06-08,2020-06-14,1,9329.550532265199,0.10718629976241757
Rocha,UY-RO,2020,23,2020-06-08,2020-06-14,0,10558.553826772255,0.0
Río Negro,UY-RN,2020,23,2020-06-08,2020-06-14,1,9810.67596839813,0.10192977560579633
Salto,UY-SA,2020,23,2020-06-08,2020-06-14,0,14170.87435119916,0.0
San José,UY-SJ,2020,23,2020-06-08,2020-06-14,1,5002.920653176918,0.19988324207480432
Soriano,UY-SO,2020,23,2020-06-08,2020-06-14,0,9122.538742945157,0.0
Tacuarembó,UY-TA,2020,23,2020-06-08,2020-06-14,0,15973.367767510354,0.0
Treinta y Tres,UY-TT,2020,23,2020-06-08,2020-06-14,0,9285.005878360264,0.0
Artigas,UY-AR,2020,24,2020-06-15,2020-06-21,7,12010.600679730765,0.5828184773317195
Canelones,UY-CA,2020,24,2020-06-15,2020-06-21,0,4520.87871068126,0.0
Cerro Largo,UY-CL,2020,24,2020-06-15,2020-06-21,2,13655.557447815512,0.14646051672683205
Colonia,UY-CO,2020,24,2020-06-15,2020-06-21,4,6112.026851866528,0.6544473865945887
Durazno,UY-DU,2020,24,2020-06-15,2020-06-21,1,12228.10425056514,0.08177882519719143
Flores,UY-FS,2020,24,2020-06-15,2020-06-21,0,5140.77049712524,0.0
Florida,UY-FD,2020,24,2020-06-15,2020-06-21,0,10405.572253242583,0.0
Lavalleja,UY-LA,2020,24,2020-06-15,2020-06-21,0,10031.272844140674,0.0
Maldonado,UY-MA,2020,24,2020-06-15,2020-06-21,0,4803.260185508939,0.0
Montevideo,UY-MO,2020,24,2020-06-15,2020-06-21,0,527.7536386520376,0.0
Paysandú,UY-PA,2020,24,2020-06-15,2020-06-21,0,14088.526169172621,0.0
Rivera,UY-RV,2020,24,2020-06-15,2020-06-21,0,9329.550532265199,0.0
Rocha,UY-RO,2020,24,2020-06-15,2020-06-21,0,10558.553826772255,0.0
Río Negro,UY-RN,2020,24,2020-06-15,2020-06-21,1,9810.67596839813,0.10192977560579633
Salto,UY-SA,2020,24,2020-06-15,2020-06-21,0,14170.87435119916,0.0
San José,UY-SJ,2020,24,2020-06-15,2020-06-21,2,5002.920653176918,0.39976648414960864
Soriano,UY-SO,2020,24,2020-06-15,2020-06-21,1,9122.538742945157,0.10961860817235138
Tacuarembó,UY-TA,2020,24,2020-06-15,2020-06-21,3,15973.367767510354,0.18781261682974365
Treinta y Tres,UY-TT,2020,24,2020-06-15,2020-06-21,0,9285.005878360264,0.0
Artigas,UY-AR,2020,25,2020-06-22,2020-06-28,0,12010.600679730765,0.0
Canelones,UY-CA,2020,25,2020-06-22,2020-06-28,0,4520.87871068126,0.0
Cerro Largo,UY-CL,2020,25,2020-06-22,2020-06-28,0,13655.557447815512,0.0
Colonia,UY-CO,2020,25,2020-06-22,2020-06-28,0,6112.026851866528,0.0
Durazno,UY-DU,2020,25,2020-06-22,2020-06-28,0,12228.10425056514,0.0
Flores,UY-FS,2020,25,2020-06-22,2020-06-28,0,5140.77049712524,0.0
Florida,UY-FD,2020,25,2020-06-22,2020-06-28,0,10405.572253242583,0.0
Lavalleja,UY-LA,2020,25,2020-06-22,2020-06-28,0,10031.272844140674,0.0
Maldonado,UY-MA,2020,25,2020-06-22,2020-06-28,0,4803.260185508939,0.0
Montevideo,UY-MO,2020,25,2020-06-22,2020-06-28,0,527.7536386520376,0.0
Paysandú,UY-PA,2020,25,2020-06-22,2020-06-28,0,14088.526169172621,0.0
Rivera,UY-RV,2020,25,2020-06-22,2020-06-28,0,9329.550532265199,0.0
Rocha,UY-RO,2020,25,2020-06-22,2020-06-28,0,10558.553826772255,0.0
Río Negro,UY-RN,2020,25,2020-06-22,2020-06-28,0,9810.67596839813,0.0
Salto,UY-SA,2020,25,2020-06-22,2020-06-28,0,14170.87435119916,0.0
San José,UY-SJ,2020,25,2020-06-22,2020-06-28,0,5002.920653176918,0.0
Soriano,UY-SO,2020,25,2020-06-22,2020-06-28,0,9122.538742945157,0.0
Tacuarembó,UY-TA,2020,25,2020-06-22,2020-06-28,1,15973.367767510354,0.06260420560991455
Treinta y Tres,UY-TT,2020,25,2020-06-22,2020-06-28,0,9285.005878360264,0.0
Artigas,UY-AR,2020,26,2020-06-29,2020-07-05,4,12010.600679730765,0.3330391299038397
Canelones,UY-CA,2020,26,2020-06-29,2020-07-05,0,4520.87871068126,0.0
Cerro Largo,UY-CL,2020,26,2020-06-29,2020-07-05,1,13655.557447815512,0.07323025836341603
Colonia,UY-CO,2020,26,2020-06-29,2020-07-05,0,6112.026851866528,0.0
Durazno,UY-DU,2020,26,2020-06-29,2020-07-05,0,12228.10425056514,0.0
Flores,UY-FS,2020,26,2020-06-29,2020-07-05,0,5140.77049712524,0.0
Florida,UY-FD,2020,26,2020-06-29,2020-07-05,0,10405.572253242583,0.0
Lavalleja,UY-LA,2020,26,2020-06-29,2020-07-05,0,10031.272844140674,0.0
Maldonado,UY-MA,2020,26,2020-06-29,2020-07-05,0,4803.260185508939,0.0
Montevideo,UY-MO,2020,26,2020-06-29,2020-07-05,0,527.7536386520376,0.0
Paysandú,UY-PA,2020,26,2020-06-29,2020-07-05,0,14088.526169172621,0.0
Rivera,UY-RV,2020,26,2020-06-29,2020-07-05,0,9329.550532265199,0.0
Rocha,UY-RO,2020,26,2020-06-29,2020-07-05,0,10558.553826772255,0.0
Río Negro,UY-RN,2020,26,2020-06-29,2020-07-05,0,9810.67596839813,0.0
Salto,UY-SA,2020,26,2020-06-29,2020-07-05,0,14170.87435119916,0.0
San José,UY-SJ,2020,26,2020-06-29,2020-07-05,0,5002.920653176918,0.0
Soriano,UY-SO,2020,26,2020-06-29,2020-07-05,0,9122.538742945157,0.0
Tacuarembó,UY-TA,2020,26,2020-06-29,2020-07-05,0,15973.367767510354,0.0
Treinta y Tres,UY-TT,2020,26,2020-06-29,2020-07-05,0,9285.005878360264,0.0
Artigas,UY-AR,2020,27,2020-07-06,2020-07-12,0,12010.600679730765,0.0
Canelones,UY-CA,2020,27,2020-07-06,2020-07-12,0,4520.87871068126,0.0
Cerro Largo,UY-CL,2020,27,2020-07-06,2020-07-12,0,13655.557447815512,0.0
Colonia,UY-CO,2020,27,2020-07-06,2020-07-12,0,6112.026851866528,0.0
Durazno,UY-DU,2020,27,2020-07-06,2020-07-12,0,12228.10425056514,0.0
Flores,UY-FS,2020,27,2020-07-06,2020-07-12,0,5140.77049712524,0.0
Florida,UY-FD,2020,27,2020-07-06,2020-07-12,0,10405.572253242583,0.0
Lavalleja,UY-LA,2020,27,2020-07-06,2020-07-12,0,10031.272844140674,0.0
Maldonado,UY-MA,2020,27,2020-07-06,2020-07-12,0,4803.260185508939,0.0
Montevideo,UY-MO,2020,27,2020-07-06,2020-07-12,0,527.7536386520376,0.0
Paysandú,UY-PA,2020,27,2020-07-06,2020-07-12,0,14088.526169172621,0.0
Rivera,UY-RV,2020,27,2020-07-06,2020-07-12,0,9329.550532265199,0.0
Rocha,UY-RO,2020,27,2020-07-06,2020-07-12,0,10558.553826772255,0.0
Río Negro,UY-RN,2020,27,2020-07-06,2020-07-12,2,9810.67596839813,0.20385955121159266
Salto,UY-SA,2020,27,2020-07-06,2020-07-12,0,14170.87435119916,0.0
San José,UY-SJ,2020,27,2020-07-06,2020-07-12,0,5002.920653176918,0.0
Soriano,UY-SO,2020,27,2020-07-06,2020-07-12,2,9122.538742945157,0.21923721634470275
Tacuarembó,UY-TA,2020,27,2020-07-06,2020-07-12,0,15973.367767510354,0.0
Treinta y Tres,UY-TT,2020,27,2020-07-06,2020-07-12,0,9285.005878360264,0.0
Artigas,UY-AR,2020,28,2020-07-13,2020-07-19,4,12010.600679730765,0.3330391299038397
Canelones,UY-CA,2020,28,2020-07-13,2020-07-19,1,4520.87871068126,0.22119593645309454
Cerro Largo,UY-CL,2020,28,2020-07-13,2020-07-19,2,13655.557447815512,0.14646051672683205
Colonia,UY-CO,2020,28,2020-07-13,2020-07-19,2,6112.026851866528,0.32722369329729434
Durazno,UY-DU,2020,28,2020-07-13,2020-07-19,0,12228.10425056514,0.0
Flores,UY-FS,2020,28,2020-07-13,2020-07-19,0,5140.77049712524,0.0
Florida,UY-FD,2020,28,2020-07-13,2020-07-19,0,10405.572253242583,0.0
Lavalleja,UY-LA,2020,28,2020-07-13,2020-07-19,0,10031.272844140674,0.0
Maldonado,UY-MA,2020,28,2020-07-13,2020-07-19,0,4803.260185508939,0.0
Montevideo,UY-MO,2020,28,2020-07-13,2020-07-19,0,527.7536386520376,0.0
Paysandú,UY-PA,2020,28,2020-07-13,2020-07-19,2,14088.526169172621,0.1419594907220486
Rivera,UY-RV,2020,28,2020-07-13,2020-07-19,0,9329.550532265199,0.0
Rocha,UY-RO,2020,28,2020-07-13,2020-07-19,4,10558.553826772255,0.3788397602195866
Río Negro,UY-RN,2020,28,2020-07-13,2020-07-19,8,9810.67596839813,0.8154382048463706
Salto,UY-SA,2020,28,2020-07-13,2020-07-19,1,14170.87435119916,0.07056727589398029
San José,UY-SJ,2020,28,2020-07-13,2020-07-19,2,5002.920653176918,0.39976648414960864
Soriano,UY-SO,2020,28,2020-07-13,2020-07-19,7,9122.538742945157,0.7673302572064596
Tacuarembó,UY-TA,2020,28,2020-07-13,2020-07-19,3,15973.367767510354,0.18781261682974365
Treinta y Tres,UY-TT,2020,28,2020-07-13,2020-07-19,0,9285.005878360264,0.0
Artigas,UY-AR,2020,29,2020-07-20,2020-07-26,0,12010.600679730765,0.0
Canelones,UY-CA,2020,29,2020-07-20,2020-07-26,0,4520.87871068126,0.0
Cerro Largo,UY-CL,2020,29,2020-07-20,2020-07-26,2,13655.557447815512,0.14646051672683205
Colonia,UY-CO,2020,29,2020-07-20,2020-07-26,0,6112.026851866528,0.0
Durazno,UY-DU,2020,29,2020-07-20,2020-07-26,0,12228.10425056514,0.0
Flores,UY-FS,2020,29,2020-07-20,2020-07-26,0,5140.77049712524,0.0
Florida,UY-FD,2020,29,2020-07-20,2020-07-26,0,10405.572253242583,0.0
Lavalleja,UY-LA,2020,29,2020-07-20,2020-07-26,1,10031.272844140674,0.09968824650045341
Maldonado,UY-MA,2020,29,2020-07-20,2020-07-26,0,4803.260185508939,0.0
Montevideo,UY-MO,2020,29,2020-07-20,2020-07-26,0,527.7536386520376,0.0
Paysandú,UY-PA,2020,29,2020-07-20,2020-07-26,0,14088.526169172621,0.0
Rivera,UY-RV,2020,29,2020-07-20,2020-07-26,3,9329.550532265199,0.32155889928725273
Rocha,UY-RO,2020,29,2020-07-20,2020-07-26,1,10558.553826772255,0.09470994005489665
Río Negro,UY-RN,2020,29,2020-07-20,2020-07-26,0,9810.67596839813,0.0
Salto,UY-SA,2020,29,2020-07-20,2020-07-26,0,14170.87435119916,0.0
San José,UY-SJ,2020,29,2020-07-20,2020-07-26,0,5002.920653176918,0.0
Soriano,UY-SO,2020,29,2020-07-20,2020-07-26,2,9122.538742945157,0.21923721634470275
Tacuarembó,UY-TA,2020,29,2020-07-20,2020-07-26,1,15973.367767510354,0.06260420560991455
Treinta y Tres,UY-TT,2020,29,2020-07-20,2020-07-26,0,9285.005878360264,0.0
Artigas,UY-AR,2020,30,2020-07-27,2020-08-02,9,12010.600679730765,0.7493380422836394
Canelones,UY-CA,2020,30,2020-07-27,2020-08-02,0,4520.87871068126,0.0
Cerro Largo,UY-CL,2020,30,2020-07-27,2020-08-02,4,13655.557447815512,0.2929210334536641
Colonia,UY-CO,2020,30,2020-07-27,2020-08-02,2,6112.026851866528,0.32722369329729434
Durazno,UY-DU,2020,30,2020-07-27,2020-08-02,0,12228.10425056514,0.0
Flores,UY-FS,2020,30,2020-07-27,2020-08-02,0,5140.77049712524,0.0
Florida,UY-FD,2020,30,2020-07-27,2020-08-02,3,10405.572253242583,0.2883070653865423
Lavalleja,UY-LA,2020,30,2020-07-27,2020-08-02,0,10031.272844140674,0.0
Maldonado,UY-MA,2020,30,2020-07-27,2020-08-02,0,4803.260185508939,0.0
Montevideo,UY-MO,2020,30,2020-07-27,2020-08-02,0,527.7536386520376,0.0
Paysandú,UY-PA,2020,30,2020-07-27,2020-08-02,11,14088.526169172621,0.7807771989712675
Rivera,UY-RV,2020,30,2020-07-27,2020-08-02,4,9329.550532265199,0.4287451990496703
Rocha,UY-RO,2020,30,2020-07-27,2020-08-02,1,10558.553826772255,0.09470994005489665
Río Negro,UY-RN,2020,30,2020-07-27,2020-08-02,7,9810.67596839813,0.7135084292405742
Salto,UY-SA,2020,30,2020-07-27,2020-08-02,0,14170.87435119916,0.0
San José,UY-SJ,2020,30,2020-07-27,2020-08-02,0,5002.920653176918,0.0
Soriano,UY-SO,2020,30,2020-07-27,2020-08-02,3,9122.538742945157,0.32885582451705414
Tacuarembó,UY-TA,2020,30,2020-07-27,2020-08-02,7,15973.367767510354,0.4382294392694019
Treinta y Tres,UY-TT,2020,30,2020-07-27,2020-08-02,2,9285.005878360264,0.2154010483354913
Artigas,UY-AR,2020,31,2020-08-03,2020-08-09,11,12010.600679730765,0.9158576072355592
Canelones,UY-CA,2020,31,2020-08-03,2020-08-09,0,4520.87871068126,0.0
Cerro Largo,UY-CL,2020,31,2020-08-03,2020-08-09,6,13655.557447815512,0.4393815501804962
Colonia,UY-CO,2020,31,2020-08-03,2020-08-09,1,6112.026851866528,0.16361184664864717
Durazno,UY-DU,2020,31,2020-08-03,2020-08-09,1,12228.10425056514,0.08177882519719143
Flores,UY-FS,2020,31,2020-08-03,2020-08-09,1,5140.77049712524,0.1945233697087252
Florida,UY-FD,2020,31,2020-08-03,2020-08-09,2,10405.572253242583,0.1922047102576949
Lavalleja,UY-LA,2020,31,2020-08-03,2020-08-09,1,10031.272844140674,0.09968824650045341
Maldonado,UY-MA,2020,31,2020-08-03,2020-08-09,0,4803.260185508939,0.0
Montevideo,UY-MO,2020,31,2020-08-03,2020-08-09,0,527.7536386520376,0.0
Paysandú,UY-PA,2020,31,2020-08-03,2020-08-09,5,14088.526169172621,0.3548987268051216
Rivera,UY-RV,2020,31,2020-08-03,2020-08-09,7,9329.550532265199,0.7503040983369229
Rocha,UY-RO,2020,31,2020-08-03,2020-08-09,3,10558.553826772255,0.28412982016469
Río Negro,UY-RN,2020,31,2020-08-03,2020-08-09,17,9810.67596839813,1.7328061852985375
Salto,UY-SA,2020,31,2020-08-03,2020-08-09,1,14170.87435119916,0.07056727589398029
San José,UY-SJ,2020,31,2020-08-03,2020-08-09,3,5002.920653176918,0.5996497262244129
Soriano,UY-SO,2020,31,2020-08-03,2020-08-09,5,9122.538742945157,0.5480930408617568
Tacuarembó,UY-TA,2020,31,2020-08-03,2020-08-09,21,15973.367767510354,1.3146883178082056
Treinta y Tres,UY-TT,2020,31,2020-08-03,2020-08-09,3,9285.005878360264,0.32310157250323696
Artigas,UY-AR,2020,32,2020-08-10,2020-08-16,4,12010.600679730765,0.3330391299038397
Canelones,UY-CA,2020,32,2020-08-10,2020-08-16,2,4520.87871068126,0.4423918729061891
Cerro Largo,UY-CL,2020,32,2020-08-10,2020-08-16,8,13655.557447815512,0.5858420669073282
Colonia,UY-CO,2020,32,2020-08-10,2020-08-16,3,6112.026851866528,0.4908355399459415
Durazno,UY-DU,2020,32,2020-08-10,2020-08-16,2,12228.10425056514,0.16355765039438286
Flores,UY-FS,2020,32,2020-08-10,2020-08-16,5,5140.77049712524,0.972616848543626
Florida,UY-FD,2020,32,2020-08-10,2020-08-16,4,10405.572253242583,0.3844094205153898
Lavalleja,UY-LA,2020,32,2020-08-10,2020-08-16,1,10031.272844140674,0.09968824650045341
Maldonado,UY-MA,2020,32,2020-08-10,2020-08-16,2,4803.260185508939,0.4163838565384911
Montevideo,UY-MO,2020,32,2020-08-10,2020-08-16,0,527.7536386520376,0.0
Paysandú,UY-PA,2020,32,2020-08-10,2020-08-16,4,14088.526169172621,0.2839189814440972
Rivera,UY-RV,2020,32,2020-08-10,2020-08-16,7,9329.550532265199,0.7503040983369229
Rocha,UY-RO,2020,32,2020-08-10,2020-08-16,7,10558.553826772255,0.6629695803842766
Río Negro,UY-RN,2020,32,2020-08-10,2020-08-16,1,9810.67596839813,0.10192977560579633
Salto,UY-SA,2020,32,2020-08-10,2020-08-16,1,14170.87435119916,0.07056727589398029
San José,UY-SJ,2020,32,2020-08-10,2020-08-16,2,5002.920653176918,0.39976648414960864
Soriano,UY-SO,2020,32,2020-08-10,2020-08-16,10,9122.538742945157,1.0961860817235136
Tacuarembó,UY-TA,2020,32,2020-08-10,2020-08-16,7,15973.367767510354,0.4382294392694019
Treinta y Tres,UY-TT,2020,32,2020-08-10,2020-08-16,9,9285.005878360264,0.9693047175097109
Artigas,UY-AR,2020,33,2020-08-17,2020-08-23,9,12010.600679730765,0.7493380422836394
Canelones,UY-CA,2020,33,2020-08-17,2020-08-23,0,4520.87871068126,0.0
Cerro Largo,UY-CL,2020,33,2020-08-17,2020-08-23,11,13655.557447815512,0.8055328419975764
Colonia,UY-CO,2020,33,2020-08-17,2020-08-23,6,6112.026851866528,0.981671079891883
Durazno,UY-DU,2020,33,2020-08-17,2020-08-23,7,12228.10425056514,0.57245177638034
Flores,UY-FS,2020,33,2020-08-17,2020-08-23,1,5140.77049712524,0.1945233697087252
Florida,UY-FD,2020,33,2020-08-17,2020-08-23,10,10405.572253242583,0.9610235512884745
Lavalleja,UY-LA,2020,33,2020-08-17,2020-08-23,18,10031.272844140674,1.7943884370081615
Maldonado,UY-MA,2020,33,2020-08-17,2020-08-23,3,4803.260185508939,0.6245757848077367
Montevideo,UY-MO,2020,33,2020-08-17,2020-08-23,1,527.7536386520376,1.8948235061991252
Paysandú,UY-PA,2020,33,2020-08-17,2020-08-23,13,14088.526169172621,0.9227366896933161
Rivera,UY-RV,2020,33,2020-08-17,2020-08-23,18,9329.550532265199,1.9293533957235163
Rocha,UY-RO,2020,33,2020-08-17,2020-08-23,14,10558.553826772255,1.3259391607685531
Río Negro,UY-RN,2020,33,2020-08-17,2020-08-23,13,9810.67596839813,1.3250870828753523
Salto,UY-SA,2020,33,2020-08-17,2020-08-23,10,14170.87435119916,0.7056727589398029
San José,UY-SJ,2020,33,2020-08-17,2020-08-23,7,5002.920653176918,1.3991826945236303
Soriano,UY-SO,2020,33,2020-08-17,2020-08-23,5,9122.538742945157,0.5480930408617568
Tacuarembó,UY-TA,2020,33,2020-08-17,2020-08-23,38,15973.367767510354,2.3789598131767526
Treinta y Tres,UY-TT,2020,33,2020-08-17,2020-08-23,10,9285.005878360264,1.0770052416774565
Artigas,UY-AR,2020,34,2020-08-24,2020-08-30,2,12010.600679730765,0.16651956495191986
Canelones,UY-CA,2020,34,2020-08-24,2020-08-30,0,4520.87871068126,0.0
Cerro Largo,UY-CL,2020,34,2020-08-24,2020-08-30,1,13655.557447815512,0.07323025836341603
Colonia,UY-CO,2020,34,2020-08-24,2020-08-30,0,6112.026851866528,0.0
Durazno,UY-DU,2020,34,2020-08-24,2020-08-30,1,12228.10425056514,0.08177882519719143
Flores,UY-FS,2020,34,2020-08-24,2020-08-30,2,5140.77049712524,0.3890467394174504
Florida,UY-FD,2020,34,2020-08-24,2020-08-30,1,10405.572253242583,0.09610235512884745
Lavalleja,UY-LA,2020,34,2020-08-24,2020-08-30,0,10031.272844140674,0.0
Maldonado,UY-MA,2020,34,2020-08-24,2020-08-30,0,4803.260185508939,0.0
Montevideo,UY-MO,2020,34,2020-08-24,2020-08-30,0,527.7536386520376,0.0
Paysandú,UY-PA,2020,34,2020-08-24,2020-08-30,1,14088.526169172621,0.0709797453610243
Rivera,UY-RV,2020,34,2020-08-24,2020-08-30,0,9329.550532265199,0.0
Rocha,UY-RO,2020,34,2020-08-24,2020-08-30,0,10558.553826772255,0.0
Río Negro,UY-RN,2020,34,2020-08-24,2020-08-30,1,9810.67596839813,0.10192977560579633
Salto,UY-SA,2020,34,2020-08-24,2020-08-30,0,14170.87435119916,0.0
San José,UY-SJ,2020,34,2020-08-24,2020-08-30,0,5002.920653176918,0.0
Soriano,UY-SO,2020,34,2020-08-24,2020-08-30,0,9122.538742945157,0.0
Tacuarembó,UY-TA,2020,34,2020-08-24,2020-08-30,6,15973.367767510354,0.3756252336594873
Treinta y Tres,UY-TT,2020,34,2020-08-24,2020-08-30,4,9285.005878360264,0.4308020966709826
Artigas,UY-AR,2020,35,2020-08-31,2020-09-06,1,12010.600679730765,0.08325978247595993
Canelones,UY-CA,2020,35,2020-08-31,2020-09-06,0,4520.87871068126,0.0
Cerro Largo,UY-CL,2020,35,2020-08-31,2020-09-06,0,13655.557447815512,0.0
Colonia,UY-CO,2020,35,2020-08-31,2020-09-06,0,6112.026851866528,0.0
Durazno,UY-DU,2020,35,2020-08-31,2020-09-06,0,12228.10425056514,0.0
Flores,UY-FS,2020,35,2020-08-31,2020-09-06,0,5140.77049712524,0.0
Florida,UY-FD,2020,35,2020-08-31,2020-09-06,0,10405.572253242583,0.0
Lavalleja,UY-LA,2020,35,2020-08-31,2020-09-06,0,10031.272844140674,0.0
Maldonado,UY-MA,2020,35,2020-08-31,2020-09-06,3,4803.260185508939,0.6245757848077367
Montevideo,UY-MO,2020,35,2020-08-31,2020-09-06,0,527.7536386520376,0.0
Paysandú,UY-PA,2020,35,2020-08-31,2020-09-06,0,14088.526169172621,0.0
Rivera,UY-RV,2020,35,2020-08-31,2020-09-06,0,9329.550532265199,0.0
Rocha,UY-RO,2020,35,2020-08-31,2020-09-06,0,10558.553826772255,0.0
Río Negro,UY-RN,2020,35,2020-08-31,2020-09-06,0,9810.67596839813,0.0
Salto,UY-SA,2020,35,2020-08-31,2020-09-06,0,14170.87435119916,0.0
San José,UY-SJ,2020,35,2020-08-31,2020-09-06,0,5002.920653176918,0.0
Soriano,UY-SO,2020,35,2020-08-31,2020-09-06,0,9122.538742945157,0.0
Tacuarembó,UY-TA,2020,35,2020-08-31,2020-09-06,1,15973.367767510354,0.06260420560991455
Treinta y Tres,UY-TT,2020,35,2020-08-31,2020-09-06,0,9285.005878360264,0.0
Artigas,UY-AR,2020,36,2020-09-07,2020-09-13,3,12010.600679730765,0.2497793474278798
Canelones,UY-CA,2020,36,2020-09-07,2020-09-13,0,4520.87871068126,0.0
Cerro Largo,UY-CL,2020,36,2020-09-07,2020-09-13,4,13655.557447815512,0.2929210334536641
Colonia,UY-CO,2020,36,2020-09-07,2020-09-13,0,6112.026851866528,0.0
Durazno,UY-DU,2020,36,2020-09-07,2020-09-13,1,12228.10425056514,0.08177882519719143
Flores,UY-FS,2020,36,2020-09-07,2020-09-13,10,5140.77049712524,1.945233697087252
Florida,UY-FD,2020,36,2020-09-07,2020-09-13,1,10405.572253242583,0.09610235512884745
Lavalleja,UY-LA,2020,36,2020-09-07,2020-09-13,3,10031.272844140674,0.29906473950136025
Maldonado,UY-MA,2020,36,2020-09-07,2020-09-13,0,4803.260185508939,0.0
Montevideo,UY-MO,2020,36,2020-09-07,2020-09-13,1,527.7536386520376,1.8948235061991252
Paysandú,UY-PA,2020,36,2020-09-07,2020-09-13,0,14088.526169172621,0.0
Rivera,UY-RV,2020,36,2020-09-07,2020-09-13,2,9329.550532265199,0.21437259952483514
Rocha,UY-RO,2020,36,2020-09-07,2020-09-13,0,10558.553826772255,0.0
Río Negro,UY-RN,2020,36,2020-09-07,2020-09-13,4,9810.67596839813,0.4077191024231853
Salto,UY-SA,2020,36,2020-09-07,2020-09-13,0,14170.87435119916,0.0
San José,UY-SJ,2020,36,2020-09-07,2020-09-13,1,5002.920653176918,0.19988324207480432
Soriano,UY-SO,2020,36,2020-09-07,2020-09-13,2,9122.538742945157,0.21923721634470275
Tacuarembó,UY-TA,2020,36,2020-09-07,2020-09-13,1,15973.367767510354,0.06260420560991455
Treinta y Tres,UY-TT,2020,36,2020-09-07,2020-09-13,1,9285.005878360264,0.10770052416774566
Artigas,UY-AR,2020,37,2020-09-14,2020-09-20,5,12010.600679730765,0.41629891237979966
Canelones,UY-CA,2020,37,2020-09-14,2020-09-20,3,4520.87871068126,0.6635878093592836
Cerro Largo,UY-CL,2020,37,2020-09-14,2020-09-20,5,13655.557447815512,0.36615129181708017
Colonia,UY-CO,2020,37,2020-09-14,2020-09-20,6,6112.026851866528,0.981671079891883
Durazno,UY-DU,2020,37,2020-09-14,2020-09-20,13,12228.10425056514,1.0631247275634885
Flores,UY-FS,2020,37,2020-09-14,2020-09-20,1,5140.77049712524,0.1945233697087252
Florida,UY-FD,2020,37,2020-09-14,2020-09-20,2,10405.572253242583,0.1922047102576949
Lavalleja,UY-LA,2020,37,2020-09-14,2020-09-20,7,10031.272844140674,0.6978177255031739
Maldonado,UY-MA,2020,37,2020-09-14,2020-09-20,2,4803.260185508939,0.4163838565384911
Montevideo,UY-MO,2020,37,2020-09-14,2020-09-20,0,527.7536386520376,0.0
Paysandú,UY-PA,2020,37,2020-09-14,2020-09-20,13,14088.526169172621,0.9227366896933161
Rivera,UY-RV,2020,37,2020-09-14,2020-09-20,4,9329.550532265199,0.4287451990496703
Rocha,UY-RO,2020,37,2020-09-14,2020-09-20,7,10558.553826772255,0.6629695803842766
Río Negro,UY-RN,2020,37,2020-09-14,2020-09-20,6,9810.67596839813,0.6115786536347779
Salto,UY-SA,2020,37,2020-09-14,2020-09-20,0,14170.87435119916,0.0
San José,UY-SJ,2020,37,2020-09-14,2020-09-20,11,5002.920653176918,2.1987156628228472
Soriano,UY-SO,2020,37,2020-09-14,2020-09-20,12,9122.538742945157,1.3154232980682166
Tacuarembó,UY-TA,2020,37,2020-09-14,2020-09-20,6,15973.367767510354,0.3756252336594873
Treinta y Tres,UY-TT,2020,37,2020-09-14,2020-09-20,8,9285.005878360264,0.8616041933419653
Artigas,UY-AR,2020,38,2020-09-21,2020-09-27,4,12010.600679730765,0.3330391299038397
Canelones,UY-CA,2020,38,2020-09-21,2020-09-27,1,4520.87871068126,0.22119593645309454
Cerro Largo,UY-CL,2020,38,2020-09-21,2020-09-27,3,13655.557447815512,0.2196907750902481
Colonia,UY-CO,2020,38,2020-09-21,2020-09-27,5,6112.026851866528,0.8180592332432358
Durazno,UY-DU,2020,38,2020-09-21,2020-09-27,1,12228.10425056514,0.08177882519719143
Flores,UY-FS,2020,38,2020-09-21,2020-09-27,2,5140.77049712524,0.3890467394174504
Florida,UY-FD,2020,38,2020-09-21,2020-09-27,3,10405.572253242583,0.2883070653865423
Lavalleja,UY-LA,2020,38,2020-09-21,2020-09-27,5,10031.272844140674,0.4984412325022671
Maldonado,UY-MA,2020,38,2020-09-21,2020-09-27,1,4803.260185508939,0.20819192826924554
Montevideo,UY-MO,2020,38,2020-09-21,2020-09-27,0,527.7536386520376,0.0
Paysandú,UY-PA,2020,38,2020-09-21,2020-09-27,9,14088.526169172621,0.6388177082492188
Rivera,UY-RV,2020,38,2020-09-21,2020-09-27,4,9329.550532265199,0.4287451990496703
Rocha,UY-RO,2020,38,2020-09-21,2020-09-27,5,10558.553826772255,0.4735497002744833
Río Negro,UY-RN,2020,38,2020-09-21,2020-09-27,1,9810.67596839813,0.10192977560579633
Salto,UY-SA,2020,38,2020-09-21,2020-09-27,2,14170.87435119916,0.14113455178796058
San José,UY-SJ,2020,38,2020-09-21,2020-09-27,5,5002.920653176918,0.9994162103740215
Soriano,UY-SO,2020,38,2020-09-21,2020-09-27,6,9122.538742945157,0.6577116490341083
Tacuarembó,UY-TA,2020,38,2020-09-21,2020-09-27,12,15973.367767510354,0.7512504673189746
Treinta y Tres,UY-TT,2020,38,2020-09-21,2020-09-27,10,9285.005878360264,1.0770052416774565
Artigas,UY-AR,2020,39,2020-09-28,2020-10-04,0,12010.600679730765,0.0
Canelones,UY-CA,2020,39,2020-09-28,2020-10-04,0,4520.87871068126,0.0
Cerro Largo,UY-CL,2020,39,2020-09-28,2020-10-04,1,13655.557447815512,0.07323025836341603
Colonia,UY-CO,2020,39,2020-09-28,2020-10-04,0,6112.026851866528,0.0
Durazno,UY-DU,2020,39,2020-09-28,2020-10-04,0,12228.10425056514,0.0
Flores,UY-FS,2020,39,2020-09-28,2020-10-04,1,5140.77049712524,0.1945233697087252
Florida,UY-FD,2020,39,2020-09-28,2020-10-04,3,10405.572253242583,0.2883070653865423
Lavalleja,UY-LA,2020,39,2020-09-28,2020-10-04,5,10031.272844140674,0.4984412325022671
Maldonado,UY-MA,2020,39,2020-09-28,2020-10-04,5,4803.260185508939,1.0409596413462279
Montevideo,UY-MO,2020,39,2020-09-28,2020-10-04,0,527.7536386520376,0.0
Paysandú,UY-PA,2020,39,2020-09-28,2020-10-04,1,14088.526169172621,0.0709797453610243
Rivera,UY-RV,2020,39,2020-09-28,2020-10-04,0,9329.550532265199,0.0
Rocha,UY-RO,2020,39,2020-09-28,2020-10-04,4,10558.553826772255,0.3788397602195866
Río Negro,UY-RN,2020,39,2020-09-28,2020-10-04,3,9810.67596839813,0.30578932681738896
Salto,UY-SA,2020,39,2020-09-28,2020-10-04,0,14170.87435119916,0.0
San José,UY-SJ,2020,39,2020-09-28,2020-10-04,2,5002.920653176918,0.39976648414960864
Soriano,UY-SO,2020,39,2020-09-28,2020-10-04,0,9122.538742945157,0.0
Tacuarembó,UY-TA,2020,39,2020-09-28,2020-10-04,0,15973.367767510354,0.0
Treinta y Tres,UY-TT,2020,39,2020-09-28,2020-10-04,0,9285.005878360264,0.0
Artigas,UY-AR,2020,40,2020-10-05,2020-10-11,0,12010.600679730765,0.0
Canelones,UY-CA,2020,40,2020-10-05,2020-10-11,2,4520.87871068126,0.4423918729061891
Cerro Largo,UY-CL,2020,40,2020-10-05,2020-10-11,1,13655.557447815512,0.07323025836341603
Colonia,UY-CO,2020,40,2020-10-05,2020-10-11,0,6112.026851866528,0.0
Durazno,UY-DU,2020,40,2020-10-05,2020-10-11,1,12228.10425056514,0.08177882519719143
Flores,UY-FS,2020,40,2020-10-05,2020-10-11,4,5140.77049712524,0.7780934788349008
Florida,UY-FD,2020,40,2020-10-05,2020-10-11,2,10405.572253242583,0.1922047102576949
Lavalleja,UY-LA,2020,40,2020-10-05,2020-10-11,2,10031.272844140674,0.19937649300090682
Maldonado,UY-MA,2020,40,2020-10-05,2020-10-11,0,4803.260185508939,0.0
Montevideo,UY-MO,2020,40,2020-10-05,2020-10-11,0,527.7536386520376,0.0
Paysandú,UY-PA,2020,40,2020-10-05,2020-10-11,2,14088.526169172621,0.1419594907220486
Rivera,UY-RV,2020,40,2020-10-05,2020-10-11,1,9329.550532265199,0.10718629976241757
Rocha,UY-RO,2020,40,2020-10-05,2020-10-11,3,10558.553826772255,0.28412982016469
Río Negro,UY-RN,2020,40,2020-10-05,2020-10-11,2,9810.67596839813,0.20385955121159266
Salto,UY-SA,2020,40,2020-10-05,2020-10-11,4,14170.87435119916,0.28226910357592117
San José,UY-SJ,2020,40,2020-10-05,2020-10-11,1,5002.920653176918,0.19988324207480432
Soriano,UY-SO,2020,40,2020-10-05,2020-10-11,2,9122.538742945157,0.21923721634470275
Tacuarembó,UY-TA,2020,40,2020-10-05,2020-10-11,0,15973.367767510354,0.0
Treinta y Tres,UY-TT,2020,40,2020-10-05,2020-10-11,1,9285.005878360264,0.10770052416774566
Artigas,UY-AR,2020,41,2020-10-12,2020-10-18,2,12010.600679730765,0.16651956495191986
Canelones,UY-CA,2020,41,2020-10-12,2020-10-18,4,4520.87871068126,0.8847837458123782
Cerro Largo,UY-CL,2020,41,2020-10-12,2020-10-18,1,13655.557447815512,0.07323025836341603
Colonia,UY-CO,2020,41,2020-10-12,2020-10-18,1,6112.026851866528,0.16361184664864717
Durazno,UY-DU,2020,41,2020-10-12,2020-10-18,1,12228.10425056514,0.08177882519719143
Flores,UY-FS,2020,41,2020-10-12,2020-10-18,0,5140.77049712524,0.0
Florida,UY-FD,2020,41,2020-10-12,2020-10-18,1,10405.572253242583,0.09610235512884745
Lavalleja,UY-LA,2020,41,2020-10-12,2020-10-18,9,10031.272844140674,0.8971942185040808
Maldonado,UY-MA,2020,41,2020-10-12,2020-10-18,0,4803.260185508939,0.0
Montevideo,UY-MO,2020,41,2020-10-12,2020-10-18,0,527.7536386520376,0.0
Paysandú,UY-PA,2020,41,2020-10-12,2020-10-18,0,14088.526169172621,0.0
Rivera,UY-RV,2020,41,2020-10-12,2020-10-18,2,9329.550532265199,0.21437259952483514
Rocha,UY-RO,2020,41,2020-10-12,2020-10-18,3,10558.553826772255,0.28412982016469
Río Negro,UY-RN,2020,41,2020-10-12,2020-10-18,12,9810.67596839813,1.2231573072695558
Salto,UY-SA,2020,41,2020-10-12,2020-10-18,0,14170.87435119916,0.0
San José,UY-SJ,2020,41,2020-10-12,2020-10-18,0,5002.920653176918,0.0
Soriano,UY-SO,2020,41,2020-10-12,2020-10-18,2,9122.538742945157,0.21923721634470275
Tacuarembó,UY-TA,2020,41,2020-10-12,2020-10-18,6,15973.367767510354,0.3756252336594873
Treinta y Tres,UY-TT,2020,41,2020-10-12,2020-10-18,1,9285.005878360264,0.10770052416774566
Artigas,UY-AR,2020,42,2020-10-19,2020-10-25,0,12010.600679730765,0.0
Canelones,UY-CA,2020,42,2020-10-19,2020-10-25,0,4520.87871068126,0.0
Cerro Largo,UY-CL,2020,42,2020-10-19,2020-10-25,0,13655.557447815512,0.0
Colonia,UY-CO,2020,42,2020-10-19,2020-10-25,0,6112.026851866528,0.0
Durazno,UY-DU,2020,42,2020-10-19,2020-10-25,0,12228.10425056514,0.0
Flores,UY-FS,2020,42,2020-10-19,2020-10-25,0,5140.77049712524,0.0
Florida,UY-FD,2020,42,2020-10-19,2020-10-25,0,10405.572253242583,0.0
Lavalleja,UY-LA,2020,42,2020-10-19,2020-10-25,0,10031.272844140674,0.0
Maldonado,UY-MA,2020,42,2020-10-19,2020-10-25,4,4803.260185508939,0.8327677130769822
Montevideo,UY-MO,2020,42,2020-10-19,2020-10-25,0,527.7536386520376,0.0
Paysandú,UY-PA,2020,42,2020-10-19,2020-10-25,1,14088.526169172621,0.0709797453610243
Rivera,UY-RV,2020,42,2020-10-19,2020-10-25,0,9329.550532265199,0.0
Rocha,UY-RO,2020,42,2020-10-19,2020-10-25,2,10558.553826772255,0.1894198801097933
Río Negro,UY-RN,2020,42,2020-10-19,2020-10-25,3,9810.67596839813,0.30578932681738896
Salto,UY-SA,2020,42,2020-10-19,2020-10-25,0,14170.87435119916,0.0
San José,UY-SJ,2020,42,2020-10-19,2020-10-25,2,5002.920653176918,0.39976648414960864
Soriano,UY-SO,2020,42,2020-10-19,2020-10-25,0,9122.538742945157,0.0
Tacuarembó,UY-TA,2020,42,2020-10-19,2020-10-25,0,15973.367767510354,0.0
Treinta y Tres,UY-TT,2020,42,2020-10-19,2020-10-25,0,9285.005878360264,0.0
Artigas,UY-AR,2020,43,2020-10-26,2020-11-01,2,12010.600679730765,0.16651956495191986
Canelones,UY-CA,2020,43,2020-10-26,2020-11-01,2,4520.87871068126,0.4423918729061891
Cerro Largo,UY-CL,2020,43,2020-10-26,2020-11-01,0,13655.557447815512,0.0
Colonia,UY-CO,2020,43,2020-10-26,2020-11-01,0,6112.026851866528,0.0
Durazno,UY-DU,2020,43,2020-10-26,2020-11-01,0,12228.10425056514,0.0
Flores,UY-FS,2020,43,2020-10-26,2020-11-01,0,5140.77049712524,0.0
Florida,UY-FD,2020,43,2020-10-26,2020-11-01,1,10405.572253242583,0.09610235512884745
Lavalleja,UY-LA,2020,43,2020-10-26,2020-11-01,2,10031.272844140674,0.19937649300090682
Maldonado,UY-MA,2020,43,2020-10-26,2020-11-01,1,4803.260185508939,0.20819192826924554
Montevideo,UY-MO,2020,43,2020-10-26,2020-11-01,0,527.7536386520376,0.0
Paysandú,UY-PA,2020,43,2020-10-26,2020-11-01,0,14088.526169172621,0.0
Rivera,UY-RV,2020,43,2020-10-26,2020-11-01,0,9329.550532265199,0.0
Rocha,UY-RO,2020,43,2020-10-26,2020-11-01,2,10558.553826772255,0.1894198801097933
Río Negro,UY-RN,2020,43,2020-10-26,2020-11-01,0,9810.67596839813,0.0
Salto,UY-SA,2020,43,2020-10-26,2020-11-01,0,14170.87435119916,0.0
San José,UY-SJ,2020,43,2020-10-26,2020-11-01,0,5002.920653176918,0.0
Soriano,UY-SO,2020,43,2020-10-26,2020-11-01,0,9122.538742945157,0.0
Tacuarembó,UY-TA,2020,43,2020-10-26,2020-11-01,1,15973.367767510354,0.06260420560991455
Treinta y Tres,UY-TT,2020,43,2020-10-26,2020-11-01,0,9285.005878360264,0.0
Artigas,UY-AR,2020,44,2020-11-02,2020-11-08,0,12010.600679730765,0.0
Canelones,UY-CA,2020,44,2020-11-02,2020-11-08,1,4520.87871068126,0.22119593645309454
Cerro Largo,UY-CL,2020,44,2020-11-02,2020-11-08,2,13655.557447815512,0.14646051672683205
Colonia,UY-CO,2020,44,2020-11-02,2020-11-08,5,6112.026851866528,0.8180592332432358
Durazno,UY-DU,2020,44,2020-11-02,2020-11-08,0,12228.10425056514,0.0
Flores,UY-FS,2020,44,2020-11-02,2020-11-08,2,5140.77049712524,0.3890467394174504
Florida,UY-FD,2020,44,2020-11-02,2020-11-08,1,10405.572253242583,0.09610235512884745
Lavalleja,UY-LA,2020,44,2020-11-02,2020-11-08,2,10031.272844140674,0.19937649300090682
Maldonado,UY-MA,2020,44,2020-11-02,2020-11-08,1,4803.260185508939,0.20819192826924554
Montevideo,UY-MO,2020,44,2020-11-02,2020-11-08,0,527.7536386520376,0.0
Paysandú,UY-PA,2020,44,2020-11-02,2020-11-08,1,14088.526169172621,0.0709797453610243
Rivera,UY-RV,2020,44,2020-11-02,2020-11-08,1,9329.550532265199,0.10718629976241757
Rocha,UY-RO,2020,44,2020-11-02,2020-11-08,1,10558.553826772255,0.09470994005489665
Río Negro,UY-RN,2020,44,2020-11-02,2020-11-08,0,9810.67596839813,0.0
Salto,UY-SA,2020,44,2020-11-02,2020-11-08,0,14170.87435119916,0.0
San José,UY-SJ,2020,44,2020-11-02,2020-11-08,0,5002.920653176918,0.0
Soriano,UY-SO,2020,44,2020-11-02,2020-11-08,1,9122.538742945157,0.10961860817235138
Tacuarembó,UY-TA,2020,44,2020-11-02,2020-11-08,6,15973.367767510354,0.3756252336594873
Treinta y Tres,UY-TT,2020,44,2020-11-02,2020-11-08,0,9285.005878360264,0.0
Artigas,UY-AR,2020,45,2020-11-09,2020-11-15,0,12010.600679730765,0.0
Canelones,UY-CA,2020,45,2020-11-09,2020-11-15,0,4520.87871068126,0.0
Cerro Largo,UY-CL,2020,45,2020-11-09,2020-11-15,0,13655.557447815512,0.0
Colonia,UY-CO,2020,45,2020-11-09,2020-11-15,0,6112.026851866528,0.0
Durazno,UY-DU,2020,45,2020-11-09,2020-11-15,0,12228.10425056514,0.0
Flores,UY-FS,2020,45,2020-11-09,2020-11-15,0,5140.77049712524,0.0
Florida,UY-FD,2020,45,2020-11-09,2020-11-15,0,10405.572253242583,0.0
Lavalleja,UY-LA,2020,45,2020-11-09,2020-11-15,0,10031.272844140674,0.0
Maldonado,UY-MA,2020,45,2020-11-09,2020-11-15,0,4803.260185508939,0.0
Montevideo,UY-MO,2020,45,2020-11-09,2020-11-15,1,527.7536386520376,1.8948235061991252
Paysandú,UY-PA,2020,45,2020-11-09,2020-11-15,0,14088.526169172621,0.0
Rivera,UY-RV,2020,45,2020-11-09,2020-11-15,0,9329.550532265199,0.0
Rocha,UY-RO,2020,45,2020-11-09,2020-11-15,0,10558.553826772255,0.0
Río Negro,UY-RN,2020,45,2020-11-09,2020-11-15,0,9810.67596839813,0.0
Salto,UY-SA,2020,45,2020-11-09,2020-11-15,0,14170.87435119916,0.0
San José,UY-SJ,2020,45,2020-11-09,2020-11-15,0,5002.920653176918,0.0
Soriano,UY-SO,2020,45,2020-11-09,2020-11-15,0,9122.538742945157,0.0
Tacuarembó,UY-TA,2020,45,2020-11-09,2020-11-15,0,15973.367767510354,0.0
Treinta y Tres,UY-TT,2020,45,2020-11-09,2020-11-15,0,9285.005878360264,0.0
Artigas,UY-AR,2020,46,2020-11-16,2020-11-22,0,12010.600679730765,0.0
Canelones,UY-CA,2020,46,2020-11-16,2020-11-22,0,4520.87871068126,0.0
Cerro Largo,UY-CL,2020,46,2020-11-16,2020-11-22,1,13655.557447815512,0.07323025836341603
Colonia,UY-CO,2020,46,2020-11-16,2020-11-22,1,6112.026851866528,0.16361184664864717
Durazno,UY-DU,2020,46,2020-11-16,2020-11-22,0,12228.10425056514,0.0
Flores,UY-FS,2020,46,2020-11-16,2020-11-22,1,5140.77049712524,0.1945233697087252
Florida,UY-FD,2020,46,2020-11-16,2020-11-22,0,10405.572253242583,0.0
Lavalleja,UY-LA,2020,46,2020-11-16,2020-11-22,2,10031.272844140674,0.19937649300090682
Maldonado,UY-MA,2020,46,2020-11-16,2020-11-22,2,4803.260185508939,0.4163838565384911
Montevideo,UY-MO,2020,46,2020-11-16,2020-11-22,0,527.7536386520376,0.0
Paysandú,UY-PA,2020,46,2020-11-16,2020-11-22,0,14088.526169172621,0.0
Rivera,UY-RV,2020,46,2020-11-16,2020-11-22,0,9329.550532265199,0.0
Rocha,UY-RO,2020,46,2020-11-16,2020-11-22,0,10558.553826772255,0.0
Río Negro,UY-RN,2020,46,2020-11-16,2020-11-22,0,9810.67596839813,0.0
Salto,UY-SA,2020,46,2020-11-16,2020-11-22,0,14170.87435119916,0.0
San José,UY-SJ,2020,46,2020-11-16,2020-11-22,4,5002.920653176918,0.7995329682992173
Soriano,UY-SO,2020,46,2020-11-16,2020-11-22,0,9122.538742945157,0.0
Tacuarembó,UY-TA,2020,46,2020-11-16,2020-11-22,0,15973.367767510354,0.0
Treinta y Tres,UY-TT,2020,46,2020-11-16,2020-11-22,2,9285.005878360264,0.2154010483354913
Artigas,UY-AR,2020,47,2020-11-23,2020-11-29,2,12010.600679730765,0.16651956495191986
Canelones,UY-CA,2020,47,2020-11-23,2020-11-29,4,4520.87871068126,0.8847837458123782
Cerro Largo,UY-CL,2020,47,2020-11-23,2020-11-29,1,13655.557447815512,0.07323025836341603
Colonia,UY-CO,2020,47,2020-11-23,2020-11-29,0,6112.026851866528,0.0
Durazno,UY-DU,2020,47,2020-11-23,2020-11-29,0,12228.10425056514,0.0
Flores,UY-FS,2020,47,2020-11-23,2020-11-29,0,5140.77049712524,0.0
Florida,UY-FD,2020,47,2020-11-23,2020-11-29,0,10405.572253242583,0.0
Lavalleja,UY-LA,2020,47,2020-11-23,2020-11-29,2,10031.272844140674,0.19937649300090682
Maldonado,UY-MA,2020,47,2020-11-23,2020-11-29,2,4803.260185508939,0.4163838565384911
Montevideo,UY-MO,2020,47,2020-11-23,2020-11-29,0,527.7536386520376,0.0
Paysandú,UY-PA,2020,47,2020-11-23,2020-11-29,16,14088.526169172621,1.1356759257763889
Rivera,UY-RV,2020,47,2020-11-23,2020-11-29,0,9329.550532265199,0.0
Rocha,UY-RO,2020,47,2020-11-23,2020-11-29,3,10558.553826772255,0.28412982016469
Río Negro,UY-RN,2020,47,2020-11-23,2020-11-29,0,9810.67596839813,0.0
Salto,UY-SA,2020,47,2020-11-23,2020-11-29,1,14170.87435119916,0.07056727589398029
San José,UY-SJ,2020,47,2020-11-23,2020-11-29,1,5002.920653176918,0.19988324207480432
Soriano,UY-SO,2020,47,2020-11-23,2020-11-29,5,9122.538742945157,0.5480930408617568
Tacuarembó,UY-TA,2020,47,2020-11-23,2020-11-29,2,15973.367767510354,0.1252084112198291
Treinta y Tres,UY-TT,2020,47,2020-11-23,2020-11-29,1,9285.005878360264,0.10770052416774566
Artigas,UY-AR,2020,48,2020-11-30,2020-12-06,0,12010.600679730765,0.0
Canelones,UY-CA,2020,48,2020-11-30,2020-12-06,7,4520.87871068126,1.548371555171662
Cerro Largo,UY-CL,2020,48,2020-11-30,2020-12-06,1,13655.557447815512,0.07323025836341603
Colonia,UY-CO,2020,48,2020-11-30,2020-12-06,0,6112.026851866528,0.0
Durazno,UY-DU,2020,48,2020-11-30,2020-12-06,1,12228.10425056514,0.08177882519719143
Flores,UY-FS,2020,48,2020-11-30,2020-12-06,0,5140.77049712524,0.0
Florida,UY-FD,2020,48,2020-11-30,2020-12-06,2,10405.572253242583,0.1922047102576949
Lavalleja,UY-LA,2020,48,2020-11-30,2020-12-06,3,10031.272844140674,0.29906473950136025
Maldonado,UY-MA,2020,48,2020-11-30,2020-12-06,2,4803.260185508939,0.4163838565384911
Montevideo,UY-MO,2020,48,2020-11-30,2020-12-06,0,527.7536386520376,0.0
Paysandú,UY-PA,2020,48,2020-11-30,2020-12-06,0,14088.526169172621,0.0
Rivera,UY-RV,2020,48,2020-11-30,2020-12-06,0,9329.550532265199,0.0
Rocha,UY-RO,2020,48,2020-11-30,2020-12-06,2,10558.553826772255,0.1894198801097933
Río Negro,UY-RN,2020,48,2020-11-30,2020-12-06,0,9810.67596839813,0.0
Salto,UY-SA,2020,48,2020-11-30,2020-12-06,0,14170.87435119916,0.0
San José,UY-SJ,2020,48,2020-11-30,2020-12-06,1,5002.920653176918,0.19988324207480432
Soriano,UY-SO,2020,48,2020-11-30,2020-12-06,0,9122.538742945157,0.0
Tacuarembó,UY-TA,2020,48,2020-11-30,2020-12-06,0,15973.367767510354,0.0
Treinta y Tres,UY-TT,2020,48,2020-11-30,2020-12-06,3,9285.005878360264,0.32310157250323696
Artigas,UY-AR,2020,49,2020-12-07,2020-12-13,0,12010.600679730765,0.0
Canelones,UY-CA,2020,49,2020-12-07,2020-12-13,0,4520.87871068126,0.0
Cerro Largo,UY-CL,2020,49,2020-12-07,2020-12-13,1,13655.557447815512,0.07323025836341603
Colonia,UY-CO,2020,49,2020-12-07,2020-12-13,0,6112.026851866528,0.0
Durazno,UY-DU,2020,49,2020-12-07,2020-12-13,0,12228.10425056514,0.0
Flores,UY-FS,2020,49,2020-12-07,2020-12-13,0,5140.77049712524,0.0
Florida,UY-FD,2020,49,2020-12-07,2020-12-13,0,10405.572253242583,0.0
Lavalleja,UY-LA,2020,49,2020-12-07,2020-12-13,0,10031.272844140674,0.0
Maldonado,UY-MA,2020,49,2020-12-07,2020-12-13,0,4803.260185508939,0.0
Montevideo,UY-MO,2020,49,2020-12-07,2020-12-13,0,527.7536386520376,0.0
Paysandú,UY-PA,2020,49,2020-12-07,2020-12-13,0,14088.526169172621,0.0
Rivera,UY-RV,2020,49,2020-12-07,2020-12-13,2,9329.550532265199,0.21437259952483514
Rocha,UY-RO,2020,49,2020-12-07,2020-12-13,0,10558.553826772255,0.0
Río Negro,UY-RN,2020,49,2020-12-07,2020-12-13,0,9810.67596839813,0.0
Salto,UY-SA,2020,49,2020-12-07,2020-12-13,0,14170.87435119916,0.0
San José,UY-SJ,2020,49,2020-12-07,2020-12-13,1,5002.920653176918,0.19988324207480432
Soriano,UY-SO,2020,49,2020-12-07,2020-12-13,0,9122.538742945157,0.0
Tacuarembó,UY-TA,2020,49,2020-12-07,2020-12-13,3,15973.367767510354,0.18781261682974365
Treinta y Tres,UY-TT,2020,49,2020-12-07,2020-12-13,0,9285.005878360264,0.0
Artigas,UY-AR,2020,50,2020-12-14,2020-12-20,0,12010.600679730765,0.0
Canelones,UY-CA,2020,50,2020-12-14,2020-12-20,5,4520.87871068126,1.1059796822654728
Cerro Largo,UY-CL,2020,50,2020-12-14,2020-12-20,1,13655.557447815512,0.07323025836341603
Colonia,UY-CO,2020,50,2020-12-14,2020-12-20,0,6112.026851866528,0.0
Durazno,UY-DU,2020,50,2020-12-14,2020-12-20,1,12228.10425056514,0.08177882519719143
Flores,UY-FS,2020,50,2020-12-14,2020-12-20,0,5140.77049712524,0.0
Florida,UY-FD,2020,50,2020-12-14,2020-12-20,2,10405.572253242583,0.1922047102576949
Lavalleja,UY-LA,2020,50,2020-12-14,2020-12-20,0,10031.272844140674,0.0
Maldonado,UY-MA,2020,50,2020-12-14,2020-12-20,0,4803.260185508939,0.0
Montevideo,UY-MO,2020,50,2020-12-14,2020-12-20,0,527.7536386520376,0.0
Paysandú,UY-PA,2020,50,2020-12-14,2020-12-20,0,14088.526169172621,0.0
Rivera,UY-RV,2020,50,2020-12-14,2020-12-20,0,9329.550532265199,0.0
Rocha,UY-RO,2020,50,2020-12-14,2020-12-20,0,10558.553826772255,0.0
Río Negro,UY-RN,2020,50,2020-12-14,2020-12-20,0,9810.67596839813,0.0
Salto,UY-SA,2020,50,2020-12-14,2020-12-20,0,14170.87435119916,0.0
San José,UY-SJ,2020,50,2020-12-14,2020-12-20,2,5002.920653176918,0.39976648414960864
Soriano,UY-SO,2020,50,2020-12-14,2020-12-20,0,9122.538742945157,0.0
Tacuarembó,UY-TA,2020,50,2020-12-14,2020-12-20,0,15973.367767510354,0.0
Treinta y Tres,UY-TT,2020,50,2020-12-14,2020-12-20,2,9285.005878360264,0.2154010483354913
Artigas,UY-AR,2020,51,2020-12-21,2020-12-27,0,12010.600679730765,0.0
Canelones,UY-CA,2020,51,2020-12-21,2020-12-27,6,4520.87871068126,1.3271756187185673
Cerro Largo,UY-CL,2020,51,2020-12-21,2020-12-27,2,13655.557447815512,0.14646051672683205
Colonia,UY-CO,2020,51,2020-12-21,2020-12-27,0,6112.026851866528,0.0
Durazno,UY-DU,2020,51,2020-12-21,2020-12-27,0,12228.10425056514,0.0
Flores,UY-FS,2020,51,2020-12-21,2020-12-27,1,5140.77049712524,0.1945233697087252
Florida,UY-FD,2020,51,2020-12-21,2020-12-27,0,10405.572253242583,0.0
Lavalleja,UY-LA,2020,51,2020-12-21,2020-12-27,2,10031.272844140674,0.19937649300090682
Maldonado,UY-MA,2020,51,2020-12-21,2020-12-27,0,4803.260185508939,0.0
Montevideo,UY-MO,2020,51,2020-12-21,2020-12-27,0,527.7536386520376,0.0
Paysandú,UY-PA,2020,51,2020-12-21,2020-12-27,0,14088.526169172621,0.0
Rivera,UY-RV,2020,51,2020-12-21,2020-12-27,0,9329.550532265199,0.0
Rocha,UY-RO,2020,51,2020-12-21,2020-12-27,0,10558.553826772255,0.0
Río Negro,UY-RN,2020,51,2020-12-21,2020-12-27,0,9810.67596839813,0.0
Salto,UY-SA,2020,51,2020-12-21,2020-12-27,0,14170.87435119916,0.0
San José,UY-SJ,2020,51,2020-12-21,2020-12-27,0,5002.920653176918,0.0
Soriano,UY-SO,2020,51,2020-12-21,2020-12-27,0,9122.538742945157,0.0
Tacuarembó,UY-TA,2020,51,2020-12-21,2020-12-27,1,15973.367767510354,0.06260420560991455
Treinta y Tres,UY-TT,2020,51,2020-12-21,2020-12-27,1,9285.005878360264,0.10770052416774566
Artigas,UY-AR,2020,52,2020-12-28,2021-01-03,1,12010.600679730765,0.08325978247595993
Canelones,UY-CA,2020,52,2020-12-28,2021-01-03,0,4520.87871068126,0.0
Cerro Largo,UY-CL,2020,52,2020-12-28,2021-01-03,0,13655.557447815512,0.0
Colonia,UY-CO,2020,52,2020-12-28,2021-01-03,0,6112.026851866528,0.0
Durazno,UY-DU,2020,52,2020-12-28,2021-01-03,0,12228.10425056514,0.0
Flores,UY-FS,2020,52,2020-12-28,2021-01-03,0,5140.77049712524,0.0
Florida,UY-FD,2020,52,2020-12-28,2021-01-03,0,10405.572253242583,0.0
Lavalleja,UY-LA,2020,52,2020-12-28,2021-01-03,0,10031.272844140674,0.0
Maldonado,UY-MA,2020,52,2020-12-28,2021-01-03,1,4803.260185508939,0.20819192826924554
Montevideo,UY-MO,2020,52,2020-12-28,2021-01-03,0,527.7536386520376,0.0
Paysandú,UY-PA,2020,52,2020-12-28,2021-01-03,0,14088.526169172621,0.0
Rivera,UY-RV,2020,52,2020-12-28,2021-01-03,0,9329.550532265199,0.0
Rocha,UY-RO,2020,52,2020-12-28,2021-01-03,8,10558.553826772255,0.7576795204391732
Río Negro,UY-RN,2020,52,2020-12-28,2021-01-03,0,9810.67596839813,0.0
Salto,UY-SA,2020,52,2020-12-28,2021-01-03,0,14170.87435119916,0.0
San José,UY-SJ,2020,52,2020-12-28,2021-01-03,1,5002.920653176918,0.19988324207480432
Soriano,UY-SO,2020,52,2020-12-28,2021-01-03,0,9122.538742945157,0.0
Tacuarembó,UY-TA,2020,52,2020-12-28,2021-01-03,1,15973.367767510354,0.06260420560991455
Treinta y Tres,UY-TT,2020,52,2020-12-28,2021-01-03,0,9285.005878360264,0.0
Artigas,UY-AR,2021,1,2021-01-04,2021-01-10,3,12010.600679730765,0.2497793474278798
Canelones,UY-CA,2021,1,2021-01-04,2021-01-10,0,4520.87871068126,0.0
Cerro Largo,UY-CL,2021,1,2021-01-04,2021-01-10,0,13655.557447815512,0.0
Colonia,UY-CO,2021,1,2021-01-04,2021-01-10,2,6112.026851866528,0.32722369329729434
Durazno,UY-DU,2021,1,2021-01-04,2021-01-10,0,12228.10425056514,0.0
Flores,UY-FS,2021,1,2021-01-04,2021-01-10,0,5140.77049712524,0.0
Florida,UY-FD,2021,1,2021-01-04,2021-01-10,0,10405.572253242583,0.0
Lavalleja,UY-LA,2021,1,2021-01-04,2021-01-10,0,10031.272844140674,0.0
Maldonado,UY-MA,2021,1,2021-01-04,2021-01-10,0,4803.260185508939,0.0
Montevideo,UY-MO,2021,1,2021-01-04,2021-01-10,0,527.7536386520376,0.0
Paysandú,UY-PA,2021,1,2021-01-04,2021-01-10,0,14088.526169172621,0.0
Rivera,UY-RV,2021,1,2021-01-04,2021-01-10,0,9329.550532265199,0.0
Rocha,UY-RO,2021,1,2021-01-04,2021-01-10,0,10558.553826772255,0.0
Río Negro,UY-RN,2021,1,2021-01-04,2021-01-10,1,9810.67596839813,0.10192977560579633
Salto,UY-SA,2021,1,2021-01-04,2021-01-10,0,14170.87435119916,0.0
San José,UY-SJ,2021,1,2021-01-04,2021-01-10,0,5002.920653176918,0.0
Soriano,UY-SO,2021,1,2021-01-04,2021-01-10,0,9122.538742945157,0.0
Tacuarembó,UY-TA,2021,1,2021-01-04,2021-01-10,1,15973.367767510354,0.06260420560991455
Treinta y Tres,UY-TT,2021,1,2021-01-04,2021-01-10,1,9285.005878360264,0.10770052416774566
Artigas,UY-AR,2021,2,2021-01-11,2021-01-17,0,12010.600679730765,0.0
Canelones,UY-CA,2021,2,2021-01-11,2021-01-17,0,4520.87871068126,0.0
Cerro Largo,UY-CL,2021,2,2021-01-11,2021-01-17,2,13655.557447815512,0.14646051672683205
Colonia,UY-CO,2021,2,2021-01-11,2021-01-17,0,6112.026851866528,0.0
Durazno,UY-DU,2021,2,2021-01-11,2021-01-17,0,12228.10425056514,0.0
Flores,UY-FS,2021,2,2021-01-11,2021-01-17,0,5140.77049712524,0.0
Florida,UY-FD,2021,2,2021-01-11,2021-01-17,0,10405.572253242583,0.0
Lavalleja,UY-LA,2021,2,2021-01-11,2021-01-17,2,10031.272844140674,0.19937649300090682
Maldonado,UY-MA,2021,2,2021-01-11,2021-01-17,1,4803.260185508939,0.20819192826924554
Montevideo,UY-MO,2021,2,2021-01-11,2021-01-17,0,527.7536386520376,0.0
Paysandú,UY-PA,2021,2,2021-01-11,2021-01-17,0,14088.526169172621,0.0
Rivera,UY-RV,2021,2,2021-01-11,2021-01-17,0,9329.550532265199,0.0
Rocha,UY-RO,2021,2,2021-01-11,2021-01-17,1,10558.553826772255,0.09470994005489665
Río Negro,UY-RN,2021,2,2021-01-11,2021-01-17,0,9810.67596839813,0.0
Salto,UY-SA,2021,2,2021-01-11,2021-01-17,0,14170.87435119916,0.0
San José,UY-SJ,2021,2,2021-01-11,2021-01-17,0,5002.920653176918,0.0
Soriano,UY-SO,2021,2,2021-01-11,2021-01-17,0,9122.538742945157,0.0
Tacuarembó,UY-TA,2021,2,2021-01-11,2021-01-17,0,15973.367767510354,0.0
Treinta y Tres,UY-TT,2021,2,2021-01-11,2021-01-17,3,9285.005878360264,0.32310157250323696
Artigas,UY-AR,2021,3,2021-01-18,2021-01-24,1,12010.600679730765,0.08325978247595993
Canelones,UY-CA,2021,3,2021-01-18,2021-01-24,3,4520.87871068126,0.6635878093592836
Cerro Largo,UY-CL,2021,3,2021-01-18,2021-01-24,3,13655.557447815512,0.2196907750902481
Colonia,UY-CO,2021,3,2021-01-18,2021-01-24,1,6112.026851866528,0.16361184664864717
Durazno,UY-DU,2021,3,2021-01-18,2021-01-24,1,12228.10425056514,0.08177882519719143
Flores,UY-FS,2021,3,2021-01-18,2021-01-24,0,5140.77049712524,0.0
Florida,UY-FD,2021,3,2021-01-18,2021-01-24,1,10405.572253242583,0.09610235512884745
Lavalleja,UY-LA,2021,3,2021-01-18,2021-01-24,2,10031.272844140674,0.19937649300090682
Maldonado,UY-MA,2021,3,2021-01-18,2021-01-24,2,4803.260185508939,0.4163838565384911
Montevideo,UY-MO,2021,3,2021-01-18,2021-01-24,1,527.7536386520376,1.8948235061991252
Paysandú,UY-PA,2021,3,2021-01-18,2021-01-24,1,14088.526169172621,0.0709797453610243
Rivera,UY-RV,2021,3,2021-01-18,2021-01-24,0,9329.550532265199,0.0
Rocha,UY-RO,2021,3,2021-01-18,2021-01-24,2,10558.553826772255,0.1894198801097933
Río Negro,UY-RN,2021,3,2021-01-18,2021-01-24,0,9810.67596839813,0.0
Salto,UY-SA,2021,3,2021-01-18,2021-01-24,0,14170.87435119916,0.0
San José,UY-SJ,2021,3,2021-01-18,2021-01-24,1,5002.920653176918,0.19988324207480432
Soriano,UY-SO,2021,3,2021-01-18,2021-01-24,0,9122.538742945157,0.0
Tacuarembó,UY-TA,2021,3,2021-01-18,2021-01-24,1,15973.367767510354,0.06260420560991455
Treinta y Tres,UY-TT,2021,3,2021-01-18,2021-01-24,5,9285.005878360264,0.5385026208387282
Artigas,UY-AR,2021,4,2021-01-25,2021-01-31,0,12010.600679730765,0.0
Canelones,UY-CA,2021,4,2021-01-25,2021-01-31,3,4520.87871068126,0.6635878093592836
Cerro Largo,UY-CL,2021,4,2021-01-25,2021-01-31,1,13655.557447815512,0.07323025836341603
Colonia,UY-CO,2021,4,2021-01-25,2021-01-31,0,6112.026851866528,0.0
Durazno,UY-DU,2021,4,2021-01-25,2021-01-31,1,12228.10425056514,0.08177882519719143
Flores,UY-FS,2021,4,2021-01-25,2021-01-31,0,5140.77049712524,0.0
Florida,UY-FD,2021,4,2021-01-25,2021-01-31,0,10405.572253242583,0.0
Lavalleja,UY-LA,2021,4,2021-01-25,2021-01-31,1,10031.272844140674,0.09968824650045341
Maldonado,UY-MA,2021,4,2021-01-25,2021-01-31,0,4803.260185508939,0.0
Montevideo,UY-MO,2021,4,2021-01-25,2021-01-31,0,527.7536386520376,0.0
Paysandú,UY-PA,2021,4,2021-01-25,2021-01-31,0,14088.526169172621,0.0
Rivera,UY-RV,2021,4,2021-01-25,2021-01-31,0,9329.550532265199,0.0
Rocha,UY-RO,2021,4,2021-01-25,2021-01-31,1,10558.553826772255,0.09470994005489665
Río Negro,UY-RN,2021,4,2021-01-25,2021-01-31,0,9810.67596839813,0.0
Salto,UY-SA,2021,4,2021-01-25,2021-01-31,0,14170.87435119916,0.0
San José,UY-SJ,2021,4,2021-01-25,2021-01-31,0,5002.920653176918,0.0
Soriano,UY-SO,2021,4,2021-01-25,2021-01-31,1,9122.538742945157,0.10961860817235138
Tacuarembó,UY-TA,2021,4,2021-01-25,2021-01-31,1,15973.367767510354,0.06260420560991455
Treinta y Tres,UY-TT,2021,4,2021-01-25,2021-01-31,1,9285.005878360264,0.10770052416774566
Artigas,UY-AR,2021,5,2021-02-01,2021-02-07,0,12010.600679730765,0.0
Canelones,UY-CA,2021,5,2021-02-01,2021-02-07,2,4520.87871068126,0.4423918729061891
Cerro Largo,UY-CL,2021,5,2021-02-01,2021-02-07,1,13655.557447815512,0.07323025836341603
Colonia,UY-CO,2021,5,2021-02-01,2021-02-07,0,6112.026851866528,0.0
Durazno,UY-DU,2021,5,2021-02-01,2021-02-07,1,12228.10425056514,0.08177882519719143
Flores,UY-FS,2021,5,2021-02-01,2021-02-07,0,5140.77049712524,0.0
Florida,UY-FD,2021,5,2021-02-01,2021-02-07,2,10405.572253242583,0.1922047102576949
Lavalleja,UY-LA,2021,5,2021-02-01,2021-02-07,1,10031.272844140674,0.09968824650045341
Maldonado,UY-MA,2021,5,2021-02-01,2021-02-07,2,4803.260185508939,0.4163838565384911
Montevideo,UY-MO,2021,5,2021-02-01,2021-02-07,0,527.7536386520376,0.0
Paysandú,UY-PA,2021,5,2021-02-01,2021-02-07,0,14088.526169172621,0.0
Rivera,UY-RV,2021,5,2021-02-01,2021-02-07,0,9329.550532265199,0.0
Rocha,UY-RO,2021,5,2021-02-01,2021-02-07,2,10558.553826772255,0.1894198801097933
Río Negro,UY-RN,2021,5,2021-02-01,2021-02-07,0,9810.67596839813,0.0
Salto,UY-SA,2021,5,2021-02-01,2021-02-07,0,14170.87435119916,0.0
San José,UY-SJ,2021,5,2021-02-01,2021-02-07,2,5002.920653176918,0.39976648414960864
Soriano,UY-SO,2021,5,2021-02-01,2021-02-07,1,9122.538742945157,0.10961860817235138
Tacuarembó,UY-TA,2021,5,2021-02-01,2021-02-07,0,15973.367767510354,0.0
Treinta y Tres,UY-TT,2021,5,2021-02-01,2021-02-07,3,9285.005878360264,0.32310157250323696
Artigas,UY-AR,2021,6,2021-02-08,2021-02-14,0,12010.600679730765,0.0
Canelones,UY-CA,2021,6,2021-02-08,2021-02-14,0,4520.87871068126,0.0
Cerro Largo,UY-CL,2021,6,2021-02-08,2021-02-14,0,13655.557447815512,0.0
Colonia,UY-CO,2021,6,2021-02-08,2021-02-14,0,6112.026851866528,0.0
Durazno,UY-DU,2021,6,2021-02-08,2021-02-14,0,12228.10425056514,0.0
Flores,UY-FS,2021,6,2021-02-08,2021-02-14,0,5140.77049712524,0.0
Florida,UY-FD,2021,6,2021-02-08,2021-02-14,0,10405.572253242583,0.0
Lavalleja,UY-LA,2021,6,2021-02-08,2021-02-14,0,10031.272844140674,0.0
Maldonado,UY-MA,2021,6,2021-02-08,2021-02-14,0,4803.260185508939,0.0
Montevideo,UY-MO,2021,6,2021-02-08,2021-02-14,0,527.7536386520376,0.0
Paysandú,UY-PA,2021,6,2021-02-08,2021-02-14,0,14088.526169172621,0.0
Rivera,UY-RV,2021,6,2021-02-08,2021-02-14,0,9329.550532265199,0.0
Rocha,UY-RO,2021,6,2021-02-08,2021-02-14,0,10558.553826772255,0.0
Río Negro,UY-RN,2021,6,2021-02-08,2021-02-14,0,9810.67596839813,0.0
Salto,UY-SA,2021,6,2021-02-08,2021-02-14,0,14170.87435119916,0.0
San José,UY-SJ,2021,6,2021-02-08,2021-02-14,0,5002.920653176918,0.0
Soriano,UY-SO,2021,6,2021-02-08,2021-02-14,0,9122.538742945157,0.0
Tacuarembó,UY-TA,2021,6,2021-02-08,2021-02-14,1,15973.367767510354,0.06260420560991455
Treinta y Tres,UY-TT,2021,6,2021-02-08,2021-02-14,1,9285.005878360264,0.10770052416774566
Artigas,UY-AR,2021,7,2021-02-15,2021-02-21,0,12010.600679730765,0.0
Canelones,UY-CA,2021,7,2021-02-15,2021-02-21,0,4520.87871068126,0.0
Cerro Largo,UY-CL,2021,7,2021-02-15,2021-02-21,0,13655.557447815512,0.0
Colonia,UY-CO,2021,7,2021-02-15,2021-02-21,1,6112.026851866528,0.16361184664864717
Durazno,UY-DU,2021,7,2021-02-15,2021-02-21,0,12228.10425056514,0.0
Flores,UY-FS,2021,7,2021-02-15,2021-02-21,0,5140.77049712524,0.0
Florida,UY-FD,2021,7,2021-02-15,2021-02-21,0,10405.572253242583,0.0
Lavalleja,UY-LA,2021,7,2021-02-15,2021-02-21,0,10031.272844140674,0.0
Maldonado,UY-MA,2021,7,2021-02-15,2021-02-21,1,4803.260185508939,0.20819192826924554
Montevideo,UY-MO,2021,7,2021-02-15,2021-02-21,0,527.7536386520376,0.0
Paysandú,UY-PA,2021,7,2021-02-15,2021-02-21,0,14088.526169172621,0.0
Rivera,UY-RV,2021,7,2021-02-15,2021-02-21,1,9329.550532265199,0.10718629976241757
Rocha,UY-RO,2021,7,2021-02-15,2021-02-21,0,10558.553826772255,0.0
Río Negro,UY-RN,2021,7,2021-02-15,2021-02-21,1,9810.67596839813,0.10192977560579633
Salto,UY-SA,2021,7,2021-02-15,2021-02-21,0,14170.87435119916,0.0
San José,UY-SJ,2021,7,2021-02-15,2021-02-21,0,5002.920653176918,0.0
Soriano,UY-SO,2021,7,2021-02-15,2021-02-21,0,9122.538742945157,0.0
Tacuarembó,UY-TA,2021,7,2021-02-15,2021-02-21,0,15973.367767510354,0.0
Treinta y Tres,UY-TT,2021,7,2021-02-15,2021-02-21,0,9285.005878360264,0.0
Artigas,UY-AR,2021,8,2021-02-22,2021-02-28,2,12010.600679730765,0.16651956495191986
Canelones,UY-CA,2021,8,2021-02-22,2021-02-28,0,4520.87871068126,0.0
Cerro Largo,UY-CL,2021,8,2021-02-22,2021-02-28,1,13655.557447815512,0.07323025836341603
Colonia,UY-CO,2021,8,2021-02-22,2021-02-28,0,6112.026851866528,0.0
Durazno,UY-DU,2021,8,2021-02-22,2021-02-28,1,12228.10425056514,0.08177882519719143
Flores,UY-FS,2021,8,2021-02-22,2021-02-28,0,5140.77049712524,0.0
Florida,UY-FD,2021,8,2021-02-22,2021-02-28,0,10405.572253242583,0.0
Lavalleja,UY-LA,2021,8,2021-02-22,2021-02-28,0,10031.272844140674,0.0
Maldonado,UY-MA,2021,8,2021-02-22,2021-02-28,0,4803.260185508939,0.0
Montevideo,UY-MO,2021,8,2021-02-22,2021-02-28,0,527.7536386520376,0.0
Paysandú,UY-PA,2021,8,2021-02-22,2021-02-28,4,14088.526169172621,0.2839189814440972
Rivera,UY-RV,2021,8,2021-02-22,2021-02-28,0,9329.550532265199,0.0
Rocha,UY-RO,2021,8,2021-02-22,2021-02-28,0,10558.553826772255,0.0
Río Negro,UY-RN,2021,8,2021-02-22,2021-02-28,0,9810.67596839813,0.0
Salto,UY-SA,2021,8,2021-02-22,2021-02-28,0,14170.87435119916,0.0
San José,UY-SJ,2021,8,2021-02-22,2021-02-28,0,5002.920653176918,0.0
Soriano,UY-SO,2021,8,2021-02-22,2021-02-28,0,9122.538742945157,0.0
Tacuarembó,UY-TA,2021,8,2021-02-22,2021-02-28,0,15973.367767510354,0.0
Treinta y Tres,UY-TT,2021,8,2021-02-22,2021-02-28,0,9285.005878360264,0.0
Artigas,UY-AR,2021,9,2021-03-01,2021-03-07,2,12010.600679730765,0.16651956495191986
Canelones,UY-CA,2021,9,2021-03-01,2021-03-07,0,4520.87871068126,0.0
Cerro Largo,UY-CL,2021,9,2021-03-01,2021-03-07,0,13655.557447815512,0.0
Colonia,UY-CO,2021,9,2021-03-01,2021-03-07,0,6112.026851866528,0.0
Durazno,UY-DU,2021,9,2021-03-01,2021-03-07,0,12228.10425056514,0.0
Flores,UY-FS,2021,9,2021-03-01,2021-03-07,0,5140.77049712524,0.0
Florida,UY-FD,2021,9,2021-03-01,2021-03-07,0,10405.572253242583,0.0
Lavalleja,UY-LA,2021,9,2021-03-01,2021-03-07,0,10031.272844140674,0.0
Maldonado,UY-MA,2021,9,2021-03-01,2021-03-07,0,4803.260185508939,0.0
Montevideo,UY-MO,2021,9,2021-03-01,2021-03-07,0,527.7536386520376,0.0
Paysandú,UY-PA,2021,9,2021-03-01,2021-03-07,0,14088.526169172621,0.0
Rivera,UY-RV,2021,9,2021-03-01,2021-03-07,0,9329.550532265199,0.0
Rocha,UY-RO,2021,9,2021-03-01,2021-03-07,0,10558.553826772255,0.0
Río Negro,UY-RN,2021,9,2021-03-01,2021-03-07,0,9810.67596839813,0.0
Salto,UY-SA,2021,9,2021-03-01,2021-03-07,0,14170.87435119916,0.0
San José,UY-SJ,2021,9,2021-03-01,2021-03-07,1,5002.920653176918,0.19988324207480432
Soriano,UY-SO,2021,9,2021-03-01,2021-03-07,0,9122.538742945157,0.0
Tacuarembó,UY-TA,2021,9,2021-03-01,2021-03-07,0,15973.367767510354,0.0
Treinta y Tres,UY-TT,2021,9,2021-03-01,2021-03-07,0,9285.005878360264,0.0
Artigas,UY-AR,2021,10,2021-03-08,2021-03-14,0,12010.600679730765,0.0
Canelones,UY-CA,2021,10,2021-03-08,2021-03-14,0,4520.87871068126,0.0
Cerro Largo,UY-CL,2021,10,2021-03-08,2021-03-14,2,13655.557447815512,0.14646051672683205
Colonia,UY-CO,2021,10,2021-03-08,2021-03-14,0,6112.026851866528,0.0
Durazno,UY-DU,2021,10,2021-03-08,2021-03-14,0,12228.10425056514,0.0
Flores,UY-FS,2021,10,2021-03-08,2021-03-14,0,5140.77049712524,0.0
Florida,UY-FD,2021,10,2021-03-08,2021-03-14,0,10405.572253242583,0.0
Lavalleja,UY-LA,2021,10,2021-03-08,2021-03-14,0,10031.272844140674,0.0
Maldonado,UY-MA,2021,10,2021-03-08,2021-03-14,0,4803.260185508939,0.0
Montevideo,UY-MO,2021,10,2021-03-08,2021-03-14,1,527.7536386520376,1.8948235061991252
Paysandú,UY-PA,2021,10,2021-03-08,2021-03-14,0,14088.526169172621,0.0
Rivera,UY-RV,2021,10,2021-03-08,2021-03-14,0,9329.550532265199,0.0
Rocha,UY-RO,2021,10,2021-03-08,2021-03-14,0,10558.553826772255,0.0
Río Negro,UY-RN,2021,10,2021-03-08,2021-03-14,0,9810.67596839813,0.0
Salto,UY-SA,2021,10,2021-03-08,2021-03-14,0,14170.87435119916,0.0
San José,UY-SJ,2021,10,2021-03-08,2021-03-14,0,5002.920653176918,0.0
Soriano,UY-SO,2021,10,2021-03-08,2021-03-14,0,9122.538742945157,0.0
Tacuarembó,UY-TA,2021,10,2021-03-08,2021-03-14,0,15973.367767510354,0.0
Treinta y Tres,UY-TT,2021,10,2021-03-08,2021-03-14,0,9285.005878360264,0.0
Artigas,UY-AR,2021,11,2021-03-15,2021-03-21,0,12010.600679730765,0.0
Canelones,UY-CA,2021,11,2021-03-15,2021-03-21,0,4520.87871068126,0.0
Cerro Largo,UY-CL,2021,11,2021-03-15,2021-03-21,0,13655.557447815512,0.0
Colonia,UY-CO,2021,11,2021-03-15,2021-03-21,0,6112.026851866528,0.0
Durazno,UY-DU,2021,11,2021-03-15,2021-03-21,0,12228.10425056514,0.0
Flores,UY-FS,2021,11,2021-03-15,2021-03-21,0,5140.77049712524,0.0
Florida,UY-FD,2021,11,2021-03-15,2021-03-21,0,10405.572253242583,0.0
Lavalleja,UY-LA,2021,11,2021-03-15,2021-03-21,1,10031.272844140674,0.09968824650045341
Maldonado,UY-MA,2021,11,2021-03-15,2021-03-21,0,4803.260185508939,0.0
Montevideo,UY-MO,2021,11,2021-03-15,2021-03-21,0,527.7536386520376,0.0
Paysandú,UY-PA,2021,11,2021-03-15,2021-03-21,0,14088.526169172621,0.0
Rivera,UY-RV,2021,11,2021-03-15,2021-03-21,0,9329.550532265199,0.0
Rocha,UY-RO,2021,11,2021-03-15,2021-03-21,1,10558.553826772255,0.09470994005489665
Río Negro,UY-RN,2021,11,2021-03-15,2021-03-21,0,9810.67596839813,0.0
Salto,UY-SA,2021,11,2021-03-15,2021-03-21,0,14170.87435119916,0.0
San José,UY-SJ,2021,11,2021-03-15,2021-03-21,0,5002.920653176918,0.0
Soriano,UY-SO,2021,11,2021-03-15,2021-03-21,0,9122.538742945157,0.0
Tacuarembó,UY-TA,2021,11,2021-03-15,2021-03-21,0,15973.367767510354,0.0
Treinta y Tres,UY-TT,2021,11,2021-03-15,2021-03-21,0,9285.005878360264,0.0
Artigas,UY-AR,2021,12,2021-03-22,2021-03-28,1,12010.600679730765,0.08325978247595993
Canelones,UY-CA,2021,12,2021-03-22,2021-03-28,0,4520.87871068126,0.0
Cerro Largo,UY-CL,2021,12,2021-03-22,2021-03-28,0,13655.557447815512,0.0
Colonia,UY-CO,2021,12,2021-03-22,2021-03-28,0,6112.026851866528,0.0
Durazno,UY-DU,2021,12,2021-03-22,2021-03-28,0,12228.10425056514,0.0
Flores,UY-FS,2021,12,2021-03-22,2021-03-28,0,5140.77049712524,0.0
Florida,UY-FD,2021,12,2021-03-22,2021-03-28,0,10405.572253242583,0.0
Lavalleja,UY-LA,2021,12,2021-03-22,2021-03-28,0,10031.272844140674,0.0
Maldonado,UY-MA,2021,12,2021-03-22,2021-03-28,0,4803.260185508939,0.0
Montevideo,UY-MO,2021,12,2021-03-22,2021-03-28,0,527.7536386520376,0.0
Paysandú,UY-PA,2021,12,2021-03-22,2021-03-28,0,14088.526169172621,0.0
Rivera,UY-RV,2021,12,2021-03-22,2021-03-28,0,9329.550532265199,0.0
Rocha,UY-RO,2021,12,2021-03-22,2021-03-28,2,10558.553826772255,0.1894198801097933
Río Negro,UY-RN,2021,12,2021-03-22,2021-03-28,0,9810.67596839813,0.0
Salto,UY-SA,2021,12,2021-03-22,2021-03-28,0,14170.87435119916,0.0
San José,UY-SJ,2021,12,2021-03-22,2021-03-28,0,5002.920653176918,0.0
Soriano,UY-SO,2021,12,2021-03-22,2021-03-28,0,9122.538742945157,0.0
Tacuarembó,UY-TA,2021,12,2021-03-22,2021-03-28,0,15973.367767510354,0.0
Treinta y Tres,UY-TT,2021,12,2021-03-22,2021-03-28,0,9285.005878360264,0.0
Artigas,UY-AR,2021,13,2021-03-29,2021-04-04,0,12010.600679730765,0.0
Canelones,UY-CA,2021,13,2021-03-29,2021-04-04,0,4520.87871068126,0.0
Cerro Largo,UY-CL,2021,13,2021-03-29,2021-04-04,0,13655.557447815512,0.0
Colonia,UY-CO,2021,13,2021-03-29,2021-04-04,0,6112.026851866528,0.0
Durazno,UY-DU,2021,13,2021-03-29,2021-04-04,0,12228.10425056514,0.0
Flores,UY-FS,2021,13,2021-03-29,2021-04-04,0,5140.77049712524,0.0
Florida,UY-FD,2021,13,2021-03-29,2021-04-04,0,10405.572253242583,0.0
Lavalleja,UY-LA,2021,13,2021-03-29,2021-04-04,0,10031.272844140674,0.0
Maldonado,UY-MA,2021,13,2021-03-29,2021-04-04,0,4803.260185508939,0.0
Montevideo,UY-MO,2021,13,2021-03-29,2021-04-04,0,527.7536386520376,0.0
Paysandú,UY-PA,2021,13,2021-03-29,2021-04-04,0,14088.526169172621,0.0
Rivera,UY-RV,2021,13,2021-03-29,2021-04-04,1,9329.550532265199,0.10718629976241757
Rocha,UY-RO,2021,13,2021-03-29,2021-04-04,0,10558.553826772255,0.0
Río Negro,UY-RN,2021,13,2021-03-29,2021-04-04,0,9810.67596839813,0.0
Salto,UY-SA,2021,13,2021-03-29,2021-04-04,0,14170.87435119916,0.0
San José,UY-SJ,2021,13,2021-03-29,2021-04-04,0,5002.920653176918,0.0
Soriano,UY-SO,2021,13,2021-03-29,2021-04-04,0,9122.538742945157,0.0
Tacuarembó,UY-TA,2021,13,2021-03-29,2021-04-04,0,15973.367767510354,0.0
Treinta y Tres,UY-TT,2021,13,2021-03-29,2021-04-04,0,9285.005878360264,0.0
Artigas,UY-AR,2021,14,2021-04-05,2021-04-11,3,12010.600679730765,0.2497793474278798
Canelones,UY-CA,2021,14,2021-04-05,2021-04-11,0,4520.87871068126,0.0
Cerro Largo,UY-CL,2021,14,2021-04-05,2021-04-11,0,13655.557447815512,0.0
Colonia,UY-CO,2021,14,2021-04-05,2021-04-11,0,6112.026851866528,0.0
Durazno,UY-DU,2021,14,2021-04-05,2021-04-11,0,12228.10425056514,0.0
Flores,UY-FS,2021,14,2021-04-05,2021-04-11,0,5140.77049712524,0.0
Florida,UY-FD,2021,14,2021-04-05,2021-04-11,0,10405.572253242583,0.0
Lavalleja,UY-LA,2021,14,2021-04-05,2021-04-11,0,10031.272844140674,0.0
Maldonado,UY-MA,2021,14,2021-04-05,2021-04-11,0,4803.260185508939,0.0
Montevideo,UY-MO,2021,14,2021-04-05,2021-04-11,0,527.7536386520376,0.0
Paysandú,UY-PA,2021,14,2021-04-05,2021-04-11,0,14088.526169172621,0.0
Rivera,UY-RV,2021,14,2021-04-05,2021-04-11,0,9329.550532265199,0.0
Rocha,UY-RO,2021,14,2021-04-05,2021-04-11,1,10558.553826772255,0.09470994005489665
Río Negro,UY-RN,2021,14,2021-04-05,2021-04-11,0,9810.67596839813,0.0
Salto,UY-SA,2021,14,2021-04-05,2021-04-11,0,14170.87435119916,0.0
San José,UY-SJ,2021,14,2021-04-05,2021-04-11,1,5002.920653176918,0.19988324207480432
Soriano,UY-SO,2021,14,2021-04-05,2021-04-11,0,9122.538742945157,0.0
Tacuarembó,UY-TA,2021,14,2021-04-05,2021-04-11,0,15973.367767510354,0.0
Treinta y Tres,UY-TT,2021,14,2021-04-05,2021-04-11,1,9285.005878360264,0.10770052416774566
Artigas,UY-AR,2021,15,2021-04-12,2021-04-18,0,12010.600679730765,0.0
Canelones,UY-CA,2021,15,2021-04-12,2021-04-18,0,4520.87871068126,0.0
Cerro Largo,UY-CL,2021,15,2021-04-12,2021-04-18,0,13655.557447815512,0.0
Colonia,UY-CO,2021,15,2021-04-12,2021-04-18,0,6112.026851866528,0.0
Durazno,UY-DU,2021,15,2021-04-12,2021-04-18,0,12228.10425056514,0.0
Flores,UY-FS,2021,15,2021-04-12,2021-04-18,0,5140.77049712524,0.0
Florida,UY-FD,2021,15,2021-04-12,2021-04-18,0,10405.572253242583,0.0
Lavalleja,UY-LA,2021,15,2021-04-12,2021-04-18,0,10031.272844140674,0.0
Maldonado,UY-MA,2021,15,2021-04-12,2021-04-18,0,4803.260185508939,0.0
Montevideo,UY-MO,2021,15,2021-04-12,2021-04-18,0,527.7536386520376,0.0
Paysandú,UY-PA,2021,15,2021-04-12,2021-04-18,0,14088.526169172621,0.0
Rivera,UY-RV,2021,15,2021-04-12,2021-04-18,0,9329.550532265199,0.0
Rocha,UY-RO,2021,15,2021-04-12,2021-04-18,0,10558.553826772255,0.0
Río Negro,UY-RN,2021,15,2021-04-12,2021-04-18,0,9810.67596839813,0.0
Salto,UY-SA,2021,15,2021-04-12,2021-04-18,1,14170.87435119916,0.07056727589398029
San José,UY-SJ,2021,15,2021-04-12,2021-04-18,1,5002.920653176918,0.19988324207480432
Soriano,UY-SO,2021,15,2021-04-12,2021-04-18,1,9122.538742945157,0.10961860817235138
Tacuarembó,UY-TA,2021,15,2021-04-12,2021-04-18,1,15973.367767510354,0.06260420560991455
Treinta y Tres,UY-TT,2021,15,2021-04-12,2021-04-18,0,9285.005878360264,0.0
Artigas,UY-AR,2021,16,2021-04-19,2021-04-25,0,12010.600679730765,0.0
Canelones,UY-CA,2021,16,2021-04-19,2021-04-25,1,4520.87871068126,0.22119593645309454
Cerro Largo,UY-CL,2021,16,2021-04-19,2021-04-25,0,13655.557447815512,0.0
Colonia,UY-CO,2021,16,2021-04-19,2021-04-25,0,6112.026851866528,0.0
Durazno,UY-DU,2021,16,2021-04-19,2021-04-25,0,12228.10425056514,0.0
Flores,UY-FS,2021,16,2021-04-19,2021-04-25,0,5140.77049712524,0.0
Florida,UY-FD,2021,16,2021-04-19,2021-04-25,0,10405.572253242583,0.0
Lavalleja,UY-LA,2021,16,2021-04-19,2021-04-25,8,10031.272844140674,0.7975059720036273
Maldonado,UY-MA,2021,16,2021-04-19,2021-04-25,0,4803.260185508939,0.0
Montevideo,UY-MO,2021,16,2021-04-19,2021-04-25,0,527.7536386520376,0.0
Paysandú,UY-PA,2021,16,2021-04-19,2021-04-25,1,14088.526169172621,0.0709797453610243
Rivera,UY-RV,2021,16,2021-04-19,2021-04-25,0,9329.550532265199,0.0
Rocha,UY-RO,2021,16,2021-04-19,2021-04-25,0,10558.553826772255,0.0
Río Negro,UY-RN,2021,16,2021-04-19,2021-04-25,16,9810.67596839813,1.6308764096927413
Salto,UY-SA,2021,16,2021-04-19,2021-04-25,1,14170.87435119916,0.07056727589398029
San José,UY-SJ,2021,16,2021-04-19,2021-04-25,0,5002.920653176918,0.0
Soriano,UY-SO,2021,16,2021-04-19,2021-04-25,0,9122.538742945157,0.0
Tacuarembó,UY-TA,2021,16,2021-04-19,2021-04-25,0,15973.367767510354,0.0
Treinta y Tres,UY-TT,2021,16,2021-04-19,2021-04-25,0,9285.005878360264,0.0
Artigas,UY-AR,2021,17,2021-04-26,2021-05-02,1,12010.600679730765,0.08325978247595993
Canelones,UY-CA,2021,17,2021-04-26,2021-05-02,0,4520.87871068126,0.0
Cerro Largo,UY-CL,2021,17,2021-04-26,2021-05-02,0,13655.557447815512,0.0
Colonia,UY-CO,2021,17,2021-04-26,2021-05-02,7,6112.026851866528,1.1452829265405302
Durazno,UY-DU,2021,17,2021-04-26,2021-05-02,0,12228.10425056514,0.0
Flores,UY-FS,2021,17,2021-04-26,2021-05-02,0,5140.77049712524,0.0
Florida,UY-FD,2021,17,2021-04-26,2021-05-02,0,10405.572253242583,0.0
Lavalleja,UY-LA,2021,17,2021-04-26,2021-05-02,0,10031.272844140674,0.0
Maldonado,UY-MA,2021,17,2021-04-26,2021-05-02,0,4803.260185508939,0.0
Montevideo,UY-MO,2021,17,2021-04-26,2021-05-02,0,527.7536386520376,0.0
Paysandú,UY-PA,2021,17,2021-04-26,2021-05-02,0,14088.526169172621,0.0
Rivera,UY-RV,2021,17,2021-04-26,2021-05-02,0,9329.550532265199,0.0
Rocha,UY-RO,2021,17,2021-04-26,2021-05-02,0,10558.553826772255,0.0
Río Negro,UY-RN,2021,17,2021-04-26,2021-05-02,4,9810.67596839813,0.4077191024231853
Salto,UY-SA,2021,17,2021-04-26,2021-05-02,3,14170.87435119916,0.21170182768194087
San José,UY-SJ,2021,17,2021-04-26,2021-05-02,1,5002.920653176918,0.19988324207480432
Soriano,UY-SO,2021,17,2021-04-26,2021-05-02,1,9122.538742945157,0.10961860817235138
Tacuarembó,UY-TA,2021,17,2021-04-26,2021-05-02,0,15973.367767510354,0.0
Treinta y Tres,UY-TT,2021,17,2021-04-26,2021-05-02,0,9285.005878360264,0.0
Artigas,UY-AR,2021,18,2021-05-03,2021-05-09,0,12010.600679730765,0.0
Canelones,UY-CA,2021,18,2021-05-03,2021-05-09,0,4520.87871068126,0.0
Cerro Largo,UY-CL,2021,18,2021-05-03,2021-05-09,0,13655.557447815512,0.0
Colonia,UY-CO,2021,18,2021-05-03,2021-05-09,0,6112.026851866528,0.0
Durazno,UY-DU,2021,18,2021-05-03,2021-05-09,1,12228.10425056514,0.08177882519719143
Flores,UY-FS,2021,18,2021-05-03,2021-05-09,1,5140.77049712524,0.1945233697087252
Florida,UY-FD,2021,18,2021-05-03,2021-05-09,0,10405.572253242583,0.0
Lavalleja,UY-LA,2021,18,2021-05-03,2021-05-09,0,10031.272844140674,0.0
Maldonado,UY-MA,2021,18,2021-05-03,2021-05-09,0,4803.260185508939,0.0
Montevideo,UY-MO,2021,18,2021-05-03,2021-05-09,0,527.7536386520376,0.0
Paysandú,UY-PA,2021,18,2021-05-03,2021-05-09,3,14088.526169172621,0.21293923608307294
Rivera,UY-RV,2021,18,2021-05-03,2021-05-09,1,9329.550532265199,0.10718629976241757
Rocha,UY-RO,2021,18,2021-05-03,2021-05-09,0,10558.553826772255,0.0
Río Negro,UY-RN,2021,18,2021-05-03,2021-05-09,0,9810.67596839813,0.0
Salto,UY-SA,2021,18,2021-05-03,2021-05-09,0,14170.87435119916,0.0
San José,UY-SJ,2021,18,2021-05-03,2021-05-09,2,5002.920653176918,0.39976648414960864
Soriano,UY-SO,2021,18,2021-05-03,2021-05-09,4,9122.538742945157,0.4384744326894055
Tacuarembó,UY-TA,2021,18,2021-05-03,2021-05-09,3,15973.367767510354,0.18781261682974365
Treinta y Tres,UY-TT,2021,18,2021-05-03,2021-05-09,0,9285.005878360264,0.0
Artigas,UY-AR,2021,19,2021-05-10,2021-05-16,0,12010.600679730765,0.0
Canelones,UY-CA,2021,19,2021-05-10,2021-05-16,0,4520.87871068126,0.0
Cerro Largo,UY-CL,2021,19,2021-05-10,2021-05-16,0,13655.557447815512,0.0
Colonia,UY-CO,2021,19,2021-05-10,2021-05-16,2,6112.026851866528,0.32722369329729434
Durazno,UY-DU,2021,19,2021-05-10,2021-05-16,0,12228.10425056514,0.0
Flores,UY-FS,2021,19,2021-05-10,2021-05-16,0,5140.77049712524,0.0
Florida,UY-FD,2021,19,2021-05-10,2021-05-16,0,10405.572253242583,0.0
Lavalleja,UY-LA,2021,19,2021-05-10,2021-05-16,4,10031.272844140674,0.39875298600181364
Maldonado,UY-MA,2021,19,2021-05-10,2021-05-16,0,4803.260185508939,0.0
Montevideo,UY-MO,2021,19,2021-05-10,2021-05-16,0,527.7536386520376,0.0
Paysandú,UY-PA,2021,19,2021-05-10,2021-05-16,0,14088.526169172621,0.0
Rivera,UY-RV,2021,19,2021-05-10,2021-05-16,4,9329.550532265199,0.4287451990496703
Rocha,UY-RO,2021,19,2021-05-10,2021-05-16,0,10558.553826772255,0.0
Río Negro,UY-RN,2021,19,2021-05-10,2021-05-16,1,9810.67596839813,0.10192977560579633
Salto,UY-SA,2021,19,2021-05-10,2021-05-16,0,14170.87435119916,0.0
San José,UY-SJ,2021,19,2021-05-10,2021-05-16,3,5002.920653176918,0.5996497262244129
Soriano,UY-SO,2021,19,2021-05-10,2021-05-16,1,9122.538742945157,0.10961860817235138
Tacuarembó,UY-TA,2021,19,2021-05-10,2021-05-16,0,15973.367767510354,0.0
Treinta y Tres,UY-TT,2021,19,2021-05-10,2021-05-16,2,9285.005878360264,0.2154010483354913
Artigas,UY-AR,2021,20,2021-05-17,2021-05-23,2,12010.600679730765,0.16651956495191986
Canelones,UY-CA,2021,20,2021-05-17,2021-05-23,0,4520.87871068126,0.0
Cerro Largo,UY-CL,2021,20,2021-05-17,2021-05-23,1,13655.557447815512,0.07323025836341603
Colonia,UY-CO,2021,20,2021-05-17,2021-05-23,5,6112.026851866528,0.8180592332432358
Durazno,UY-DU,2021,20,2021-05-17,2021-05-23,0,12228.10425056514,0.0
Flores,UY-FS,2021,20,2021-05-17,2021-05-23,0,5140.77049712524,0.0
Florida,UY-FD,2021,20,2021-05-17,2021-05-23,0,10405.572253242583,0.0
Lavalleja,UY-LA,2021,20,2021-05-17,2021-05-23,1,10031.272844140674,0.09968824650045341
Maldonado,UY-MA,2021,20,2021-05-17,2021-05-23,0,4803.260185508939,0.0
Montevideo,UY-MO,2021,20,2021-05-17,2021-05-23,0,527.7536386520376,0.0
Paysandú,UY-PA,2021,20,2021-05-17,2021-05-23,0,14088.526169172621,0.0
Rivera,UY-RV,2021,20,2021-05-17,2021-05-23,3,9329.550532265199,0.32155889928725273
Rocha,UY-RO,2021,20,2021-05-17,2021-05-23,3,10558.553826772255,0.28412982016469
Río Negro,UY-RN,2021,20,2021-05-17,2021-05-23,8,9810.67596839813,0.8154382048463706
Salto,UY-SA,2021,20,2021-05-17,2021-05-23,1,14170.87435119916,0.07056727589398029
San José,UY-SJ,2021,20,2021-05-17,2021-05-23,4,5002.920653176918,0.7995329682992173
Soriano,UY-SO,2021,20,2021-05-17,2021-05-23,4,9122.538742945157,0.4384744326894055
Tacuarembó,UY-TA,2021,20,2021-05-17,2021-05-23,0,15973.367767510354,0.0
Treinta y Tres,UY-TT,2021,20,2021-05-17,2021-05-23,0,9285.005878360264,0.0
Artigas,UY-AR,2021,21,2021-05-24,2021-05-30,1,12010.600679730765,0.08325978247595993
Canelones,UY-CA,2021,21,2021-05-24,2021-05-30,0,4520.87871068126,0.0
Cerro Largo,UY-CL,2021,21,2021-05-24,2021-05-30,0,13655.557447815512,0.0
Colonia,UY-CO,2021,21,2021-05-24,2021-05-30,0,6112.026851866528,0.0
Durazno,UY-DU,2021,21,2021-05-24,2021-05-30,0,12228.10425056514,0.0
Flores,UY-FS,2021,21,2021-05-24,2021-05-30,1,5140.77049712524,0.1945233697087252
Florida,UY-FD,2021,21,2021-05-24,2021-05-30,0,10405.572253242583,0.0
Lavalleja,UY-LA,2021,21,2021-05-24,2021-05-30,1,10031.272844140674,0.09968824650045341
Maldonado,UY-MA,2021,21,2021-05-24,2021-05-30,0,4803.260185508939,0.0
Montevideo,UY-MO,2021,21,2021-05-24,2021-05-30,0,527.7536386520376,0.0
Paysandú,UY-PA,2021,21,2021-05-24,2021-05-30,0,14088.526169172621,0.0
Rivera,UY-RV,2021,21,2021-05-24,2021-05-30,7,9329.550532265199,0.7503040983369229
Rocha,UY-RO,2021,21,2021-05-24,2021-05-30,0,10558.553826772255,0.0
Río Negro,UY-RN,2021,21,2021-05-24,2021-05-30,2,9810.67596839813,0.20385955121159266
Salto,UY-SA,2021,21,2021-05-24,2021-05-30,0,14170.87435119916,0.0
San José,UY-SJ,2021,21,2021-05-24,2021-05-30,0,5002.920653176918,0.0
Soriano,UY-SO,2021,21,2021-05-24,2021-05-30,3,9122.538742945157,0.32885582451705414
Tacuarembó,UY-TA,2021,21,2021-05-24,2021-05-30,1,15973.367767510354,0.06260420560991455
Treinta y Tres,UY-TT,2021,21,2021-05-24,2021-05-30,1,9285.005878360264,0.10770052416774566
Artigas,UY-AR,2021,22,2021-05-31,2021-06-06,0,12010.600679730765,0.0
Canelones,UY-CA,2021,22,2021-05-31,2021-06-06,0,4520.87871068126,0.0
Cerro Largo,UY-CL,2021,22,2021-05-31,2021-06-06,1,13655.557447815512,0.07323025836341603
Colonia,UY-CO,2021,22,2021-05-31,2021-06-06,0,6112.026851866528,0.0
Durazno,UY-DU,2021,22,2021-05-31,2021-06-06,4,12228.10425056514,0.3271153007887657
Flores,UY-FS,2021,22,2021-05-31,2021-06-06,0,5140.77049712524,0.0
Florida,UY-FD,2021,22,2021-05-31,2021-06-06,0,10405.572253242583,0.0
Lavalleja,UY-LA,2021,22,2021-05-31,2021-06-06,4,10031.272844140674,0.39875298600181364
Maldonado,UY-MA,2021,22,2021-05-31,2021-06-06,0,4803.260185508939,0.0
Montevideo,UY-MO,2021,22,2021-05-31,2021-06-06,0,527.7536386520376,0.0
Paysandú,UY-PA,2021,22,2021-05-31,2021-06-06,0,14088.526169172621,0.0
Rivera,UY-RV,2021,22,2021-05-31,2021-06-06,1,9329.550532265199,0.10718629976241757
Rocha,UY-RO,2021,22,2021-05-31,2021-06-06,2,10558.553826772255,0.1894198801097933
Río Negro,UY-RN,2021,22,2021-05-31,2021-06-06,12,9810.67596839813,1.2231573072695558
Salto,UY-SA,2021,22,2021-05-31,2021-06-06,0,14170.87435119916,0.0
San José,UY-SJ,2021,22,2021-05-31,2021-06-06,3,5002.920653176918,0.5996497262244129
Soriano,UY-SO,2021,22,2021-05-31,2021-06-06,5,9122.538742945157,0.5480930408617568
Tacuarembó,UY-TA,2021,22,2021-05-31,2021-06-06,3,15973.367767510354,0.18781261682974365
Treinta y Tres,UY-TT,2021,22,2021-05-31,2021-06-06,6,9285.005878360264,0.6462031450064739
Artigas,UY-AR,2021,23,2021-06-07,2021-06-13,2,12010.600679730765,0.16651956495191986
Canelones,UY-CA,2021,23,2021-06-07,2021-06-13,0,4520.87871068126,0.0
Cerro Largo,UY-CL,2021,23,2021-06-07,2021-06-13,1,13655.557447815512,0.07323025836341603
Colonia,UY-CO,2021,23,2021-06-07,2021-06-13,0,6112.026851866528,0.0
Durazno,UY-DU,2021,23,2021-06-07,2021-06-13,0,12228.10425056514,0.0
Flores,UY-FS,2021,23,2021-06-07,2021-06-13,0,5140.77049712524,0.0
Florida,UY-FD,2021,23,2021-06-07,2021-06-13,0,10405.572253242583,0.0
Lavalleja,UY-LA,2021,23,2021-06-07,2021-06-13,0,10031.272844140674,0.0
Maldonado,UY-MA,2021,23,2021-06-07,2021-06-13,0,4803.260185508939,0.0
Montevideo,UY-MO,2021,23,2021-06-07,2021-06-13,0,527.7536386520376,0.0
Paysandú,UY-PA,2021,23,2021-06-07,2021-06-13,0,14088.526169172621,0.0
Rivera,UY-RV,2021,23,2021-06-07,2021-06-13,2,9329.550532265199,0.21437259952483514
Rocha,UY-RO,2021,23,2021-06-07,2021-06-13,0,10558.553826772255,0.0
Río Negro,UY-RN,2021,23,2021-06-07,2021-06-13,0,9810.67596839813,0.0
Salto,UY-SA,2021,23,2021-06-07,2021-06-13,0,14170.87435119916,0.0
San José,UY-SJ,2021,23,2021-06-07,2021-06-13,0,5002.920653176918,0.0
Soriano,UY-SO,2021,23,2021-06-07,2021-06-13,0,9122.538742945157,0.0
Tacuarembó,UY-TA,2021,23,2021-06-07,2021-06-13,0,15973.367767510354,0.0
Treinta y Tres,UY-TT,2021,23,2021-06-07,2021-06-13,0,9285.005878360264,0.0
Artigas,UY-AR,2021,24,2021-06-14,2021-06-20,2,12010.600679730765,0.16651956495191986
Canelones,UY-CA,2021,24,2021-06-14,2021-06-20,0,4520.87871068126,0.0
Cerro Largo,UY-CL,2021,24,2021-06-14,2021-06-20,0,13655.557447815512,0.0
Colonia,UY-CO,2021,24,2021-06-14,2021-06-20,3,6112.026851866528,0.4908355399459415
Durazno,UY-DU,2021,24,2021-06-14,2021-06-20,0,12228.10425056514,0.0
Flores,UY-FS,2021,24,2021-06-14,2021-06-20,0,5140.77049712524,0.0
Florida,UY-FD,2021,24,2021-06-14,2021-06-20,0,10405.572253242583,0.0
Lavalleja,UY-LA,2021,24,2021-06-14,2021-06-20,0,10031.272844140674,0.0
Maldonado,UY-MA,2021,24,2021-06-14,2021-06-20,0,4803.260185508939,0.0
Montevideo,UY-MO,2021,24,2021-06-14,2021-06-20,0,527.7536386520376,0.0
Paysandú,UY-PA,2021,24,2021-06-14,2021-06-20,0,14088.526169172621,0.0
Rivera,UY-RV,2021,24,2021-06-14,2021-06-20,0,9329.550532265199,0.0
Rocha,UY-RO,2021,24,2021-06-14,2021-06-20,0,10558.553826772255,0.0
Río Negro,UY-RN,2021,24,2021-06-14,2021-06-20,2,9810.67596839813,0.20385955121159266
Salto,UY-SA,2021,24,2021-06-14,2021-06-20,0,14170.87435119916,0.0
San José,UY-SJ,2021,24,2021-06-14,2021-06-20,4,5002.920653176918,0.7995329682992173
Soriano,UY-SO,2021,24,2021-06-14,2021-06-20,10,9122.538742945157,1.0961860817235136
Tacuarembó,UY-TA,2021,24,2021-06-14,2021-06-20,0,15973.367767510354,0.0
Treinta y Tres,UY-TT,2021,24,2021-06-14,2021-06-20,0,9285.005878360264,0.0
Artigas,UY-AR,2021,25,2021-06-21,2021-06-27,5,12010.600679730765,0.41629891237979966
Canelones,UY-CA,2021,25,2021-06-21,2021-06-27,0,4520.87871068126,0.0
Cerro Largo,UY-CL,2021,25,2021-06-21,2021-06-27,0,13655.557447815512,0.0
Colonia,UY-CO,2021,25,2021-06-21,2021-06-27,6,6112.026851866528,0.981671079891883
Durazno,UY-DU,2021,25,2021-06-21,2021-06-27,0,12228.10425056514,0.0
Flores,UY-FS,2021,25,2021-06-21,2021-06-27,0,5140.77049712524,0.0
Florida,UY-FD,2021,25,2021-06-21,2021-06-27,0,10405.572253242583,0.0
Lavalleja,UY-LA,2021,25,2021-06-21,2021-06-27,0,10031.272844140674,0.0
Maldonado,UY-MA,2021,25,2021-06-21,2021-06-27,0,4803.260185508939,0.0
Montevideo,UY-MO,2021,25,2021-06-21,2021-06-27,0,527.7536386520376,0.0
Paysandú,UY-PA,2021,25,2021-06-21,2021-06-27,0,14088.526169172621,0.0
Rivera,UY-RV,2021,25,2021-06-21,2021-06-27,0,9329.550532265199,0.0
Rocha,UY-RO,2021,25,2021-06-21,2021-06-27,0,10558.553826772255,0.0
Río Negro,UY-RN,2021,25,2021-06-21,2021-06-27,8,9810.67596839813,0.8154382048463706
Salto,UY-SA,2021,25,2021-06-21,2021-06-27,0,14170.87435119916,0.0
San José,UY-SJ,2021,25,2021-06-21,2021-06-27,0,5002.920653176918,0.0
Soriano,UY-SO,2021,25,2021-06-21,2021-06-27,0,9122.538742945157,0.0
Tacuarembó,UY-TA,2021,25,2021-06-21,2021-06-27,0,15973.367767510354,0.0
Treinta y Tres,UY-TT,2021,25,2021-06-21,2021-06-27,0,9285.005878360264,0.0
Artigas,UY-AR,2021,26,2021-06-28,2021-07-04,1,12010.600679730765,0.08325978247595993
Canelones,UY-CA,2021,26,2021-06-28,2021-07-04,0,4520.87871068126,0.0
Cerro Largo,UY-CL,2021,26,2021-06-28,2021-07-04,0,13655.557447815512,0.0
Colonia,UY-CO,2021,26,2021-06-28,2021-07-04,0,6112.026851866528,0.0
Durazno,UY-DU,2021,26,2021-06-28,2021-07-04,1,12228.10425056514,0.08177882519719143
Flores,UY-FS,2021,26,2021-06-28,2021-07-04,0,5140.77049712524,0.0
Florida,UY-FD,2021,26,2021-06-28,2021-07-04,0,10405.572253242583,0.0
Lavalleja,UY-LA,2021,26,2021-06-28,2021-07-04,0,10031.272844140674,0.0
Maldonado,UY-MA,2021,26,2021-06-28,2021-07-04,0,4803.260185508939,0.0
Montevideo,UY-MO,2021,26,2021-06-28,2021-07-04,0,527.7536386520376,0.0
Paysandú,UY-PA,2021,26,2021-06-28,2021-07-04,0,14088.526169172621,0.0
Rivera,UY-RV,2021,26,2021-06-28,2021-07-04,0,9329.550532265199,0.0
Rocha,UY-RO,2021,26,2021-06-28,2021-07-04,2,10558.553826772255,0.1894198801097933
Río Negro,UY-RN,2021,26,2021-06-28,2021-07-04,0,9810.67596839813,0.0
Salto,UY-SA,2021,26,2021-06-28,2021-07-04,0,14170.87435119916,0.0
San José,UY-SJ,2021,26,2021-06-28,2021-07-04,0,5002.920653176918,0.0
Soriano,UY-SO,2021,26,2021-06-28,2021-07-04,0,9122.538742945157,0.0
Tacuarembó,UY-TA,2021,26,2021-06-28,2021-07-04,1,15973.367767510354,0.06260420560991455
Treinta y Tres,UY-TT,2021,26,2021-06-28,2021-07-04,0,9285.005878360264,0.0
Artigas,UY-AR,2021,27,2021-07-05,2021-07-11,3,12010.600679730765,0.2497793474278798
Canelones,UY-CA,2021,27,2021-07-05,2021-07-11,0,4520.87871068126,0.0
Cerro Largo,UY-CL,2021,27,2021-07-05,2021-07-11,1,13655.557447815512,0.07323025836341603
Colonia,UY-CO,2021,27,2021-07-05,2021-07-11,2,6112.026851866528,0.32722369329729434
Durazno,UY-DU,2021,27,2021-07-05,2021-07-11,0,12228.10425056514,0.0
Flores,UY-FS,2021,27,2021-07-05,2021-07-11,0,5140.77049712524,0.0
Florida,UY-FD,2021,27,2021-07-05,2021-07-11,0,10405.572253242583,0.0
Lavalleja,UY-LA,2021,27,2021-07-05,2021-07-11,4,10031.272844140674,0.39875298600181364
Maldonado,UY-MA,2021,27,2021-07-05,2021-07-11,3,4803.260185508939,0.6245757848077367
Montevideo,UY-MO,2021,27,2021-07-05,2021-07-11,0,527.7536386520376,0.0
Paysandú,UY-PA,2021,27,2021-07-05,2021-07-11,0,14088.526169172621,0.0
Rivera,UY-RV,2021,27,2021-07-05,2021-07-11,2,9329.550532265199,0.21437259952483514
Rocha,UY-RO,2021,27,2021-07-05,2021-07-11,0,10558.553826772255,0.0
Río Negro,UY-RN,2021,27,2021-07-05,2021-07-11,1,9810.67596839813,0.10192977560579633
Salto,UY-SA,2021,27,2021-07-05,2021-07-11,1,14170.87435119916,0.07056727589398029
San José,UY-SJ,2021,27,2021-07-05,2021-07-11,0,5002.920653176918,0.0
Soriano,UY-SO,2021,27,2021-07-05,2021-07-11,4,9122.538742945157,0.4384744326894055
Tacuarembó,UY-TA,2021,27,2021-07-05,2021-07-11,3,15973.367767510354,0.18781261682974365
Treinta y Tres,UY-TT,2021,27,2021-07-05,2021-07-11,0,9285.005878360264,0.0
Artigas,UY-AR,2021,28,2021-07-12,2021-07-18,0,12010.600679730765,0.0
Canelones,UY-CA,2021,28,2021-07-12,2021-07-18,0,4520.87871068126,0.0
Cerro Largo,UY-CL,2021,28,2021-07-12,2021-07-18,0,13655.557447815512,0.0
Colonia,UY-CO,2021,28,2021-07-12,2021-07-18,0,6112.026851866528,0.0
Durazno,UY-DU,2021,28,2021-07-12,2021-07-18,0,12228.10425056514,0.0
Flores,UY-FS,2021,28,2021-07-12,2021-07-18,0,5140.77049712524,0.0
Florida,UY-FD,2021,28,2021-07-12,2021-07-18,0,10405.572253242583,0.0
Lavalleja,UY-LA,2021,28,2021-07-12,2021-07-18,0,10031.272844140674,0.0
Maldonado,UY-MA,2021,28,2021-07-12,2021-07-18,0,4803.260185508939,0.0
Montevideo,UY-MO,2021,28,2021-07-12,2021-07-18,0,527.7536386520376,0.0
Paysandú,UY-PA,2021,28,2021-07-12,2021-07-18,0,14088.526169172621,0.0
Rivera,UY-RV,2021,28,2021-07-12,2021-07-18,0,9329.550532265199,0.0
Rocha,UY-RO,2021,28,2021-07-12,2021-07-18,0,10558.553826772255,0.0
Río Negro,UY-RN,2021,28,2021-07-12,2021-07-18,0,9810.67596839813,0.0
Salto,UY-SA,2021,28,2021-07-12,2021-07-18,0,14170.87435119916,0.0
San José,UY-SJ,2021,28,2021-07-12,2021-07-18,0,5002.920653176918,0.0
Soriano,UY-SO,2021,28,2021-07-12,2021-07-18,0,9122.538742945157,0.0
Tacuarembó,UY-TA,2021,28,2021-07-12,2021-07-18,0,15973.367767510354,0.0
Treinta y Tres,UY-TT,2021,28,2021-07-12,2021-07-18,0,9285.005878360264,0.0
Artigas,UY-AR,2021,29,2021-07-19,2021-07-25,1,12010.600679730765,0.08325978247595993
Canelones,UY-CA,2021,29,2021-07-19,2021-07-25,0,4520.87871068126,0.0
Cerro Largo,UY-CL,2021,29,2021-07-19,2021-07-25,1,13655.557447815512,0.07323025836341603
Colonia,UY-CO,2021,29,2021-07-19,2021-07-25,3,6112.026851866528,0.4908355399459415
Durazno,UY-DU,2021,29,2021-07-19,2021-07-25,1,12228.10425056514,0.08177882519719143
Flores,UY-FS,2021,29,2021-07-19,2021-07-25,2,5140.77049712524,0.3890467394174504
Florida,UY-FD,2021,29,2021-07-19,2021-07-25,0,10405.572253242583,0.0
Lavalleja,UY-LA,2021,29,2021-07-19,2021-07-25,2,10031.272844140674,0.19937649300090682
Maldonado,UY-MA,2021,29,2021-07-19,2021-07-25,0,4803.260185508939,0.0
Montevideo,UY-MO,2021,29,2021-07-19,2021-07-25,0,527.7536386520376,0.0
Paysandú,UY-PA,2021,29,2021-07-19,2021-07-25,1,14088.526169172621,0.0709797453610243
Rivera,UY-RV,2021,29,2021-07-19,2021-07-25,2,9329.550532265199,0.21437259952483514
Rocha,UY-RO,2021,29,2021-07-19,2021-07-25,0,10558.553826772255,0.0
Río Negro,UY-RN,2021,29,2021-07-19,2021-07-25,0,9810.67596839813,0.0
Salto,UY-SA,2021,29,2021-07-19,2021-07-25,0,14170.87435119916,0.0
San José,UY-SJ,2021,29,2021-07-19,2021-07-25,4,5002.920653176918,0.7995329682992173
Soriano,UY-SO,2021,29,2021-07-19,2021-07-25,3,9122.538742945157,0.32885582451705414
Tacuarembó,UY-TA,2021,29,2021-07-19,2021-07-25,1,15973.367767510354,0.06260420560991455
Treinta y Tres,UY-TT,2021,29,2021-07-19,2021-07-25,0,9285.005878360264,0.0
Artigas,UY-AR,2021,30,2021-07-26,2021-08-01,9,12010.600679730765,0.7493380422836394
Canelones,UY-CA,2021,30,2021-07-26,2021-08-01,0,4520.87871068126,0.0
Cerro Largo,UY-CL,2021,30,2021-07-26,2021-08-01,1,13655.557447815512,0.07323025836341603
Colonia,UY-CO,2021,30,2021-07-26,2021-08-01,1,6112.026851866528,0.16361184664864717
Durazno,UY-DU,2021,30,2021-07-26,2021-08-01,0,12228.10425056514,0.0
Flores,UY-FS,2021,30,2021-07-26,2021-08-01,1,5140.77049712524,0.1945233697087252
Florida,UY-FD,2021,30,2021-07-26,2021-08-01,0,10405.572253242583,0.0
Lavalleja,UY-LA,2021,30,2021-07-26,2021-08-01,1,10031.272844140674,0.09968824650045341
Maldonado,UY-MA,2021,30,2021-07-26,2021-08-01,0,4803.260185508939,0.0
Montevideo,UY-MO,2021,30,2021-07-26,2021-08-01,0,527.7536386520376,0.0
Paysandú,UY-PA,2021,30,2021-07-26,2021-08-01,2,14088.526169172621,0.1419594907220486
Rivera,UY-RV,2021,30,2021-07-26,2021-08-01,0,9329.550532265199,0.0
Rocha,UY-RO,2021,30,2021-07-26,2021-08-01,0,10558.553826772255,0.0
Río Negro,UY-RN,2021,30,2021-07-26,2021-08-01,2,9810.67596839813,0.20385955121159266
Salto,UY-SA,2021,30,2021-07-26,2021-08-01,1,14170.87435119916,0.07056727589398029
San José,UY-SJ,2021,30,2021-07-26,2021-08-01,5,5002.920653176918,0.9994162103740215
Soriano,UY-SO,2021,30,2021-07-26,2021-08-01,4,9122.538742945157,0.4384744326894055
Tacuarembó,UY-TA,2021,30,2021-07-26,2021-08-01,1,15973.367767510354,0.06260420560991455
Treinta y Tres,UY-TT,2021,30,2021-07-26,2021-08-01,0,9285.005878360264,0.0
Artigas,UY-AR,2021,31,2021-08-02,2021-08-08,1,12010.600679730765,0.08325978247595993
Canelones,UY-CA,2021,31,2021-08-02,2021-08-08,0,4520.87871068126,0.0
Cerro Largo,UY-CL,2021,31,2021-08-02,2021-08-08,1,13655.557447815512,0.07323025836341603
Colonia,UY-CO,2021,31,2021-08-02,2021-08-08,1,6112.026851866528,0.16361184664864717
Durazno,UY-DU,2021,31,2021-08-02,2021-08-08,0,12228.10425056514,0.0
Flores,UY-FS,2021,31,2021-08-02,2021-08-08,2,5140.77049712524,0.3890467394174504
Florida,UY-FD,2021,31,2021-08-02,2021-08-08,1,10405.572253242583,0.09610235512884745
Lavalleja,UY-LA,2021,31,2021-08-02,2021-08-08,1,10031.272844140674,0.09968824650045341
Maldonado,UY-MA,2021,31,2021-08-02,2021-08-08,4,4803.260185508939,0.8327677130769822
Montevideo,UY-MO,2021,31,2021-08-02,2021-08-08,0,527.7536386520376,0.0
Paysandú,UY-PA,2021,31,2021-08-02,2021-08-08,11,14088.526169172621,0.7807771989712675
Rivera,UY-RV,2021,31,2021-08-02,2021-08-08,3,9329.550532265199,0.32155889928725273
Rocha,UY-RO,2021,31,2021-08-02,2021-08-08,1,10558.553826772255,0.09470994005489665
Río Negro,UY-RN,2021,31,2021-08-02,2021-08-08,19,9810.67596839813,1.93666573651013
Salto,UY-SA,2021,31,2021-08-02,2021-08-08,0,14170.87435119916,0.0
San José,UY-SJ,2021,31,2021-08-02,2021-08-08,2,5002.920653176918,0.39976648414960864
Soriano,UY-SO,2021,31,2021-08-02,2021-08-08,4,9122.538742945157,0.4384744326894055
Tacuarembó,UY-TA,2021,31,2021-08-02,2021-08-08,7,15973.367767510354,0.4382294392694019
Treinta y Tres,UY-TT,2021,31,2021-08-02,2021-08-08,4,9285.005878360264,0.4308020966709826
Artigas,UY-AR,2021,32,2021-08-09,2021-08-15,1,12010.600679730765,0.08325978247595993
Canelones,UY-CA,2021,32,2021-08-09,2021-08-15,0,4520.87871068126,0.0
Cerro Largo,UY-CL,2021,32,2021-08-09,2021-08-15,0,13655.557447815512,0.0
Colonia,UY-CO,2021,32,2021-08-09,2021-08-15,0,6112.026851866528,0.0
Durazno,UY-DU,2021,32,2021-08-09,2021-08-15,0,12228.10425056514,0.0
Flores,UY-FS,2021,32,2021-08-09,2021-08-15,0,5140.77049712524,0.0
Florida,UY-FD,2021,32,2021-08-09,2021-08-15,0,10405.572253242583,0.0
Lavalleja,UY-LA,2021,32,2021-08-09,2021-08-15,0,10031.272844140674,0.0
Maldonado,UY-MA,2021,32,2021-08-09,2021-08-15,0,4803.260185508939,0.0
Montevideo,UY-MO,2021,32,2021-08-09,2021-08-15,0,527.7536386520376,0.0
Paysandú,UY-PA,2021,32,2021-08-09,2021-08-15,0,14088.526169172621,0.0
Rivera,UY-RV,2021,32,2021-08-09,2021-08-15,0,9329.550532265199,0.0
Rocha,UY-RO,2021,32,2021-08-09,2021-08-15,0,10558.553826772255,0.0
Río Negro,UY-RN,2021,32,2021-08-09,2021-08-15,2,9810.67596839813,0.20385955121159266
Salto,UY-SA,2021,32,2021-08-09,2021-08-15,1,14170.87435119916,0.07056727589398029
San José,UY-SJ,2021,32,2021-08-09,2021-08-15,0,5002.920653176918,0.0
Soriano,UY-SO,2021,32,2021-08-09,2021-08-15,0,9122.538742945157,0.0
Tacuarembó,UY-TA,2021,32,2021-08-09,2021-08-15,0,15973.367767510354,0.0
Treinta y Tres,UY-TT,2021,32,2021-08-09,2021-08-15,0,9285.005878360264,0.0
Artigas,UY-AR,2021,33,2021-08-16,2021-08-22,4,12010.600679730765,0.3330391299038397
Canelones,UY-CA,2021,33,2021-08-16,2021-08-22,0,4520.87871068126,0.0
Cerro Largo,UY-CL,2021,33,2021-08-16,2021-08-22,0,13655.557447815512,0.0
Colonia,UY-CO,2021,33,2021-08-16,2021-08-22,1,6112.026851866528,0.16361184664864717
Durazno,UY-DU,2021,33,2021-08-16,2021-08-22,0,12228.10425056514,0.0
Flores,UY-FS,2021,33,2021-08-16,2021-08-22,0,5140.77049712524,0.0
Florida,UY-FD,2021,33,2021-08-16,2021-08-22,2,10405.572253242583,0.1922047102576949
Lavalleja,UY-LA,2021,33,2021-08-16,2021-08-22,0,10031.272844140674,0.0
Maldonado,UY-MA,2021,33,2021-08-16,2021-08-22,0,4803.260185508939,0.0
Montevideo,UY-MO,2021,33,2021-08-16,2021-08-22,0,527.7536386520376,0.0
Paysandú,UY-PA,2021,33,2021-08-16,2021-08-22,8,14088.526169172621,0.5678379628881944
Rivera,UY-RV,2021,33,2021-08-16,2021-08-22,0,9329.550532265199,0.0
Rocha,UY-RO,2021,33,2021-08-16,2021-08-22,0,10558.553826772255,0.0
Río Negro,UY-RN,2021,33,2021-08-16,2021-08-22,10,9810.67596839813,1.0192977560579632
Salto,UY-SA,2021,33,2021-08-16,2021-08-22,4,14170.87435119916,0.28226910357592117
San José,UY-SJ,2021,33,2021-08-16,2021-08-22,0,5002.920653176918,0.0
Soriano,UY-SO,2021,33,2021-08-16,2021-08-22,4,9122.538742945157,0.4384744326894055
Tacuarembó,UY-TA,2021,33,2021-08-16,2021-08-22,0,15973.367767510354,0.0
Treinta y Tres,UY-TT,2021,33,2021-08-16,2021-08-22,0,9285.005878360264,0.0
Artigas,UY-AR,2021,34,2021-08-23,2021-08-29,0,12010.600679730765,0.0
Canelones,UY-CA,2021,34,2021-08-23,2021-08-29,0,4520.87871068126,0.0
Cerro Largo,UY-CL,2021,34,2021-08-23,2021-08-29,0,13655.557447815512,0.0
Colonia,UY-CO,2021,34,2021-08-23,2021-08-29,1,6112.026851866528,0.16361184664864717
Durazno,UY-DU,2021,34,2021-08-23,2021-08-29,1,12228.10425056514,0.08177882519719143
Flores,UY-FS,2021,34,2021-08-23,2021-08-29,4,5140.77049712524,0.7780934788349008
Florida,UY-FD,2021,34,2021-08-23,2021-08-29,1,10405.572253242583,0.09610235512884745
Lavalleja,UY-LA,2021,34,2021-08-23,2021-08-29,0,10031.272844140674,0.0
Maldonado,UY-MA,2021,34,2021-08-23,2021-08-29,8,4803.260185508939,1.6655354261539643
Montevideo,UY-MO,2021,34,2021-08-23,2021-08-29,0,527.7536386520376,0.0
Paysandú,UY-PA,2021,34,2021-08-23,2021-08-29,1,14088.526169172621,0.0709797453610243
Rivera,UY-RV,2021,34,2021-08-23,2021-08-29,0,9329.550532265199,0.0
Rocha,UY-RO,2021,34,2021-08-23,2021-08-29,0,10558.553826772255,0.0
Río Negro,UY-RN,2021,34,2021-08-23,2021-08-29,7,9810.67596839813,0.7135084292405742
Salto,UY-SA,2021,34,2021-08-23,2021-08-29,2,14170.87435119916,0.14113455178796058
San José,UY-SJ,2021,34,2021-08-23,2021-08-29,0,5002.920653176918,0.0
Soriano,UY-SO,2021,34,2021-08-23,2021-08-29,6,9122.538742945157,0.6577116490341083
Tacuarembó,UY-TA,2021,34,2021-08-23,2021-08-29,1,15973.367767510354,0.06260420560991455
Treinta y Tres,UY-TT,2021,34,2021-08-23,2021-08-29,0,9285.005878360264,0.0
Artigas,UY-AR,2021,35,2021-08-30,2021-09-05,5,12010.600679730765,0.41629891237979966
Canelones,UY-CA,2021,35,2021-08-30,2021-09-05,2,4520.87871068126,0.4423918729061891
Cerro Largo,UY-CL,2021,35,2021-08-30,2021-09-05,4,13655.557447815512,0.2929210334536641
Colonia,UY-CO,2021,35,2021-08-30,2021-09-05,4,6112.026851866528,0.6544473865945887
Durazno,UY-DU,2021,35,2021-08-30,2021-09-05,0,12228.10425056514,0.0
Flores,UY-FS,2021,35,2021-08-30,2021-09-05,0,5140.77049712524,0.0
Florida,UY-FD,2021,35,2021-08-30,2021-09-05,0,10405.572253242583,0.0
Lavalleja,UY-LA,2021,35,2021-08-30,2021-09-05,0,10031.272844140674,0.0
Maldonado,UY-MA,2021,35,2021-08-30,2021-09-05,0,4803.260185508939,0.0
Montevideo,UY-MO,2021,35,2021-08-30,2021-09-05,0,527.7536386520376,0.0
Paysandú,UY-PA,2021,35,2021-08-30,2021-09-05,1,14088.526169172621,0.0709797453610243
Rivera,UY-RV,2021,35,2021-08-30,2021-09-05,2,9329.550532265199,0.21437259952483514
Rocha,UY-RO,2021,35,2021-08-30,2021-09-05,0,10558.553826772255,0.0
Río Negro,UY-RN,2021,35,2021-08-30,2021-09-05,10,9810.67596839813,1.0192977560579632
Salto,UY-SA,2021,35,2021-08-30,2021-09-05,1,14170.87435119916,0.07056727589398029
San José,UY-SJ,2021,35,2021-08-30,2021-09-05,0,5002.920653176918,0.0
Soriano,UY-SO,2021,35,2021-08-30,2021-09-05,2,9122.538742945157,0.21923721634470275
Tacuarembó,UY-TA,2021,35,2021-08-30,2021-09-05,2,15973.367767510354,0.1252084112198291
Treinta y Tres,UY-TT,2021,35,2021-08-30,2021-09-05,0,9285.005878360264,0.0
Artigas,UY-AR,2021,36,2021-09-06,2021-09-12,1,12010.600679730765,0.08325978247595993
Canelones,UY-CA,2021,36,2021-09-06,2021-09-12,0,4520.87871068126,0.0
Cerro Largo,UY-CL,2021,36,2021-09-06,2021-09-12,0,13655.557447815512,0.0
Colonia,UY-CO,2021,36,2021-09-06,2021-09-12,0,6112.026851866528,0.0
Durazno,UY-DU,2021,36,2021-09-06,2021-09-12,0,12228.10425056514,0.0
Flores,UY-FS,2021,36,2021-09-06,2021-09-12,0,5140.77049712524,0.0
Florida,UY-FD,2021,36,2021-09-06,2021-09-12,0,10405.572253242583,0.0
Lavalleja,UY-LA,2021,36,2021-09-06,2021-09-12,0,10031.272844140674,0.0
Maldonado,UY-MA,2021,36,2021-09-06,2021-09-12,0,4803.260185508939,0.0
Montevideo,UY-MO,2021,36,2021-09-06,2021-09-12,0,527.7536386520376,0.0
Paysandú,UY-PA,2021,36,2021-09-06,2021-09-12,1,14088.526169172621,0.0709797453610243
Rivera,UY-RV,2021,36,2021-09-06,2021-09-12,0,9329.550532265199,0.0
Rocha,UY-RO,2021,36,2021-09-06,2021-09-12,0,10558.553826772255,0.0
Río Negro,UY-RN,2021,36,2021-09-06,2021-09-12,0,9810.67596839813,0.0
Salto,UY-SA,2021,36,2021-09-06,2021-09-12,0,14170.87435119916,0.0
San José,UY-SJ,2021,36,2021-09-06,2021-09-12,0,5002.920653176918,0.0
Soriano,UY-SO,2021,36,2021-09-06,2021-09-12,0,9122.538742945157,0.0
Tacuarembó,UY-TA,2021,36,2021-09-06,2021-09-12,0,15973.367767510354,0.0
Treinta y Tres,UY-TT,2021,36,2021-09-06,2021-09-12,0,9285.005878360264,0.0
Artigas,UY-AR,2021,37,2021-09-13,2021-09-19,1,12010.600679730765,0.08325978247595993
Canelones,UY-CA,2021,37,2021-09-13,2021-09-19,0,4520.87871068126,0.0
Cerro Largo,UY-CL,2021,37,2021-09-13,2021-09-19,0,13655.557447815512,0.0
Colonia,UY-CO,2021,37,2021-09-13,2021-09-19,0,6112.026851866528,0.0
Durazno,UY-DU,2021,37,2021-09-13,2021-09-19,0,12228.10425056514,0.0
Flores,UY-FS,2021,37,2021-09-13,2021-09-19,0,5140.77049712524,0.0
Florida,UY-FD,2021,37,2021-09-13,2021-09-19,0,10405.572253242583,0.0
Lavalleja,UY-LA,2021,37,2021-09-13,2021-09-19,0,10031.272844140674,0.0
Maldonado,UY-MA,2021,37,2021-09-13,2021-09-19,4,4803.260185508939,0.8327677130769822
Montevideo,UY-MO,2021,37,2021-09-13,2021-09-19,0,527.7536386520376,0.0
Paysandú,UY-PA,2021,37,2021-09-13,2021-09-19,1,14088.526169172621,0.0709797453610243
Rivera,UY-RV,2021,37,2021-09-13,2021-09-19,0,9329.550532265199,0.0
Rocha,UY-RO,2021,37,2021-09-13,2021-09-19,0,10558.553826772255,0.0
Río Negro,UY-RN,2021,37,2021-09-13,2021-09-19,0,9810.67596839813,0.0
Salto,UY-SA,2021,37,2021-09-13,2021-09-19,0,14170.87435119916,0.0
San José,UY-SJ,2021,37,2021-09-13,2021-09-19,2,5002.920653176918,0.39976648414960864
Soriano,UY-SO,2021,37,2021-09-13,2021-09-19,2,9122.538742945157,0.21923721634470275
Tacuarembó,UY-TA,2021,37,2021-09-13,2021-09-19,0,15973.367767510354,0.0
Treinta y Tres,UY-TT,2021,37,2021-09-13,2021-09-19,0,9285.005878360264,0.0
Artigas,UY-AR,2021,38,2021-09-20,2021-09-26,4,12010.600679730765,0.3330391299038397
Canelones,UY-CA,2021,38,2021-09-20,2021-09-26,0,4520.87871068126,0.0
Cerro Largo,UY-CL,2021,38,2021-09-20,2021-09-26,0,13655.557447815512,0.0
Colonia,UY-CO,2021,38,2021-09-20,2021-09-26,0,6112.026851866528,0.0
Durazno,UY-DU,2021,38,2021-09-20,2021-09-26,0,12228.10425056514,0.0
Flores,UY-FS,2021,38,2021-09-20,2021-09-26,0,5140.77049712524,0.0
Florida,UY-FD,2021,38,2021-09-20,2021-09-26,0,10405.572253242583,0.0
Lavalleja,UY-LA,2021,38,2021-09-20,2021-09-26,0,10031.272844140674,0.0
Maldonado,UY-MA,2021,38,2021-09-20,2021-09-26,0,4803.260185508939,0.0
Montevideo,UY-MO,2021,38,2021-09-20,2021-09-26,0,527.7536386520376,0.0
Paysandú,UY-PA,2021,38,2021-09-20,2021-09-26,0,14088.526169172621,0.0
Rivera,UY-RV,2021,38,2021-09-20,2021-09-26,0,9329.550532265199,0.0
Rocha,UY-RO,2021,38,2021-09-20,2021-09-26,0,10558.553826772255,0.0
Río Negro,UY-RN,2021,38,2021-09-20,2021-09-26,3,9810.67596839813,0.30578932681738896
Salto,UY-SA,2021,38,2021-09-20,2021-09-26,0,14170.87435119916,0.0
San José,UY-SJ,2021,38,2021-09-20,2021-09-26,0,5002.920653176918,0.0
Soriano,UY-SO,2021,38,2021-09-20,2021-09-26,1,9122.538742945157,0.10961860817235138
Tacuarembó,UY-TA,2021,38,2021-09-20,2021-09-26,0,15973.367767510354,0.0
Treinta y Tres,UY-TT,2021,38,2021-09-20,2021-09-26,0,9285.005878360264,0.0
Artigas,UY-AR,2021,39,2021-09-27,2021-10-03,2,12010.600679730765,0.16651956495191986
Canelones,UY-CA,2021,39,2021-09-27,2021-10-03,0,4520.87871068126,0.0
Cerro Largo,UY-CL,2021,39,2021-09-27,2021-10-03,0,13655.557447815512,0.0
Colonia,UY-CO,2021,39,2021-09-27,2021-10-03,0,6112.026851866528,0.0
Durazno,UY-DU,2021,39,2021-09-27,2021-10-03,0,12228.10425056514,0.0
Flores,UY-FS,2021,39,2021-09-27,2021-10-03,0,5140.77049712524,0.0
Florida,UY-FD,2021,39,2021-09-27,2021-10-03,1,10405.572253242583,0.09610235512884745
Lavalleja,UY-LA,2021,39,2021-09-27,2021-10-03,1,10031.272844140674,0.09968824650045341
Maldonado,UY-MA,2021,39,2021-09-27,2021-10-03,0,4803.260185508939,0.0
Montevideo,UY-MO,2021,39,2021-09-27,2021-10-03,0,527.7536386520376,0.0
Paysandú,UY-PA,2021,39,2021-09-27,2021-10-03,0,14088.526169172621,0.0
Rivera,UY-RV,2021,39,2021-09-27,2021-10-03,0,9329.550532265199,0.0
Rocha,UY-RO,2021,39,2021-09-27,2021-10-03,0,10558.553826772255,0.0
Río Negro,UY-RN,2021,39,2021-09-27,2021-10-03,5,9810.67596839813,0.5096488780289816
Salto,UY-SA,2021,39,2021-09-27,2021-10-03,0,14170.87435119916,0.0
San José,UY-SJ,2021,39,2021-09-27,2021-10-03,1,5002.920653176918,0.19988324207480432
Soriano,UY-SO,2021,39,2021-09-27,2021-10-03,0,9122.538742945157,0.0
Tacuarembó,UY-TA,2021,39,2021-09-27,2021-10-03,0,15973.367767510354,0.0
Treinta y Tres,UY-TT,2021,39,2021-09-27,2021-10-03,0,9285.005878360264,0.0
Artigas,UY-AR,2021,40,2021-10-04,2021-10-10,2,12010.600679730765,0.16651956495191986
Canelones,UY-CA,2021,40,2021-10-04,2021-10-10,0,4520.87871068126,0.0
Cerro Largo,UY-CL,2021,40,2021-10-04,2021-10-10,3,13655.557447815512,0.2196907750902481
Colonia,UY-CO,2021,40,2021-10-04,2021-10-10,0,6112.026851866528,0.0
Durazno,UY-DU,2021,40,2021-10-04,2021-10-10,0,12228.10425056514,0.0
Flores,UY-FS,2021,40,2021-10-04,2021-10-10,0,5140.77049712524,0.0
Florida,UY-FD,2021,40,2021-10-04,2021-10-10,1,10405.572253242583,0.09610235512884745
Lavalleja,UY-LA,2021,40,2021-10-04,2021-10-10,5,10031.272844140674,0.4984412325022671
Maldonado,UY-MA,2021,40,2021-10-04,2021-10-10,1,4803.260185508939,0.20819192826924554
Montevideo,UY-MO,2021,40,2021-10-04,2021-10-10,0,527.7536386520376,0.0
Paysandú,UY-PA,2021,40,2021-10-04,2021-10-10,1,14088.526169172621,0.0709797453610243
Rivera,UY-RV,2021,40,2021-10-04,2021-10-10,0,9329.550532265199,0.0
Rocha,UY-RO,2021,40,2021-10-04,2021-10-10,1,10558.553826772255,0.09470994005489665
Río Negro,UY-RN,2021,40,2021-10-04,2021-10-10,16,9810.67596839813,1.6308764096927413
Salto,UY-SA,2021,40,2021-10-04,2021-10-10,0,14170.87435119916,0.0
San José,UY-SJ,2021,40,2021-10-04,2021-10-10,7,5002.920653176918,1.3991826945236303
Soriano,UY-SO,2021,40,2021-10-04,2021-10-10,1,9122.538742945157,0.10961860817235138
Tacuarembó,UY-TA,2021,40,2021-10-04,2021-10-10,2,15973.367767510354,0.1252084112198291
Treinta y Tres,UY-TT,2021,40,2021-10-04,2021-10-10,2,9285.005878360264,0.2154010483354913
Artigas,UY-AR,2021,41,2021-10-11,2021-10-17,2,12010.600679730765,0.16651956495191986
Canelones,UY-CA,2021,41,2021-10-11,2021-10-17,1,4520.87871068126,0.22119593645309454
Cerro Largo,UY-CL,2021,41,2021-10-11,2021-10-17,0,13655.557447815512,0.0
Colonia,UY-CO,2021,41,2021-10-11,2021-10-17,1,6112.026851866528,0.16361184664864717
Durazno,UY-DU,2021,41,2021-10-11,2021-10-17,0,12228.10425056514,0.0
Flores,UY-FS,2021,41,2021-10-11,2021-10-17,0,5140.77049712524,0.0
Florida,UY-FD,2021,41,2021-10-11,2021-10-17,0,10405.572253242583,0.0
Lavalleja,UY-LA,2021,41,2021-10-11,2021-10-17,1,10031.272844140674,0.09968824650045341
Maldonado,UY-MA,2021,41,2021-10-11,2021-10-17,0,4803.260185508939,0.0
Montevideo,UY-MO,2021,41,2021-10-11,2021-10-17,0,527.7536386520376,0.0
Paysandú,UY-PA,2021,41,2021-10-11,2021-10-17,0,14088.526169172621,0.0
Rivera,UY-RV,2021,41,2021-10-11,2021-10-17,0,9329.550532265199,0.0
Rocha,UY-RO,2021,41,2021-10-11,2021-10-17,0,10558.553826772255,0.0
Río Negro,UY-RN,2021,41,2021-10-11,2021-10-17,2,9810.67596839813,0.20385955121159266
Salto,UY-SA,2021,41,2021-10-11,2021-10-17,0,14170.87435119916,0.0
San José,UY-SJ,2021,41,2021-10-11,2021-10-17,0,5002.920653176918,0.0
Soriano,UY-SO,2021,41,2021-10-11,2021-10-17,0,9122.538742945157,0.0
Tacuarembó,UY-TA,2021,41,2021-10-11,2021-10-17,5,15973.367767510354,0.31302102804957277
Treinta y Tres,UY-TT,2021,41,2021-10-11,2021-10-17,1,9285.005878360264,0.10770052416774566
Artigas,UY-AR,2021,42,2021-10-18,2021-10-24,1,12010.600679730765,0.08325978247595993
Canelones,UY-CA,2021,42,2021-10-18,2021-10-24,2,4520.87871068126,0.4423918729061891
Cerro Largo,UY-CL,2021,42,2021-10-18,2021-10-24,3,13655.557447815512,0.2196907750902481
Colonia,UY-CO,2021,42,2021-10-18,2021-10-24,1,6112.026851866528,0.16361184664864717
Durazno,UY-DU,2021,42,2021-10-18,2021-10-24,0,12228.10425056514,0.0
Flores,UY-FS,2021,42,2021-10-18,2021-10-24,0,5140.77049712524,0.0
Florida,UY-FD,2021,42,2021-10-18,2021-10-24,1,10405.572253242583,0.09610235512884745
Lavalleja,UY-LA,2021,42,2021-10-18,2021-10-24,2,10031.272844140674,0.19937649300090682
Maldonado,UY-MA,2021,42,2021-10-18,2021-10-24,2,4803.260185508939,0.4163838565384911
Montevideo,UY-MO,2021,42,2021-10-18,2021-10-24,0,527.7536386520376,0.0
Paysandú,UY-PA,2021,42,2021-10-18,2021-10-24,0,14088.526169172621,0.0
Rivera,UY-RV,2021,42,2021-10-18,2021-10-24,1,9329.550532265199,0.10718629976241757
Rocha,UY-RO,2021,42,2021-10-18,2021-10-24,3,10558.553826772255,0.28412982016469
Río Negro,UY-RN,2021,42,2021-10-18,2021-10-24,2,9810.67596839813,0.20385955121159266
Salto,UY-SA,2021,42,2021-10-18,2021-10-24,0,14170.87435119916,0.0
San José,UY-SJ,2021,42,2021-10-18,2021-10-24,1,5002.920653176918,0.19988324207480432
Soriano,UY-SO,2021,42,2021-10-18,2021-10-24,0,9122.538742945157,0.0
Tacuarembó,UY-TA,2021,42,2021-10-18,2021-10-24,1,15973.367767510354,0.06260420560991455
Treinta y Tres,UY-TT,2021,42,2021-10-18,2021-10-24,2,9285.005878360264,0.2154010483354913
Artigas,UY-AR,2021,43,2021-10-25,2021-10-31,2,12010.600679730765,0.16651956495191986
Canelones,UY-CA,2021,43,2021-10-25,2021-10-31,2,4520.87871068126,0.4423918729061891
Cerro Largo,UY-CL,2021,43,2021-10-25,2021-10-31,1,13655.557447815512,0.07323025836341603
Colonia,UY-CO,2021,43,2021-10-25,2021-10-31,1,6112.026851866528,0.16361184664864717
Durazno,UY-DU,2021,43,2021-10-25,2021-10-31,2,12228.10425056514,0.16355765039438286
Flores,UY-FS,2021,43,2021-10-25,2021-10-31,0,5140.77049712524,0.0
Florida,UY-FD,2021,43,2021-10-25,2021-10-31,0,10405.572253242583,0.0
Lavalleja,UY-LA,2021,43,2021-10-25,2021-10-31,4,10031.272844140674,0.39875298600181364
Maldonado,UY-MA,2021,43,2021-10-25,2021-10-31,4,4803.260185508939,0.8327677130769822
Montevideo,UY-MO,2021,43,2021-10-25,2021-10-31,0,527.7536386520376,0.0
Paysandú,UY-PA,2021,43,2021-10-25,2021-10-31,1,14088.526169172621,0.0709797453610243
Rivera,UY-RV,2021,43,2021-10-25,2021-10-31,0,9329.550532265199,0.0
Rocha,UY-RO,2021,43,2021-10-25,2021-10-31,10,10558.553826772255,0.9470994005489666
Río Negro,UY-RN,2021,43,2021-10-25,2021-10-31,0,9810.67596839813,0.0
Salto,UY-SA,2021,43,2021-10-25,2021-10-31,3,14170.87435119916,0.21170182768194087
San José,UY-SJ,2021,43,2021-10-25,2021-10-31,0,5002.920653176918,0.0
Soriano,UY-SO,2021,43,2021-10-25,2021-10-31,0,9122.538742945157,0.0
Tacuarembó,UY-TA,2021,43,2021-10-25,2021-10-31,1,15973.367767510354,0.06260420560991455
Treinta y Tres,UY-TT,2021,43,2021-10-25,2021-10-31,4,9285.005878360264,0.4308020966709826
Artigas,UY-AR,2021,44,2021-11-01,2021-11-07,0,12010.600679730765,0.0
Canelones,UY-CA,2021,44,2021-11-01,2021-11-07,0,4520.87871068126,0.0
Cerro Largo,UY-CL,2021,44,2021-11-01,2021-11-07,1,13655.557447815512,0.07323025836341603
Colonia,UY-CO,2021,44,2021-11-01,2021-11-07,0,6112.026851866528,0.0
Durazno,UY-DU,2021,44,2021-11-01,2021-11-07,0,12228.10425056514,0.0
Flores,UY-FS,2021,44,2021-11-01,2021-11-07,0,5140.77049712524,0.0
Florida,UY-FD,2021,44,2021-11-01,2021-11-07,0,10405.572253242583,0.0
Lavalleja,UY-LA,2021,44,2021-11-01,2021-11-07,0,10031.272844140674,0.0
Maldonado,UY-MA,2021,44,2021-11-01,2021-11-07,0,4803.260185508939,0.0
Montevideo,UY-MO,2021,44,2021-11-01,2021-11-07,0,527.7536386520376,0.0
Paysandú,UY-PA,2021,44,2021-11-01,2021-11-07,0,14088.526169172621,0.0
Rivera,UY-RV,2021,44,2021-11-01,2021-11-07,0,9329.550532265199,0.0
Rocha,UY-RO,2021,44,2021-11-01,2021-11-07,0,10558.553826772255,0.0
Río Negro,UY-RN,2021,44,2021-11-01,2021-11-07,0,9810.67596839813,0.0
Salto,UY-SA,2021,44,2021-11-01,2021-11-07,0,14170.87435119916,0.0
San José,UY-SJ,2021,44,2021-11-01,2021-11-07,0,5002.920653176918,0.0
Soriano,UY-SO,2021,44,2021-11-01,2021-11-07,0,9122.538742945157,0.0
Tacuarembó,UY-TA,2021,44,2021-11-01,2021-11-07,0,15973.367767510354,0.0
Treinta y Tres,UY-TT,2021,44,2021-11-01,2021-11-07,0,9285.005878360264,0.0
Artigas,UY-AR,2021,45,2021-11-08,2021-11-14,2,12010.600679730765,0.16651956495191986
Canelones,UY-CA,2021,45,2021-11-08,2021-11-14,3,4520.87871068126,0.6635878093592836
Cerro Largo,UY-CL,2021,45,2021-11-08,2021-11-14,2,13655.557447815512,0.14646051672683205
Colonia,UY-CO,2021,45,2021-11-08,2021-11-14,0,6112.026851866528,0.0
Durazno,UY-DU,2021,45,2021-11-08,2021-11-14,1,12228.10425056514,0.08177882519719143
Flores,UY-FS,2021,45,2021-11-08,2021-11-14,0,5140.77049712524,0.0
Florida,UY-FD,2021,45,2021-11-08,2021-11-14,1,10405.572253242583,0.09610235512884745
Lavalleja,UY-LA,2021,45,2021-11-08,2021-11-14,1,10031.272844140674,0.09968824650045341
Maldonado,UY-MA,2021,45,2021-11-08,2021-11-14,1,4803.260185508939,0.20819192826924554
Montevideo,UY-MO,2021,45,2021-11-08,2021-11-14,0,527.7536386520376,0.0
Paysandú,UY-PA,2021,45,2021-11-08,2021-11-14,0,14088.526169172621,0.0
Rivera,UY-RV,2021,45,2021-11-08,2021-11-14,0,9329.550532265199,0.0
Rocha,UY-RO,2021,45,2021-11-08,2021-11-14,1,10558.553826772255,0.09470994005489665
Río Negro,UY-RN,2021,45,2021-11-08,2021-11-14,0,9810.67596839813,0.0
Salto,UY-SA,2021,45,2021-11-08,2021-11-14,0,14170.87435119916,0.0
San José,UY-SJ,2021,45,2021-11-08,2021-11-14,0,5002.920653176918,0.0
Soriano,UY-SO,2021,45,2021-11-08,2021-11-14,2,9122.538742945157,0.21923721634470275
Tacuarembó,UY-TA,2021,45,2021-11-08,2021-11-14,0,15973.367767510354,0.0
Treinta y Tres,UY-TT,2021,45,2021-11-08,2021-11-14,2,9285.005878360264,0.2154010483354913
Artigas,UY-AR,2021,46,2021-11-15,2021-11-21,0,12010.600679730765,0.0
Canelones,UY-CA,2021,46,2021-11-15,2021-11-21,4,4520.87871068126,0.8847837458123782
Cerro Largo,UY-CL,2021,46,2021-11-15,2021-11-21,3,13655.557447815512,0.2196907750902481
Colonia,UY-CO,2021,46,2021-11-15,2021-11-21,2,6112.026851866528,0.32722369329729434
Durazno,UY-DU,2021,46,2021-11-15,2021-11-21,1,12228.10425056514,0.08177882519719143
Flores,UY-FS,2021,46,2021-11-15,2021-11-21,0,5140.77049712524,0.0
Florida,UY-FD,2021,46,2021-11-15,2021-11-21,2,10405.572253242583,0.1922047102576949
Lavalleja,UY-LA,2021,46,2021-11-15,2021-11-21,3,10031.272844140674,0.29906473950136025
Maldonado,UY-MA,2021,46,2021-11-15,2021-11-21,4,4803.260185508939,0.8327677130769822
Montevideo,UY-MO,2021,46,2021-11-15,2021-11-21,0,527.7536386520376,0.0
Paysandú,UY-PA,2021,46,2021-11-15,2021-11-21,0,14088.526169172621,0.0
Rivera,UY-RV,2021,46,2021-11-15,2021-11-21,0,9329.550532265199,0.0
Rocha,UY-RO,2021,46,2021-11-15,2021-11-21,3,10558.553826772255,0.28412982016469
Río Negro,UY-RN,2021,46,2021-11-15,2021-11-21,1,9810.67596839813,0.10192977560579633
Salto,UY-SA,2021,46,2021-11-15,2021-11-21,0,14170.87435119916,0.0
San José,UY-SJ,2021,46,2021-11-15,2021-11-21,0,5002.920653176918,0.0
Soriano,UY-SO,2021,46,2021-11-15,2021-11-21,0,9122.538742945157,0.0
Tacuarembó,UY-TA,2021,46,2021-11-15,2021-11-21,2,15973.367767510354,0.1252084112198291
Treinta y Tres,UY-TT,2021,46,2021-11-15,2021-11-21,2,9285.005878360264,0.2154010483354913
Artigas,UY-AR,2021,47,2021-11-22,2021-11-28,0,12010.600679730765,0.0
Canelones,UY-CA,2021,47,2021-11-22,2021-11-28,4,4520.87871068126,0.8847837458123782
Cerro Largo,UY-CL,2021,47,2021-11-22,2021-11-28,0,13655.557447815512,0.0
Colonia,UY-CO,2021,47,2021-11-22,2021-11-28,3,6112.026851866528,0.4908355399459415
Durazno,UY-DU,2021,47,2021-11-22,2021-11-28,3,12228.10425056514,0.2453364755915743
Flores,UY-FS,2021,47,2021-11-22,2021-11-28,0,5140.77049712524,0.0
Florida,UY-FD,2021,47,2021-11-22,2021-11-28,0,10405.572253242583,0.0
Lavalleja,UY-LA,2021,47,2021-11-22,2021-11-28,0,10031.272844140674,0.0
Maldonado,UY-MA,2021,47,2021-11-22,2021-11-28,4,4803.260185508939,0.8327677130769822
Montevideo,UY-MO,2021,47,2021-11-22,2021-11-28,0,527.7536386520376,0.0
Paysandú,UY-PA,2021,47,2021-11-22,2021-11-28,1,14088.526169172621,0.0709797453610243
Rivera,UY-RV,2021,47,2021-11-22,2021-11-28,0,9329.550532265199,0.0
Rocha,UY-RO,2021,47,2021-11-22,2021-11-28,2,10558.553826772255,0.1894198801097933
Río Negro,UY-RN,2021,47,2021-11-22,2021-11-28,0,9810.67596839813,0.0
Salto,UY-SA,2021,47,2021-11-22,2021-11-28,0,14170.87435119916,0.0
San José,UY-SJ,2021,47,2021-11-22,2021-11-28,1,5002.920653176918,0.19988324207480432
Soriano,UY-SO,2021,47,2021-11-22,2021-11-28,0,9122.538742945157,0.0
Tacuarembó,UY-TA,2021,47,2021-11-22,2021-11-28,1,15973.367767510354,0.06260420560991455
Treinta y Tres,UY-TT,2021,47,2021-11-22,2021-11-28,1,9285.005878360264,0.10770052416774566
Artigas,UY-AR,2021,48,2021-11-29,2021-12-05,1,12010.600679730765,0.08325978247595993
Canelones,UY-CA,2021,48,2021-11-29,2021-12-05,0,4520.87871068126,0.0
Cerro Largo,UY-CL,2021,48,2021-11-29,2021-12-05,0,13655.557447815512,0.0
Colonia,UY-CO,2021,48,2021-11-29,2021-12-05,4,6112.026851866528,0.6544473865945887
Durazno,UY-DU,2021,48,2021-11-29,2021-12-05,0,12228.10425056514,0.0
Flores,UY-FS,2021,48,2021-11-29,2021-12-05,0,5140.77049712524,0.0
Florida,UY-FD,2021,48,2021-11-29,2021-12-05,0,10405.572253242583,0.0
Lavalleja,UY-LA,2021,48,2021-11-29,2021-12-05,0,10031.272844140674,0.0
Maldonado,UY-MA,2021,48,2021-11-29,2021-12-05,0,4803.260185508939,0.0
Montevideo,UY-MO,2021,48,2021-11-29,2021-12-05,0,527.7536386520376,0.0
Paysandú,UY-PA,2021,48,2021-11-29,2021-12-05,0,14088.526169172621,0.0
Rivera,UY-RV,2021,48,2021-11-29,2021-12-05,0,9329.550532265199,0.0
Rocha,UY-RO,2021,48,2021-11-29,2021-12-05,0,10558.553826772255,0.0
Río Negro,UY-RN,2021,48,2021-11-29,2021-12-05,1,9810.67596839813,0.10192977560579633
Salto,UY-SA,2021,48,2021-11-29,2021-12-05,0,14170.87435119916,0.0
San José,UY-SJ,2021,48,2021-11-29,2021-12-05,1,5002.920653176918,0.19988324207480432
Soriano,UY-SO,2021,48,2021-11-29,2021-12-05,0,9122.538742945157,0.0
Tacuarembó,UY-TA,2021,48,2021-11-29,2021-12-05,0,15973.367767510354,0.0
Treinta y Tres,UY-TT,2021,48,2021-11-29,2021-12-05,0,9285.005878360264,0.0
Artigas,UY-AR,2021,49,2021-12-06,2021-12-12,0,12010.600679730765,0.0
Canelones,UY-CA,2021,49,2021-12-06,2021-12-12,6,4520.87871068126,1.3271756187185673
Cerro Largo,UY-CL,2021,49,2021-12-06,2021-12-12,1,13655.557447815512,0.07323025836341603
Colonia,UY-CO,2021,49,2021-12-06,2021-12-12,2,6112.026851866528,0.32722369329729434
Durazno,UY-DU,2021,49,2021-12-06,2021-12-12,0,12228.10425056514,0.0
Flores,UY-FS,2021,49,2021-12-06,2021-12-12,0,5140.77049712524,0.0
Florida,UY-FD,2021,49,2021-12-06,2021-12-12,1,10405.572253242583,0.09610235512884745
Lavalleja,UY-LA,2021,49,2021-12-06,2021-12-12,1,10031.272844140674,0.09968824650045341
Maldonado,UY-MA,2021,49,2021-12-06,2021-12-12,1,4803.260185508939,0.20819192826924554
Montevideo,UY-MO,2021,49,2021-12-06,2021-12-12,0,527.7536386520376,0.0
Paysandú,UY-PA,2021,49,2021-12-06,2021-12-12,0,14088.526169172621,0.0
Rivera,UY-RV,2021,49,2021-12-06,2021-12-12,0,9329.550532265199,0.0
Rocha,UY-RO,2021,49,2021-12-06,2021-12-12,2,10558.553826772255,0.1894198801097933
Río Negro,UY-RN,2021,49,2021-12-06,2021-12-12,0,9810.67596839813,0.0
Salto,UY-SA,2021,49,2021-12-06,2021-12-12,0,14170.87435119916,0.0
San José,UY-SJ,2021,49,2021-12-06,2021-12-12,0,5002.920653176918,0.0
Soriano,UY-SO,2021,49,2021-12-06,2021-12-12,0,9122.538742945157,0.0
Tacuarembó,UY-TA,2021,49,2021-12-06,2021-12-12,1,15973.367767510354,0.06260420560991455
Treinta y Tres,UY-TT,2021,49,2021-12-06,2021-12-12,1,9285.005878360264,0.10770052416774566
Artigas,UY-AR,2021,50,2021-12-13,2021-12-19,0,12010.600679730765,0.0
Canelones,UY-CA,2021,50,2021-12-13,2021-12-19,6,4520.87871068126,1.3271756187185673
Cerro Largo,UY-CL,2021,50,2021-12-13,2021-12-19,0,13655.557447815512,0.0
Colonia,UY-CO,2021,50,2021-12-13,2021-12-19,0,6112.026851866528,0.0
Durazno,UY-DU,2021,50,2021-12-13,2021-12-19,0,12228.10425056514,0.0
Flores,UY-FS,2021,50,2021-12-13,2021-12-19,2,5140.77049712524,0.3890467394174504
Florida,UY-FD,2021,50,2021-12-13,2021-12-19,0,10405.572253242583,0.0
Lavalleja,UY-LA,2021,50,2021-12-13,2021-12-19,1,10031.272844140674,0.09968824650045341
Maldonado,UY-MA,2021,50,2021-12-13,2021-12-19,0,4803.260185508939,0.0
Montevideo,UY-MO,2021,50,2021-12-13,2021-12-19,0,527.7536386520376,0.0
Paysandú,UY-PA,2021,50,2021-12-13,2021-12-19,0,14088.526169172621,0.0
Rivera,UY-RV,2021,50,2021-12-13,2021-12-19,0,9329.550532265199,0.0
Rocha,UY-RO,2021,50,2021-12-13,2021-12-19,0,10558.553826772255,0.0
Río Negro,UY-RN,2021,50,2021-12-13,2021-12-19,0,9810.67596839813,0.0
Salto,UY-SA,2021,50,2021-12-13,2021-12-19,0,14170.87435119916,0.0
San José,UY-SJ,2021,50,2021-12-13,2021-12-19,1,5002.920653176918,0.19988324207480432
Soriano,UY-SO,2021,50,2021-12-13,2021-12-19,0,9122.538742945157,0.0
Tacuarembó,UY-TA,2021,50,2021-12-13,2021-12-19,1,15973.367767510354,0.06260420560991455
Treinta y Tres,UY-TT,2021,50,2021-12-13,2021-12-19,0,9285.005878360264,0.0
Artigas,UY-AR,2021,51,2021-12-20,2021-12-26,0,12010.600679730765,0.0
Canelones,UY-CA,2021,51,2021-12-20,2021-12-26,2,4520.87871068126,0.4423918729061891
Cerro Largo,UY-CL,2021,51,2021-12-20,2021-12-26,1,13655.557447815512,0.07323025836341603
Colonia,UY-CO,2021,51,2021-12-20,2021-12-26,0,6112.026851866528,0.0
Durazno,UY-DU,2021,51,2021-12-20,2021-12-26,0,12228.10425056514,0.0
Flores,UY-FS,2021,51,2021-12-20,2021-12-26,0,5140.77049712524,0.0
Florida,UY-FD,2021,51,2021-12-20,2021-12-26,1,10405.572253242583,0.09610235512884745
Lavalleja,UY-LA,2021,51,2021-12-20,2021-12-26,2,10031.272844140674,0.19937649300090682
Maldonado,UY-MA,2021,51,2021-12-20,2021-12-26,1,4803.260185508939,0.20819192826924554
Montevideo,UY-MO,2021,51,2021-12-20,2021-12-26,0,527.7536386520376,0.0
Paysandú,UY-PA,2021,51,2021-12-20,2021-12-26,0,14088.526169172621,0.0
Rivera,UY-RV,2021,51,2021-12-20,2021-12-26,0,9329.550532265199,0.0
Rocha,UY-RO,2021,51,2021-12-20,2021-12-26,1,10558.553826772255,0.09470994005489665
Río Negro,UY-RN,2021,51,2021-12-20,2021-12-26,0,9810.67596839813,0.0
Salto,UY-SA,2021,51,2021-12-20,2021-12-26,0,14170.87435119916,0.0
San José,UY-SJ,2021,51,2021-12-20,2021-12-26,3,5002.920653176918,0.5996497262244129
Soriano,UY-SO,2021,51,2021-12-20,2021-12-26,0,9122.538742945157,0.0
Tacuarembó,UY-TA,2021,51,2021-12-20,2021-12-26,2,15973.367767510354,0.1252084112198291
Treinta y Tres,UY-TT,2021,51,2021-12-20,2021-12-26,1,9285.005878360264,0.10770052416774566
Artigas,UY-AR,2021,52,2021-12-27,2022-01-02,1,12010.600679730765,0.08325978247595993
Canelones,UY-CA,2021,52,2021-12-27,2022-01-02,8,4520.87871068126,1.7695674916247564
Cerro Largo,UY-CL,2021,52,2021-12-27,2022-01-02,1,13655.557447815512,0.07323025836341603
Colonia,UY-CO,2021,52,2021-12-27,2022-01-02,1,6112.026851866528,0.16361184664864717
Durazno,UY-DU,2021,52,2021-12-27,2022-01-02,0,12228.10425056514,0.0
Flores,UY-FS,2021,52,2021-12-27,2022-01-02,0,5140.77049712524,0.0
Florida,UY-FD,2021,52,2021-12-27,2022-01-02,2,10405.572253242583,0.1922047102576949
Lavalleja,UY-LA,2021,52,2021-12-27,2022-01-02,3,10031.272844140674,0.29906473950136025
Maldonado,UY-MA,2021,52,2021-12-27,2022-01-02,4,4803.260185508939,0.8327677130769822
Montevideo,UY-MO,2021,52,2021-12-27,2022-01-02,1,527.7536386520376,1.8948235061991252
Paysandú,UY-PA,2021,52,2021-12-27,2022-01-02,100,14088.526169172621,7.097974536102432
Rivera,UY-RV,2021,52,2021-12-27,2022-01-02,0,9329.550532265199,0.0
Rocha,UY-RO,2021,52,2021-12-27,2022-01-02,1,10558.553826772255,0.09470994005489665
Río Negro,UY-RN,2021,52,2021-12-27,2022-01-02,173,9810.67596839813,17.63385117980276
Salto,UY-SA,2021,52,2021-12-27,2022-01-02,0,14170.87435119916,0.0
San José,UY-SJ,2021,52,2021-12-27,2022-01-02,1,5002.920653176918,0.19988324207480432
Soriano,UY-SO,2021,52,2021-12-27,2022-01-02,0,9122.538742945157,0.0
Tacuarembó,UY-TA,2021,52,2021-12-27,2022-01-02,6,15973.367767510354,0.3756252336594873
Treinta y Tres,UY-TT,2021,52,2021-12-27,2022-01-02,4,9285.005878360264,0.4308020966709826
Artigas,UY-AR,2022,1,2022-01-03,2022-01-09,0,12010.600679730765,0.0
Canelones,UY-CA,2022,1,2022-01-03,2022-01-09,13,4520.87871068126,2.8755471738902294
Cerro Largo,UY-CL,2022,1,2022-01-03,2022-01-09,0,13655.557447815512,0.0
Colonia,UY-CO,2022,1,2022-01-03,2022-01-09,0,6112.026851866528,0.0
Durazno,UY-DU,2022,1,2022-01-03,2022-01-09,0,12228.10425056514,0.0
Flores,UY-FS,2022,1,2022-01-03,2022-01-09,0,5140.77049712524,0.0
Florida,UY-FD,2022,1,2022-01-03,2022-01-09,2,10405.572253242583,0.1922047102576949
Lavalleja,UY-LA,2022,1,2022-01-03,2022-01-09,5,10031.272844140674,0.4984412325022671
Maldonado,UY-MA,2022,1,2022-01-03,2022-01-09,4,4803.260185508939,0.8327677130769822
Montevideo,UY-MO,2022,1,2022-01-03,2022-01-09,2,527.7536386520376,3.7896470123982504
Paysandú,UY-PA,2022,1,2022-01-03,2022-01-09,3,14088.526169172621,0.21293923608307294
Rivera,UY-RV,2022,1,2022-01-03,2022-01-09,0,9329.550532265199,0.0
Rocha,UY-RO,2022,1,2022-01-03,2022-01-09,2,10558.553826772255,0.1894198801097933
Río Negro,UY-RN,2022,1,2022-01-03,2022-01-09,1,9810.67596839813,0.10192977560579633
Salto,UY-SA,2022,1,2022-01-03,2022-01-09,0,14170.87435119916,0.0
San José,UY-SJ,2022,1,2022-01-03,2022-01-09,3,5002.920653176918,0.5996497262244129
Soriano,UY-SO,2022,1,2022-01-03,2022-01-09,0,9122.538742945157,0.0
Tacuarembó,UY-TA,2022,1,2022-01-03,2022-01-09,4,15973.367767510354,0.2504168224396582
Treinta y Tres,UY-TT,2022,1,2022-01-03,2022-01-09,0,9285.005878360264,0.0
Artigas,UY-AR,2022,2,2022-01-10,2022-01-16,1,12010.600679730765,0.08325978247595993
Canelones,UY-CA,2022,2,2022-01-10,2022-01-16,5,4520.87871068126,1.1059796822654728
Cerro Largo,UY-CL,2022,2,2022-01-10,2022-01-16,0,13655.557447815512,0.0
Colonia,UY-CO,2022,2,2022-01-10,2022-01-16,1,6112.026851866528,0.16361184664864717
Durazno,UY-DU,2022,2,2022-01-10,2022-01-16,0,12228.10425056514,0.0
Flores,UY-FS,2022,2,2022-01-10,2022-01-16,0,5140.77049712524,0.0
Florida,UY-FD,2022,2,2022-01-10,2022-01-16,0,10405.572253242583,0.0
Lavalleja,UY-LA,2022,2,2022-01-10,2022-01-16,1,10031.272844140674,0.09968824650045341
Maldonado,UY-MA,2022,2,2022-01-10,2022-01-16,1,4803.260185508939,0.20819192826924554
Montevideo,UY-MO,2022,2,2022-01-10,2022-01-16,16,527.7536386520376,30.317176099186003
Paysandú,UY-PA,2022,2,2022-01-10,2022-01-16,0,14088.526169172621,0.0
Rivera,UY-RV,2022,2,2022-01-10,2022-01-16,4,9329.550532265199,0.4287451990496703
Rocha,UY-RO,2022,2,2022-01-10,2022-01-16,1,10558.553826772255,0.09470994005489665
Río Negro,UY-RN,2022,2,2022-01-10,2022-01-16,0,9810.67596839813,0.0
Salto,UY-SA,2022,2,2022-01-10,2022-01-16,0,14170.87435119916,0.0
San José,UY-SJ,2022,2,2022-01-10,2022-01-16,0,5002.920653176918,0.0
Soriano,UY-SO,2022,2,2022-01-10,2022-01-16,0,9122.538742945157,0.0
Tacuarembó,UY-TA,2022,2,2022-01-10,2022-01-16,1,15973.367767510354,0.06260420560991455
Treinta y Tres,UY-TT,2022,2,2022-01-10,2022-01-16,0,9285.005878360264,0.0
Artigas,UY-AR,2022,3,2022-01-17,2022-01-23,0,12010.600679730765,0.0
Canelones,UY-CA,2022,3,2022-01-17,2022-01-23,0,4520.87871068126,0.0
Cerro Largo,UY-CL,2022,3,2022-01-17,2022-01-23,0,13655.557447815512,0.0
Colonia,UY-CO,2022,3,2022-01-17,2022-01-23,1,6112.026851866528,0.16361184664864717
Durazno,UY-DU,2022,3,2022-01-17,2022-01-23,0,12228.10425056514,0.0
Flores,UY-FS,2022,3,2022-01-17,2022-01-23,1,5140.77049712524,0.1945233697087252
Florida,UY-FD,2022,3,2022-01-17,2022-01-23,0,10405.572253242583,0.0
Lavalleja,UY-LA,2022,3,2022-01-17,2022-01-23,0,10031.272844140674,0.0
Maldonado,UY-MA,2022,3,2022-01-17,2022-01-23,0,4803.260185508939,0.0
Montevideo,UY-MO,2022,3,2022-01-17,2022-01-23,0,527.7536386520376,0.0
Paysandú,UY-PA,2022,3,2022-01-17,2022-01-23,0,14088.526169172621,0.0
Rivera,UY-RV,2022,3,2022-01-17,2022-01-23,0,9329.550532265199,0.0
Rocha,UY-RO,2022,3,2022-01-17,2022-01-23,0,10558.553826772255,0.0
Río Negro,UY-RN,2022,3,2022-01-17,2022-01-23,1,9810.67596839813,0.10192977560579633
Salto,UY-SA,2022,3,2022-01-17,2022-01-23,0,14170.87435119916,0.0
San José,UY-SJ,2022,3,2022-01-17,2022-01-23,0,5002.920653176918,0.0
Soriano,UY-SO,2022,3,2022-01-17,2022-01-23,1,9122.538742945157,0.10961860817235138
Tacuarembó,UY-TA,2022,3,2022-01-17,2022-01-23,0,15973.367767510354,0.0
Treinta y Tres,UY-TT,2022,3,2022-01-17,2022-01-23,0,9285.005878360264,0.0
Artigas,UY-AR,2022,4,2022-01-24,2022-01-30,1,12010.600679730765,0.08325978247595993
Canelones,UY-CA,2022,4,2022-01-24,2022-01-30,1,4520.87871068126,0.22119593645309454
Cerro Largo,UY-CL,2022,4,2022-01-24,2022-01-30,0,13655.557447815512,0.0
Colonia,UY-CO,2022,4,2022-01-24,2022-01-30,3,6112.026851866528,0.4908355399459415
Durazno,UY-DU,2022,4,2022-01-24,2022-01-30,0,12228.10425056514,0.0
Flores,UY-FS,2022,4,2022-01-24,2022-01-30,0,5140.77049712524,0.0
Florida,UY-FD,2022,4,2022-01-24,2022-01-30,3,10405.572253242583,0.2883070653865423
Lavalleja,UY-LA,2022,4,2022-01-24,2022-01-30,2,10031.272844140674,0.19937649300090682
Maldonado,UY-MA,2022,4,2022-01-24,2022-01-30,2,4803.260185508939,0.4163838565384911
Montevideo,UY-MO,2022,4,2022-01-24,2022-01-30,0,527.7536386520376,0.0
Paysandú,UY-PA,2022,4,2022-01-24,2022-01-30,0,14088.526169172621,0.0
Rivera,UY-RV,2022,4,2022-01-24,2022-01-30,2,9329.550532265199,0.21437259952483514
Rocha,UY-RO,2022,4,2022-01-24,2022-01-30,0,10558.553826772255,0.0
Río Negro,UY-RN,2022,4,2022-01-24,2022-01-30,0,9810.67596839813,0.0
Salto,UY-SA,2022,4,2022-01-24,2022-01-30,0,14170.87435119916,0.0
San José,UY-SJ,2022,4,2022-01-24,2022-01-30,0,5002.920653176918,0.0
Soriano,UY-SO,2022,4,2022-01-24,2022-01-30,2,9122.538742945157,0.21923721634470275
Tacuarembó,UY-TA,2022,4,2022-01-24,2022-01-30,0,15973.367767510354,0.0
Treinta y Tres,UY-TT,2022,4,2022-01-24,2022-01-30,0,9285.005878360264,0.0
Artigas,UY-AR,2022,5,2022-01-31,2022-02-06,0,12010.600679730765,0.0
Canelones,UY-CA,2022,5,2022-01-31,2022-02-06,2,4520.87871068126,0.4423918729061891
Cerro Largo,UY-CL,2022,5,2022-01-31,2022-02-06,0,13655.557447815512,0.0
Colonia,UY-CO,2022,5,2022-01-31,2022-02-06,0,6112.026851866528,0.0
Durazno,UY-DU,2022,5,2022-01-31,2022-02-06,0,12228.10425056514,0.0
Flores,UY-FS,2022,5,2022-01-31,2022-02-06,0,5140.77049712524,0.0
Florida,UY-FD,2022,5,2022-01-31,2022-02-06,1,10405.572253242583,0.09610235512884745
Lavalleja,UY-LA,2022,5,2022-01-31,2022-02-06,2,10031.272844140674,0.19937649300090682
Maldonado,UY-MA,2022,5,2022-01-31,2022-02-06,4,4803.260185508939,0.8327677130769822
Montevideo,UY-MO,2022,5,2022-01-31,2022-02-06,0,527.7536386520376,0.0
Paysandú,UY-PA,2022,5,2022-01-31,2022-02-06,0,14088.526169172621,0.0
Rivera,UY-RV,2022,5,2022-01-31,2022-02-06,2,9329.550532265199,0.21437259952483514
Rocha,UY-RO,2022,5,2022-01-31,2022-02-06,2,10558.553826772255,0.1894198801097933
Río Negro,UY-RN,2022,5,2022-01-31,2022-02-06,0,9810.67596839813,0.0
Salto,UY-SA,2022,5,2022-01-31,2022-02-06,1,14170.87435119916,0.07056727589398029
San José,UY-SJ,2022,5,2022-01-31,2022-02-06,0,5002.920653176918,0.0
Soriano,UY-SO,2022,5,2022-01-31,2022-02-06,0,9122.538742945157,0.0
Tacuarembó,UY-TA,2022,5,2022-01-31,2022-02-06,0,15973.367767510354,0.0
Treinta y Tres,UY-TT,2022,5,2022-01-31,2022-02-06,4,9285.005878360264,0.4308020966709826
Artigas,UY-AR,2022,6,2022-02-07,2022-02-13,0,12010.600679730765,0.0
Canelones,UY-CA,2022,6,2022-02-07,2022-02-13,0,4520.87871068126,0.0
Cerro Largo,UY-CL,2022,6,2022-02-07,2022-02-13,0,13655.557447815512,0.0
Colonia,UY-CO,2022,6,2022-02-07,2022-02-13,0,6112.026851866528,0.0
Durazno,UY-DU,2022,6,2022-02-07,2022-02-13,0,12228.10425056514,0.0
Flores,UY-FS,2022,6,2022-02-07,2022-02-13,0,5140.77049712524,0.0
Florida,UY-FD,2022,6,2022-02-07,2022-02-13,0,10405.572253242583,0.0
Lavalleja,UY-LA,2022,6,2022-02-07,2022-02-13,1,10031.272844140674,0.09968824650045341
Maldonado,UY-MA,2022,6,2022-02-07,2022-02-13,1,4803.260185508939,0.20819192826924554
Montevideo,UY-MO,2022,6,2022-02-07,2022-02-13,0,527.7536386520376,0.0
Paysandú,UY-PA,2022,6,2022-02-07,2022-02-13,0,14088.526169172621,0.0
Rivera,UY-RV,2022,6,2022-02-07,2022-02-13,1,9329.550532265199,0.10718629976241757
Rocha,UY-RO,2022,6,2022-02-07,2022-02-13,0,10558.553826772255,0.0
Río Negro,UY-RN,2022,6,2022-02-07,2022-02-13,0,9810.67596839813,0.0
Salto,UY-SA,2022,6,2022-02-07,2022-02-13,0,14170.87435119916,0.0
San José,UY-SJ,2022,6,2022-02-07,2022-02-13,0,5002.920653176918,0.0
Soriano,UY-SO,2022,6,2022-02-07,2022-02-13,0,9122.538742945157,0.0
Tacuarembó,UY-TA,2022,6,2022-02-07,2022-02-13,0,15973.367767510354,0.0
Treinta y Tres,UY-TT,2022,6,2022-02-07,2022-02-13,0,9285.005878360264,0.0
Artigas,UY-AR,2022,7,2022-02-14,2022-02-20,5,12010.600679730765,0.41629891237979966
Canelones,UY-CA,2022,7,2022-02-14,2022-02-20,1,4520.87871068126,0.22119593645309454
Cerro Largo,UY-CL,2022,7,2022-02-14,2022-02-20,1,13655.557447815512,0.07323025836341603
Colonia,UY-CO,2022,7,2022-02-14,2022-02-20,0,6112.026851866528,0.0
Durazno,UY-DU,2022,7,2022-02-14,2022-02-20,0,12228.10425056514,0.0
Flores,UY-FS,2022,7,2022-02-14,2022-02-20,0,5140.77049712524,0.0
Florida,UY-FD,2022,7,2022-02-14,2022-02-20,1,10405.572253242583,0.09610235512884745
Lavalleja,UY-LA,2022,7,2022-02-14,2022-02-20,1,10031.272844140674,0.09968824650045341
Maldonado,UY-MA,2022,7,2022-02-14,2022-02-20,2,4803.260185508939,0.4163838565384911
Montevideo,UY-MO,2022,7,2022-02-14,2022-02-20,0,527.7536386520376,0.0
Paysandú,UY-PA,2022,7,2022-02-14,2022-02-20,0,14088.526169172621,0.0
Rivera,UY-RV,2022,7,2022-02-14,2022-02-20,1,9329.550532265199,0.10718629976241757
Rocha,UY-RO,2022,7,2022-02-14,2022-02-20,2,10558.553826772255,0.1894198801097933
Río Negro,UY-RN,2022,7,2022-02-14,2022-02-20,4,9810.67596839813,0.4077191024231853
Salto,UY-SA,2022,7,2022-02-14,2022-02-20,1,14170.87435119916,0.07056727589398029
San José,UY-SJ,2022,7,2022-02-14,2022-02-20,1,5002.920653176918,0.19988324207480432
Soriano,UY-SO,2022,7,2022-02-14,2022-02-20,0,9122.538742945157,0.0
Tacuarembó,UY-TA,2022,7,2022-02-14,2022-02-20,1,15973.367767510354,0.06260420560991455
Treinta y Tres,UY-TT,2022,7,2022-02-14,2022-02-20,1,9285.005878360264,0.10770052416774566
Artigas,UY-AR,2022,8,2022-02-21,2022-02-27,0,12010.600679730765,0.0
Canelones,UY-CA,2022,8,2022-02-21,2022-02-27,0,4520.87871068126,0.0
Cerro Largo,UY-CL,2022,8,2022-02-21,2022-02-27,0,13655.557447815512,0.0
Colonia,UY-CO,2022,8,2022-02-21,2022-02-27,0,6112.026851866528,0.0
Durazno,UY-DU,2022,8,2022-02-21,2022-02-27,0,12228.10425056514,0.0
Flores,UY-FS,2022,8,2022-02-21,2022-02-27,0,5140.77049712524,0.0
Florida,UY-FD,2022,8,2022-02-21,2022-02-27,1,10405.572253242583,0.09610235512884745
Lavalleja,UY-LA,2022,8,2022-02-21,2022-02-27,2,10031.272844140674,0.19937649300090682
Maldonado,UY-MA,2022,8,2022-02-21,2022-02-27,1,4803.260185508939,0.20819192826924554
Montevideo,UY-MO,2022,8,2022-02-21,2022-02-27,0,527.7536386520376,0.0
Paysandú,UY-PA,2022,8,2022-02-21,2022-02-27,0,14088.526169172621,0.0
Rivera,UY-RV,2022,8,2022-02-21,2022-02-27,1,9329.550532265199,0.10718629976241757
Rocha,UY-RO,2022,8,2022-02-21,2022-02-27,0,10558.553826772255,0.0
Río Negro,UY-RN,2022,8,2022-02-21,2022-02-27,0,9810.67596839813,0.0
Salto,UY-SA,2022,8,2022-02-21,2022-02-27,0,14170.87435119916,0.0
San José,UY-SJ,2022,8,2022-02-21,2022-02-27,1,5002.920653176918,0.19988324207480432
Soriano,UY-SO,2022,8,2022-02-21,2022-02-27,0,9122.538742945157,0.0
Tacuarembó,UY-TA,2022,8,2022-02-21,2022-02-27,0,15973.367767510354,0.0
Treinta y Tres,UY-TT,2022,8,2022-02-21,2022-02-27,0,9285.005878360264,0.0
Artigas,UY-AR,2022,9,2022-02-28,2022-03-06,0,12010.600679730765,0.0
Canelones,UY-CA,2022,9,2022-02-28,2022-03-06,1,4520.87871068126,0.22119593645309454
Cerro Largo,UY-CL,2022,9,2022-02-28,2022-03-06,0,13655.557447815512,0.0
Colonia,UY-CO,2022,9,2022-02-28,2022-03-06,0,6112.026851866528,0.0
Durazno,UY-DU,2022,9,2022-02-28,2022-03-06,0,12228.10425056514,0.0
Flores,UY-FS,2022,9,2022-02-28,2022-03-06,0,5140.77049712524,0.0
Florida,UY-FD,2022,9,2022-02-28,2022-03-06,0,10405.572253242583,0.0
Lavalleja,UY-LA,2022,9,2022-02-28,2022-03-06,0,10031.272844140674,0.0
Maldonado,UY-MA,2022,9,2022-02-28,2022-03-06,0,4803.260185508939,0.0
Montevideo,UY-MO,2022,9,2022-02-28,2022-03-06,0,527.7536386520376,0.0
Paysandú,UY-PA,2022,9,2022-02-28,2022-03-06,0,14088.526169172621,0.0
Rivera,UY-RV,2022,9,2022-02-28,2022-03-06,4,9329.550532265199,0.4287451990496703
Rocha,UY-RO,2022,9,2022-02-28,2022-03-06,1,10558.553826772255,0.09470994005489665
Río Negro,UY-RN,2022,9,2022-02-28,2022-03-06,0,9810.67596839813,0.0
Salto,UY-SA,2022,9,2022-02-28,2022-03-06,0,14170.87435119916,0.0
San José,UY-SJ,2022,9,2022-02-28,2022-03-06,2,5002.920653176918,0.39976648414960864
Soriano,UY-SO,2022,9,2022-02-28,2022-03-06,0,9122.538742945157,0.0
Tacuarembó,UY-TA,2022,9,2022-02-28,2022-03-06,0,15973.367767510354,0.0
Treinta y Tres,UY-TT,2022,9,2022-02-28,2022-03-06,0,9285.005878360264,0.0
Artigas,UY-AR,2022,10,2022-03-07,2022-03-13,0,12010.600679730765,0.0
Canelones,UY-CA,2022,10,2022-03-07,2022-03-13,0,4520.87871068126,0.0
Cerro Largo,UY-CL,2022,10,2022-03-07,2022-03-13,0,13655.557447815512,0.0
Colonia,UY-CO,2022,10,2022-03-07,2022-03-13,0,6112.026851866528,0.0
Durazno,UY-DU,2022,10,2022-03-07,2022-03-13,1,12228.10425056514,0.08177882519719143
Flores,UY-FS,2022,10,2022-03-07,2022-03-13,1,5140.77049712524,0.1945233697087252
Florida,UY-FD,2022,10,2022-03-07,2022-03-13,1,10405.572253242583,0.09610235512884745
Lavalleja,UY-LA,2022,10,2022-03-07,2022-03-13,0,10031.272844140674,0.0
Maldonado,UY-MA,2022,10,2022-03-07,2022-03-13,0,4803.260185508939,0.0
Montevideo,UY-MO,2022,10,2022-03-07,2022-03-13,0,527.7536386520376,0.0
Paysandú,UY-PA,2022,10,2022-03-07,2022-03-13,1,14088.526169172621,0.0709797453610243
Rivera,UY-RV,2022,10,2022-03-07,2022-03-13,0,9329.550532265199,0.0
Rocha,UY-RO,2022,10,2022-03-07,2022-03-13,0,10558.553826772255,0.0
Río Negro,UY-RN,2022,10,2022-03-07,2022-03-13,0,9810.67596839813,0.0
Salto,UY-SA,2022,10,2022-03-07,2022-03-13,0,14170.87435119916,0.0
San José,UY-SJ,2022,10,2022-03-07,2022-03-13,1,5002.920653176918,0.19988324207480432
Soriano,UY-SO,2022,10,2022-03-07,2022-03-13,1,9122.538742945157,0.10961860817235138
Tacuarembó,UY-TA,2022,10,2022-03-07,2022-03-13,0,15973.367767510354,0.0
Treinta y Tres,UY-TT,2022,10,2022-03-07,2022-03-13,0,9285.005878360264,0.0
Artigas,UY-AR,2022,11,2022-03-14,2022-03-20,0,12010.600679730765,0.0
Canelones,UY-CA,2022,11,2022-03-14,2022-03-20,0,4520.87871068126,0.0
Cerro Largo,UY-CL,2022,11,2022-03-14,2022-03-20,1,13655.557447815512,0.07323025836341603
Colonia,UY-CO,2022,11,2022-03-14,2022-03-20,0,6112.026851866528,0.0
Durazno,UY-DU,2022,11,2022-03-14,2022-03-20,0,12228.10425056514,0.0
Flores,UY-FS,2022,11,2022-03-14,2022-03-20,1,5140.77049712524,0.1945233697087252
Florida,UY-FD,2022,11,2022-03-14,2022-03-20,0,10405.572253242583,0.0
Lavalleja,UY-LA,2022,11,2022-03-14,2022-03-20,0,10031.272844140674,0.0
Maldonado,UY-MA,2022,11,2022-03-14,2022-03-20,0,4803.260185508939,0.0
Montevideo,UY-MO,2022,11,2022-03-14,2022-03-20,0,527.7536386520376,0.0
Paysandú,UY-PA,2022,11,2022-03-14,2022-03-20,0,14088.526169172621,0.0
Rivera,UY-RV,2022,11,2022-03-14,2022-03-20,0,9329.550532265199,0.0
Rocha,UY-RO,2022,11,2022-03-14,2022-03-20,0,10558.553826772255,0.0
Río Negro,UY-RN,2022,11,2022-03-14,2022-03-20,0,9810.67596839813,0.0
Salto,UY-SA,2022,11,2022-03-14,2022-03-20,0,14170.87435119916,0.0
San José,UY-SJ,2022,11,2022-03-14,2022-03-20,0,5002.920653176918,0.0
Soriano,UY-SO,2022,11,2022-03-14,2022-03-20,1,9122.538742945157,0.10961860817235138
Tacuarembó,UY-TA,2022,11,2022-03-14,2022-03-20,0,15973.367767510354,0.0
Treinta y Tres,UY-TT,2022,11,2022-03-14,2022-03-20,1,9285.005878360264,0.10770052416774566
Artigas,UY-AR,2022,12,2022-03-21,2022-03-27,0,12010.600679730765,0.0
Canelones,UY-CA,2022,12,2022-03-21,2022-03-27,0,4520.87871068126,0.0
Cerro Largo,UY-CL,2022,12,2022-03-21,2022-03-27,0,13655.557447815512,0.0
Colonia,UY-CO,2022,12,2022-03-21,2022-03-27,0,6112.026851866528,0.0
Durazno,UY-DU,2022,12,2022-03-21,2022-03-27,0,12228.10425056514,0.0
Flores,UY-FS,2022,12,2022-03-21,2022-03-27,0,5140.77049712524,0.0
Florida,UY-FD,2022,12,2022-03-21,2022-03-27,2,10405.572253242583,0.1922047102576949
Lavalleja,UY-LA,2022,12,2022-03-21,2022-03-27,0,10031.272844140674,0.0
Maldonado,UY-MA,2022,12,2022-03-21,2022-03-27,0,4803.260185508939,0.0
Montevideo,UY-MO,2022,12,2022-03-21,2022-03-27,0,527.7536386520376,0.0
Paysandú,UY-PA,2022,12,2022-03-21,2022-03-27,0,14088.526169172621,0.0
Rivera,UY-RV,2022,12,2022-03-21,2022-03-27,0,9329.550532265199,0.0
Rocha,UY-RO,2022,12,2022-03-21,2022-03-27,0,10558.553826772255,0.0
Río Negro,UY-RN,2022,12,2022-03-21,2022-03-27,0,9810.67596839813,0.0
Salto,UY-SA,2022,12,2022-03-21,2022-03-27,1,14170.87435119916,0.07056727589398029
San José,UY-SJ,2022,12,2022-03-21,2022-03-27,0,5002.920653176918,0.0
Soriano,UY-SO,2022,12,2022-03-21,2022-03-27,0,9122.538742945157,0.0
Tacuarembó,UY-TA,2022,12,2022-03-21,2022-03-27,0,15973.367767510354,0.0
Treinta y Tres,UY-TT,2022,12,2022-03-21,2022-03-27,1,9285.005878360264,0.10770052416774566
Artigas,UY-AR,2022,13,2022-03-28,2022-04-03,0,12010.600679730765,0.0
Canelones,UY-CA,2022,13,2022-03-28,2022-04-03,0,4520.87871068126,0.0
Cerro Largo,UY-CL,2022,13,2022-03-28,2022-04-03,0,13655.557447815512,0.0
Colonia,UY-CO,2022,13,2022-03-28,2022-04-03,0,6112.026851866528,0.0
Durazno,UY-DU,2022,13,2022-03-28,2022-04-03,1,12228.10425056514,0.08177882519719143
Flores,UY-FS,2022,13,2022-03-28,2022-04-03,0,5140.77049712524,0.0
Florida,UY-FD,2022,13,2022-03-28,2022-04-03,0,10405.572253242583,0.0
Lavalleja,UY-LA,2022,13,2022-03-28,2022-04-03,0,10031.272844140674,0.0
Maldonado,UY-MA,2022,13,2022-03-28,2022-04-03,0,4803.260185508939,0.0
Montevideo,UY-MO,2022,13,2022-03-28,2022-04-03,0,527.7536386520376,0.0
Paysandú,UY-PA,2022,13,2022-03-28,2022-04-03,0,14088.526169172621,0.0
Rivera,UY-RV,2022,13,2022-03-28,2022-04-03,2,9329.550532265199,0.21437259952483514
Rocha,UY-RO,2022,13,2022-03-28,2022-04-03,1,10558.553826772255,0.09470994005489665
Río Negro,UY-RN,2022,13,2022-03-28,2022-04-03,0,9810.67596839813,0.0
Salto,UY-SA,2022,13,2022-03-28,2022-04-03,0,14170.87435119916,0.0
San José,UY-SJ,2022,13,2022-03-28,2022-04-03,0,5002.920653176918,0.0
Soriano,UY-SO,2022,13,2022-03-28,2022-04-03,0,9122.538742945157,0.0
Tacuarembó,UY-TA,2022,13,2022-03-28,2022-04-03,0,15973.367767510354,0.0
Treinta y Tres,UY-TT,2022,13,2022-03-28,2022-04-03,0,9285.005878360264,0.0
Artigas,UY-AR,2022,14,2022-04-04,2022-04-10,0,12010.600679730765,0.0
Canelones,UY-CA,2022,14,2022-04-04,2022-04-10,0,4520.87871068126,0.0
Cerro Largo,UY-CL,2022,14,2022-04-04,2022-04-10,0,13655.557447815512,0.0
Colonia,UY-CO,2022,14,2022-04-04,2022-04-10,1,6112.026851866528,0.16361184664864717
Durazno,UY-DU,2022,14,2022-04-04,2022-04-10,0,12228.10425056514,0.0
Flores,UY-FS,2022,14,2022-04-04,2022-04-10,0,5140.77049712524,0.0
Florida,UY-FD,2022,14,2022-04-04,2022-04-10,0,10405.572253242583,0.0
Lavalleja,UY-LA,2022,14,2022-04-04,2022-04-10,0,10031.272844140674,0.0
Maldonado,UY-MA,2022,14,2022-04-04,2022-04-10,0,4803.260185508939,0.0
Montevideo,UY-MO,2022,14,2022-04-04,2022-04-10,0,527.7536386520376,0.0
Paysandú,UY-PA,2022,14,2022-04-04,2022-04-10,0,14088.526169172621,0.0
Rivera,UY-RV,2022,14,2022-04-04,2022-04-10,0,9329.550532265199,0.0
Rocha,UY-RO,2022,14,2022-04-04,2022-04-10,1,10558.553826772255,0.09470994005489665
Río Negro,UY-RN,2022,14,2022-04-04,2022-04-10,0,9810.67596839813,0.0
Salto,UY-SA,2022,14,2022-04-04,2022-04-10,1,14170.87435119916,0.07056727589398029
San José,UY-SJ,2022,14,2022-04-04,2022-04-10,0,5002.920653176918,0.0
Soriano,UY-SO,2022,14,2022-04-04,2022-04-10,0,9122.538742945157,0.0
Tacuarembó,UY-TA,2022,14,2022-04-04,2022-04-10,0,15973.367767510354,0.0
Treinta y Tres,UY-TT,2022,14,2022-04-04,2022-04-10,0,9285.005878360264,0.0
Artigas,UY-AR,2022,15,2022-04-11,2022-04-17,0,12010.600679730765,0.0
Canelones,UY-CA,2022,15,2022-04-11,2022-04-17,0,4520.87871068126,0.0
Cerro Largo,UY-CL,2022,15,2022-04-11,2022-04-17,0,13655.557447815512,0.0
Colonia,UY-CO,2022,15,2022-04-11,2022-04-17,0,6112.026851866528,0.0
Durazno,UY-DU,2022,15,2022-04-11,2022-04-17,0,12228.10425056514,0.0
Flores,UY-FS,2022,15,2022-04-11,2022-04-17,0,5140.77049712524,0.0
Florida,UY-FD,2022,15,2022-04-11,2022-04-17,0,10405.572253242583,0.0
Lavalleja,UY-LA,2022,15,2022-04-11,2022-04-17,0,10031.272844140674,0.0
Maldonado,UY-MA,2022,15,2022-04-11,2022-04-17,0,4803.260185508939,0.0
Montevideo,UY-MO,2022,15,2022-04-11,2022-04-17,0,527.7536386520376,0.0
Paysandú,UY-PA,2022,15,2022-04-11,2022-04-17,0,14088.526169172621,0.0
Rivera,UY-RV,2022,15,2022-04-11,2022-04-17,0,9329.550532265199,0.0
Rocha,UY-RO,2022,15,2022-04-11,2022-04-17,0,10558.553826772255,0.0
Río Negro,UY-RN,2022,15,2022-04-11,2022-04-17,0,9810.67596839813,0.0
Salto,UY-SA,2022,15,2022-04-11,2022-04-17,0,14170.87435119916,0.0
San José,UY-SJ,2022,15,2022-04-11,2022-04-17,0,5002.920653176918,0.0
Soriano,UY-SO,2022,15,2022-04-11,2022-04-17,0,9122.538742945157,0.0
Tacuarembó,UY-TA,2022,15,2022-04-11,2022-04-17,0,15973.367767510354,0.0
Treinta y Tres,UY-TT,2022,15,2022-04-11,2022-04-17,3,9285.005878360264,0.32310157250323696
Artigas,UY-AR,2022,16,2022-04-18,2022-04-24,2,12010.600679730765,0.16651956495191986
Canelones,UY-CA,2022,16,2022-04-18,2022-04-24,0,4520.87871068126,0.0
Cerro Largo,UY-CL,2022,16,2022-04-18,2022-04-24,0,13655.557447815512,0.0
Colonia,UY-CO,2022,16,2022-04-18,2022-04-24,0,6112.026851866528,0.0
Durazno,UY-DU,2022,16,2022-04-18,2022-04-24,0,12228.10425056514,0.0
Flores,UY-FS,2022,16,2022-04-18,2022-04-24,0,5140.77049712524,0.0
Florida,UY-FD,2022,16,2022-04-18,2022-04-24,0,10405.572253242583,0.0
Lavalleja,UY-LA,2022,16,2022-04-18,2022-04-24,3,10031.272844140674,0.29906473950136025
Maldonado,UY-MA,2022,16,2022-04-18,2022-04-24,1,4803.260185508939,0.20819192826924554
Montevideo,UY-MO,2022,16,2022-04-18,2022-04-24,0,527.7536386520376,0.0
Paysandú,UY-PA,2022,16,2022-04-18,2022-04-24,0,14088.526169172621,0.0
Rivera,UY-RV,2022,16,2022-04-18,2022-04-24,1,9329.550532265199,0.10718629976241757
Rocha,UY-RO,2022,16,2022-04-18,2022-04-24,4,10558.553826772255,0.3788397602195866
Río Negro,UY-RN,2022,16,2022-04-18,2022-04-24,4,9810.67596839813,0.4077191024231853
Salto,UY-SA,2022,16,2022-04-18,2022-04-24,1,14170.87435119916,0.07056727589398029
San José,UY-SJ,2022,16,2022-04-18,2022-04-24,0,5002.920653176918,0.0
Soriano,UY-SO,2022,16,2022-04-18,2022-04-24,1,9122.538742945157,0.10961860817235138
Tacuarembó,UY-TA,2022,16,2022-04-18,2022-04-24,2,15973.367767510354,0.1252084112198291
Treinta y Tres,UY-TT,2022,16,2022-04-18,2022-04-24,8,9285.005878360264,0.8616041933419653
Artigas,UY-AR,2022,17,2022-04-25,2022-05-01,0,12010.600679730765,0.0
Canelones,UY-CA,2022,17,2022-04-25,2022-05-01,0,4520.87871068126,0.0
Cerro Largo,UY-CL,2022,17,2022-04-25,2022-05-01,0,13655.557447815512,0.0
Colonia,UY-CO,2022,17,2022-04-25,2022-05-01,0,6112.026851866528,0.0
Durazno,UY-DU,2022,17,2022-04-25,2022-05-01,0,12228.10425056514,0.0
Flores,UY-FS,2022,17,2022-04-25,2022-05-01,0,5140.77049712524,0.0
Florida,UY-FD,2022,17,2022-04-25,2022-05-01,0,10405.572253242583,0.0
Lavalleja,UY-LA,2022,17,2022-04-25,2022-05-01,0,10031.272844140674,0.0
Maldonado,UY-MA,2022,17,2022-04-25,2022-05-01,0,4803.260185508939,0.0
Montevideo,UY-MO,2022,17,2022-04-25,2022-05-01,0,527.7536386520376,0.0
Paysandú,UY-PA,2022,17,2022-04-25,2022-05-01,1,14088.526169172621,0.0709797453610243
Rivera,UY-RV,2022,17,2022-04-25,2022-05-01,2,9329.550532265199,0.21437259952483514
Rocha,UY-RO,2022,17,2022-04-25,2022-05-01,0,10558.553826772255,0.0
Río Negro,UY-RN,2022,17,2022-04-25,2022-05-01,1,9810.67596839813,0.10192977560579633
Salto,UY-SA,2022,17,2022-04-25,2022-05-01,0,14170.87435119916,0.0
San José,UY-SJ,2022,17,2022-04-25,2022-05-01,0,5002.920653176918,0.0
Soriano,UY-SO,2022,17,2022-04-25,2022-05-01,0,9122.538742945157,0.0
Tacuarembó,UY-TA,2022,17,2022-04-25,2022-05-01,0,15973.367767510354,0.0
Treinta y Tres,UY-TT,2022,17,2022-04-25,2022-05-01,0,9285.005878360264,0.0
Artigas,UY-AR,2022,18,2022-05-02,2022-05-08,1,12010.600679730765,0.08325978247595993
Canelones,UY-CA,2022,18,2022-05-02,2022-05-08,1,4520.87871068126,0.22119593645309454
Cerro Largo,UY-CL,2022,18,2022-05-02,2022-05-08,0,13655.557447815512,0.0
Colonia,UY-CO,2022,18,2022-05-02,2022-05-08,20,6112.026851866528,3.2722369329729433
Durazno,UY-DU,2022,18,2022-05-02,2022-05-08,2,12228.10425056514,0.16355765039438286
Flores,UY-FS,2022,18,2022-05-02,2022-05-08,0,5140.77049712524,0.0
Florida,UY-FD,2022,18,2022-05-02,2022-05-08,0,10405.572253242583,0.0
Lavalleja,UY-LA,2022,18,2022-05-02,2022-05-08,0,10031.272844140674,0.0
Maldonado,UY-MA,2022,18,2022-05-02,2022-05-08,0,4803.260185508939,0.0
Montevideo,UY-MO,2022,18,2022-05-02,2022-05-08,0,527.7536386520376,0.0
Paysandú,UY-PA,2022,18,2022-05-02,2022-05-08,0,14088.526169172621,0.0
Rivera,UY-RV,2022,18,2022-05-02,2022-05-08,2,9329.550532265199,0.21437259952483514
Rocha,UY-RO,2022,18,2022-05-02,2022-05-08,0,10558.553826772255,0.0
Río Negro,UY-RN,2022,18,2022-05-02,2022-05-08,0,9810.67596839813,0.0
Salto,UY-SA,2022,18,2022-05-02,2022-05-08,0,14170.87435119916,0.0
San José,UY-SJ,2022,18,2022-05-02,2022-05-08,1,5002.920653176918,0.19988324207480432
Soriano,UY-SO,2022,18,2022-05-02,2022-05-08,0,9122.538742945157,0.0
Tacuarembó,UY-TA,2022,18,2022-05-02,2022-05-08,0,15973.367767510354,0.0
Treinta y Tres,UY-TT,2022,18,2022-05-02,2022-05-08,2,9285.005878360264,0.2154010483354913
Artigas,UY-AR,2022,19,2022-05-09,2022-05-15,1,12010.600679730765,0.08325978247595993
Canelones,UY-CA,2022,19,2022-05-09,2022-05-15,0,4520.87871068126,0.0
Cerro Largo,UY-CL,2022,19,2022-05-09,2022-05-15,0,13655.557447815512,0.0
Colonia,UY-CO,2022,19,2022-05-09,2022-05-15,3,6112.026851866528,0.4908355399459415
Durazno,UY-DU,2022,19,2022-05-09,2022-05-15,0,12228.10425056514,0.0
Flores,UY-FS,2022,19,2022-05-09,2022-05-15,0,5140.77049712524,0.0
Florida,UY-FD,2022,19,2022-05-09,2022-05-15,0,10405.572253242583,0.0
Lavalleja,UY-LA,2022,19,2022-05-09,2022-05-15,1,10031.272844140674,0.09968824650045341
Maldonado,UY-MA,2022,19,2022-05-09,2022-05-15,2,4803.260185508939,0.4163838565384911
Montevideo,UY-MO,2022,19,2022-05-09,2022-05-15,0,527.7536386520376,0.0
Paysandú,UY-PA,2022,19,2022-05-09,2022-05-15,1,14088.526169172621,0.0709797453610243
Rivera,UY-RV,2022,19,2022-05-09,2022-05-15,0,9329.550532265199,0.0
Rocha,UY-RO,2022,19,2022-05-09,2022-05-15,1,10558.553826772255,0.09470994005489665
Río Negro,UY-RN,2022,19,2022-05-09,2022-05-15,0,9810.67596839813,0.0
Salto,UY-SA,2022,19,2022-05-09,2022-05-15,0,14170.87435119916,0.0
San José,UY-SJ,2022,19,2022-05-09,2022-05-15,1,5002.920653176918,0.19988324207480432
Soriano,UY-SO,2022,19,2022-05-09,2022-05-15,6,9122.538742945157,0.6577116490341083
Tacuarembó,UY-TA,2022,19,2022-05-09,2022-05-15,0,15973.367767510354,0.0
Treinta y Tres,UY-TT,2022,19,2022-05-09,2022-05-15,0,9285.005878360264,0.0
Artigas,UY-AR,2022,20,2022-05-16,2022-05-22,2,12010.600679730765,0.16651956495191986
Canelones,UY-CA,2022,20,2022-05-16,2022-05-22,0,4520.87871068126,0.0
Cerro Largo,UY-CL,2022,20,2022-05-16,2022-05-22,0,13655.557447815512,0.0
Colonia,UY-CO,2022,20,2022-05-16,2022-05-22,8,6112.026851866528,1.3088947731891774
Durazno,UY-DU,2022,20,2022-05-16,2022-05-22,0,12228.10425056514,0.0
Flores,UY-FS,2022,20,2022-05-16,2022-05-22,0,5140.77049712524,0.0
Florida,UY-FD,2022,20,2022-05-16,2022-05-22,2,10405.572253242583,0.1922047102576949
Lavalleja,UY-LA,2022,20,2022-05-16,2022-05-22,1,10031.272844140674,0.09968824650045341
Maldonado,UY-MA,2022,20,2022-05-16,2022-05-22,0,4803.260185508939,0.0
Montevideo,UY-MO,2022,20,2022-05-16,2022-05-22,0,527.7536386520376,0.0
Paysandú,UY-PA,2022,20,2022-05-16,2022-05-22,1,14088.526169172621,0.0709797453610243
Rivera,UY-RV,2022,20,2022-05-16,2022-05-22,3,9329.550532265199,0.32155889928725273
Rocha,UY-RO,2022,20,2022-05-16,2022-05-22,0,10558.553826772255,0.0
Río Negro,UY-RN,2022,20,2022-05-16,2022-05-22,1,9810.67596839813,0.10192977560579633
Salto,UY-SA,2022,20,2022-05-16,2022-05-22,0,14170.87435119916,0.0
San José,UY-SJ,2022,20,2022-05-16,2022-05-22,2,5002.920653176918,0.39976648414960864
Soriano,UY-SO,2022,20,2022-05-16,2022-05-22,4,9122.538742945157,0.4384744326894055
Tacuarembó,UY-TA,2022,20,2022-05-16,2022-05-22,0,15973.367767510354,0.0
Treinta y Tres,UY-TT,2022,20,2022-05-16,2022-05-22,0,9285.005878360264,0.0
Artigas,UY-AR,2022,21,2022-05-23,2022-05-29,0,12010.600679730765,0.0
Canelones,UY-CA,2022,21,2022-05-23,2022-05-29,0,4520.87871068126,0.0
Cerro Largo,UY-CL,2022,21,2022-05-23,2022-05-29,0,13655.557447815512,0.0
Colonia,UY-CO,2022,21,2022-05-23,2022-05-29,0,6112.026851866528,0.0
Durazno,UY-DU,2022,21,2022-05-23,2022-05-29,0,12228.10425056514,0.0
Flores,UY-FS,2022,21,2022-05-23,2022-05-29,0,5140.77049712524,0.0
Florida,UY-FD,2022,21,2022-05-23,2022-05-29,0,10405.572253242583,0.0
Lavalleja,UY-LA,2022,21,2022-05-23,2022-05-29,1,10031.272844140674,0.09968824650045341
Maldonado,UY-MA,2022,21,2022-05-23,2022-05-29,0,4803.260185508939,0.0
Montevideo,UY-MO,2022,21,2022-05-23,2022-05-29,0,527.7536386520376,0.0
Paysandú,UY-PA,2022,21,2022-05-23,2022-05-29,0,14088.526169172621,0.0
Rivera,UY-RV,2022,21,2022-05-23,2022-05-29,4,9329.550532265199,0.4287451990496703
Rocha,UY-RO,2022,21,2022-05-23,2022-05-29,0,10558.553826772255,0.0
Río Negro,UY-RN,2022,21,2022-05-23,2022-05-29,1,9810.67596839813,0.10192977560579633
Salto,UY-SA,2022,21,2022-05-23,2022-05-29,0,14170.87435119916,0.0
San José,UY-SJ,2022,21,2022-05-23,2022-05-29,1,5002.920653176918,0.19988324207480432
Soriano,UY-SO,2022,21,2022-05-23,2022-05-29,1,9122.538742945157,0.10961860817235138
Tacuarembó,UY-TA,2022,21,2022-05-23,2022-05-29,0,15973.367767510354,0.0
Treinta y Tres,UY-TT,2022,21,2022-05-23,2022-05-29,0,9285.005878360264,0.0
Artigas,UY-AR,2022,22,2022-05-30,2022-06-05,0,12010.600679730765,0.0
Canelones,UY-CA,2022,22,2022-05-30,2022-06-05,0,4520.87871068126,0.0
Cerro Largo,UY-CL,2022,22,2022-05-30,2022-06-05,0,13655.557447815512,0.0
Colonia,UY-CO,2022,22,2022-05-30,2022-06-05,8,6112.026851866528,1.3088947731891774
Durazno,UY-DU,2022,22,2022-05-30,2022-06-05,0,12228.10425056514,0.0
Flores,UY-FS,2022,22,2022-05-30,2022-06-05,1,5140.77049712524,0.1945233697087252
Florida,UY-FD,2022,22,2022-05-30,2022-06-05,0,10405.572253242583,0.0
Lavalleja,UY-LA,2022,22,2022-05-30,2022-06-05,1,10031.272844140674,0.09968824650045341
Maldonado,UY-MA,2022,22,2022-05-30,2022-06-05,0,4803.260185508939,0.0
Montevideo,UY-MO,2022,22,2022-05-30,2022-06-05,0,527.7536386520376,0.0
Paysandú,UY-PA,2022,22,2022-05-30,2022-06-05,1,14088.526169172621,0.0709797453610243
Rivera,UY-RV,2022,22,2022-05-30,2022-06-05,0,9329.550532265199,0.0
Rocha,UY-RO,2022,22,2022-05-30,2022-06-05,0,10558.553826772255,0.0
Río Negro,UY-RN,2022,22,2022-05-30,2022-06-05,0,9810.67596839813,0.0
Salto,UY-SA,2022,22,2022-05-30,2022-06-05,0,14170.87435119916,0.0
San José,UY-SJ,2022,22,2022-05-30,2022-06-05,3,5002.920653176918,0.5996497262244129
Soriano,UY-SO,2022,22,2022-05-30,2022-06-05,3,9122.538742945157,0.32885582451705414
Tacuarembó,UY-TA,2022,22,2022-05-30,2022-06-05,0,15973.367767510354,0.0
Treinta y Tres,UY-TT,2022,22,2022-05-30,2022-06-05,0,9285.005878360264,0.0
Artigas,UY-AR,2022,23,2022-06-06,2022-06-12,0,12010.600679730765,0.0
Canelones,UY-CA,2022,23,2022-06-06,2022-06-12,0,4520.87871068126,0.0
Cerro Largo,UY-CL,2022,23,2022-06-06,2022-06-12,0,13655.557447815512,0.0
Colonia,UY-CO,2022,23,2022-06-06,2022-06-12,11,6112.026851866528,1.7997303131351188
Durazno,UY-DU,2022,23,2022-06-06,2022-06-12,0,12228.10425056514,0.0
Flores,UY-FS,2022,23,2022-06-06,2022-06-12,0,5140.77049712524,0.0
Florida,UY-FD,2022,23,2022-06-06,2022-06-12,0,10405.572253242583,0.0
Lavalleja,UY-LA,2022,23,2022-06-06,2022-06-12,0,10031.272844140674,0.0
Maldonado,UY-MA,2022,23,2022-06-06,2022-06-12,0,4803.260185508939,0.0
Montevideo,UY-MO,2022,23,2022-06-06,2022-06-12,0,527.7536386520376,0.0
Paysandú,UY-PA,2022,23,2022-06-06,2022-06-12,0,14088.526169172621,0.0
Rivera,UY-RV,2022,23,2022-06-06,2022-06-12,2,9329.550532265199,0.21437259952483514
Rocha,UY-RO,2022,23,2022-06-06,2022-06-12,0,10558.553826772255,0.0
Río Negro,UY-RN,2022,23,2022-06-06,2022-06-12,0,9810.67596839813,0.0
Salto,UY-SA,2022,23,2022-06-06,2022-06-12,0,14170.87435119916,0.0
San José,UY-SJ,2022,23,2022-06-06,2022-06-12,1,5002.920653176918,0.19988324207480432
Soriano,UY-SO,2022,23,2022-06-06,2022-06-12,13,9122.538742945157,1.425041906240568
Tacuarembó,UY-TA,2022,23,2022-06-06,2022-06-12,2,15973.367767510354,0.1252084112198291
Treinta y Tres,UY-TT,2022,23,2022-06-06,2022-06-12,0,9285.005878360264,0.0
Artigas,UY-AR,2022,24,2022-06-13,2022-06-19,1,12010.600679730765,0.08325978247595993
Canelones,UY-CA,2022,24,2022-06-13,2022-06-19,0,4520.87871068126,0.0
Cerro Largo,UY-CL,2022,24,2022-06-13,2022-06-19,1,13655.557447815512,0.07323025836341603
Colonia,UY-CO,2022,24,2022-06-13,2022-06-19,8,6112.026851866528,1.3088947731891774
Durazno,UY-DU,2022,24,2022-06-13,2022-06-19,1,12228.10425056514,0.08177882519719143
Flores,UY-FS,2022,24,2022-06-13,2022-06-19,0,5140.77049712524,0.0
Florida,UY-FD,2022,24,2022-06-13,2022-06-19,0,10405.572253242583,0.0
Lavalleja,UY-LA,2022,24,2022-06-13,2022-06-19,2,10031.272844140674,0.19937649300090682
Maldonado,UY-MA,2022,24,2022-06-13,2022-06-19,0,4803.260185508939,0.0
Montevideo,UY-MO,2022,24,2022-06-13,2022-06-19,0,527.7536386520376,0.0
Paysandú,UY-PA,2022,24,2022-06-13,2022-06-19,0,14088.526169172621,0.0
Rivera,UY-RV,2022,24,2022-06-13,2022-06-19,3,9329.550532265199,0.32155889928725273
Rocha,UY-RO,2022,24,2022-06-13,2022-06-19,2,10558.553826772255,0.1894198801097933
Río Negro,UY-RN,2022,24,2022-06-13,2022-06-19,5,9810.67596839813,0.5096488780289816
Salto,UY-SA,2022,24,2022-06-13,2022-06-19,0,14170.87435119916,0.0
San José,UY-SJ,2022,24,2022-06-13,2022-06-19,7,5002.920653176918,1.3991826945236303
Soriano,UY-SO,2022,24,2022-06-13,2022-06-19,1,9122.538742945157,0.10961860817235138
Tacuarembó,UY-TA,2022,24,2022-06-13,2022-06-19,1,15973.367767510354,0.06260420560991455
Treinta y Tres,UY-TT,2022,24,2022-06-13,2022-06-19,0,9285.005878360264,0.0
Artigas,UY-AR,2022,25,2022-06-20,2022-06-26,0,12010.600679730765,0.0
Canelones,UY-CA,2022,25,2022-06-20,2022-06-26,0,4520.87871068126,0.0
Cerro Largo,UY-CL,2022,25,2022-06-20,2022-06-26,0,13655.557447815512,0.0
Colonia,UY-CO,2022,25,2022-06-20,2022-06-26,0,6112.026851866528,0.0
Durazno,UY-DU,2022,25,2022-06-20,2022-06-26,0,12228.10425056514,0.0
Flores,UY-FS,2022,25,2022-06-20,2022-06-26,0,5140.77049712524,0.0
Florida,UY-FD,2022,25,2022-06-20,2022-06-26,0,10405.572253242583,0.0
Lavalleja,UY-LA,2022,25,2022-06-20,2022-06-26,0,10031.272844140674,0.0
Maldonado,UY-MA,2022,25,2022-06-20,2022-06-26,0,4803.260185508939,0.0
Montevideo,UY-MO,2022,25,2022-06-20,2022-06-26,0,527.7536386520376,0.0
Paysandú,UY-PA,2022,25,2022-06-20,2022-06-26,0,14088.526169172621,0.0
Rivera,UY-RV,2022,25,2022-06-20,2022-06-26,0,9329.550532265199,0.0
Rocha,UY-RO,2022,25,2022-06-20,2022-06-26,0,10558.553826772255,0.0
Río Negro,UY-RN,2022,25,2022-06-20,2022-06-26,3,9810.67596839813,0.30578932681738896
Salto,UY-SA,2022,25,2022-06-20,2022-06-26,0,14170.87435119916,0.0
San José,UY-SJ,2022,25,2022-06-20,2022-06-26,1,5002.920653176918,0.19988324207480432
Soriano,UY-SO,2022,25,2022-06-20,2022-06-26,4,9122.538742945157,0.4384744326894055
Tacuarembó,UY-TA,2022,25,2022-06-20,2022-06-26,0,15973.367767510354,0.0
Treinta y Tres,UY-TT,2022,25,2022-06-20,2022-06-26,0,9285.005878360264,0.0
Artigas,UY-AR,2022,26,2022-06-27,2022-07-03,0,12010.600679730765,0.0
Canelones,UY-CA,2022,26,2022-06-27,2022-07-03,0,4520.87871068126,0.0
Cerro Largo,UY-CL,2022,26,2022-06-27,2022-07-03,0,13655.557447815512,0.0
Colonia,UY-CO,2022,26,2022-06-27,2022-07-03,0,6112.026851866528,0.0
Durazno,UY-DU,2022,26,2022-06-27,2022-07-03,0,12228.10425056514,0.0
Flores,UY-FS,2022,26,2022-06-27,2022-07-03,0,5140.77049712524,0.0
Florida,UY-FD,2022,26,2022-06-27,2022-07-03,0,10405.572253242583,0.0
Lavalleja,UY-LA,2022,26,2022-06-27,2022-07-03,0,10031.272844140674,0.0
Maldonado,UY-MA,2022,26,2022-06-27,2022-07-03,0,4803.260185508939,0.0
Montevideo,UY-MO,2022,26,2022-06-27,2022-07-03,0,527.7536386520376,0.0
Paysandú,UY-PA,2022,26,2022-06-27,2022-07-03,0,14088.526169172621,0.0
Rivera,UY-RV,2022,26,2022-06-27,2022-07-03,0,9329.550532265199,0.0
Rocha,UY-RO,2022,26,2022-06-27,2022-07-03,0,10558.553826772255,0.0
Río Negro,UY-RN,2022,26,2022-06-27,2022-07-03,0,9810.67596839813,0.0
Salto,UY-SA,2022,26,2022-06-27,2022-07-03,0,14170.87435119916,0.0
San José,UY-SJ,2022,26,2022-06-27,2022-07-03,0,5002.920653176918,0.0
Soriano,UY-SO,2022,26,2022-06-27,2022-07-03,2,9122.538742945157,0.21923721634470275
Tacuarembó,UY-TA,2022,26,2022-06-27,2022-07-03,0,15973.367767510354,0.0
Treinta y Tres,UY-TT,2022,26,2022-06-27,2022-07-03,0,9285.005878360264,0.0
Artigas,UY-AR,2022,27,2022-07-04,2022-07-10,0,12010.600679730765,0.0
Canelones,UY-CA,2022,27,2022-07-04,2022-07-10,0,4520.87871068126,0.0
Cerro Largo,UY-CL,2022,27,2022-07-04,2022-07-10,0,13655.557447815512,0.0
Colonia,UY-CO,2022,27,2022-07-04,2022-07-10,2,6112.026851866528,0.32722369329729434
Durazno,UY-DU,2022,27,2022-07-04,2022-07-10,0,12228.10425056514,0.0
Flores,UY-FS,2022,27,2022-07-04,2022-07-10,0,5140.77049712524,0.0
Florida,UY-FD,2022,27,2022-07-04,2022-07-10,0,10405.572253242583,0.0
Lavalleja,UY-LA,2022,27,2022-07-04,2022-07-10,0,10031.272844140674,0.0
Maldonado,UY-MA,2022,27,2022-07-04,2022-07-10,0,4803.260185508939,0.0
Montevideo,UY-MO,2022,27,2022-07-04,2022-07-10,0,527.7536386520376,0.0
Paysandú,UY-PA,2022,27,2022-07-04,2022-07-10,3,14088.526169172621,0.21293923608307294
Rivera,UY-RV,2022,27,2022-07-04,2022-07-10,0,9329.550532265199,0.0
Rocha,UY-RO,2022,27,2022-07-04,2022-07-10,0,10558.553826772255,0.0
Río Negro,UY-RN,2022,27,2022-07-04,2022-07-10,0,9810.67596839813,0.0
Salto,UY-SA,2022,27,2022-07-04,2022-07-10,0,14170.87435119916,0.0
San José,UY-SJ,2022,27,2022-07-04,2022-07-10,0,5002.920653176918,0.0
Soriano,UY-SO,2022,27,2022-07-04,2022-07-10,1,9122.538742945157,0.10961860817235138
Tacuarembó,UY-TA,2022,27,2022-07-04,2022-07-10,0,15973.367767510354,0.0
Treinta y Tres,UY-TT,2022,27,2022-07-04,2022-07-10,0,9285.005878360264,0.0
Artigas,UY-AR,2022,28,2022-07-11,2022-07-17,1,12010.600679730765,0.08325978247595993
Canelones,UY-CA,2022,28,2022-07-11,2022-07-17,0,4520.87871068126,0.0
Cerro Largo,UY-CL,2022,28,2022-07-11,2022-07-17,0,13655.557447815512,0.0
Colonia,UY-CO,2022,28,2022-07-11,2022-07-17,0,6112.026851866528,0.0
Durazno,UY-DU,2022,28,2022-07-11,2022-07-17,0,12228.10425056514,0.0
Flores,UY-FS,2022,28,2022-07-11,2022-07-17,0,5140.77049712524,0.0
Florida,UY-FD,2022,28,2022-07-11,2022-07-17,0,10405.572253242583,0.0
Lavalleja,UY-LA,2022,28,2022-07-11,2022-07-17,0,10031.272844140674,0.0
Maldonado,UY-MA,2022,28,2022-07-11,2022-07-17,0,4803.260185508939,0.0
Montevideo,UY-MO,2022,28,2022-07-11,2022-07-17,0,527.7536386520376,0.0
Paysandú,UY-PA,2022,28,2022-07-11,2022-07-17,0,14088.526169172621,0.0
Rivera,UY-RV,2022,28,2022-07-11,2022-07-17,0,9329.550532265199,0.0
Rocha,UY-RO,2022,28,2022-07-11,2022-07-17,0,10558.553826772255,0.0
Río Negro,UY-RN,2022,28,2022-07-11,2022-07-17,0,9810.67596839813,0.0
Salto,UY-SA,2022,28,2022-07-11,2022-07-17,0,14170.87435119916,0.0
San José,UY-SJ,2022,28,2022-07-11,2022-07-17,0,5002.920653176918,0.0
Soriano,UY-SO,2022,28,2022-07-11,2022-07-17,0,9122.538742945157,0.0
Tacuarembó,UY-TA,2022,28,2022-07-11,2022-07-17,0,15973.367767510354,0.0
Treinta y Tres,UY-TT,2022,28,2022-07-11,2022-07-17,0,9285.005878360264,0.0
Artigas,UY-AR,2022,29,2022-07-18,2022-07-24,2,12010.600679730765,0.16651956495191986
Canelones,UY-CA,2022,29,2022-07-18,2022-07-24,1,4520.87871068126,0.22119593645309454
Cerro Largo,UY-CL,2022,29,2022-07-18,2022-07-24,0,13655.557447815512,0.0
Colonia,UY-CO,2022,29,2022-07-18,2022-07-24,2,6112.026851866528,0.32722369329729434
Durazno,UY-DU,2022,29,2022-07-18,2022-07-24,0,12228.10425056514,0.0
Flores,UY-FS,2022,29,2022-07-18,2022-07-24,0,5140.77049712524,0.0
Florida,UY-FD,2022,29,2022-07-18,2022-07-24,0,10405.572253242583,0.0
Lavalleja,UY-LA,2022,29,2022-07-18,2022-07-24,1,10031.272844140674,0.09968824650045341
Maldonado,UY-MA,2022,29,2022-07-18,2022-07-24,0,4803.260185508939,0.0
Montevideo,UY-MO,2022,29,2022-07-18,2022-07-24,0,527.7536386520376,0.0
Paysandú,UY-PA,2022,29,2022-07-18,2022-07-24,0,14088.526169172621,0.0
Rivera,UY-RV,2022,29,2022-07-18,2022-07-24,0,9329.550532265199,0.0
Rocha,UY-RO,2022,29,2022-07-18,2022-07-24,0,10558.553826772255,0.0
Río Negro,UY-RN,2022,29,2022-07-18,2022-07-24,0,9810.67596839813,0.0
Salto,UY-SA,2022,29,2022-07-18,2022-07-24,0,14170.87435119916,0.0
San José,UY-SJ,2022,29,2022-07-18,2022-07-24,0,5002.920653176918,0.0
Soriano,UY-SO,2022,29,2022-07-18,2022-07-24,0,9122.538742945157,0.0
Tacuarembó,UY-TA,2022,29,2022-07-18,2022-07-24,0,15973.367767510354,0.0
Treinta y Tres,UY-TT,2022,29,2022-07-18,2022-07-24,0,9285.005878360264,0.0
Artigas,UY-AR,2022,30,2022-07-25,2022-07-31,3,12010.600679730765,0.2497793474278798
Canelones,UY-CA,2022,30,2022-07-25,2022-07-31,0,4520.87871068126,0.0
Cerro Largo,UY-CL,2022,30,2022-07-25,2022-07-31,0,13655.557447815512,0.0
Colonia,UY-CO,2022,30,2022-07-25,2022-07-31,0,6112.026851866528,0.0
Durazno,UY-DU,2022,30,2022-07-25,2022-07-31,0,12228.10425056514,0.0
Flores,UY-FS,2022,30,2022-07-25,2022-07-31,0,5140.77049712524,0.0
Florida,UY-FD,2022,30,2022-07-25,2022-07-31,0,10405.572253242583,0.0
Lavalleja,UY-LA,2022,30,2022-07-25,2022-07-31,0,10031.272844140674,0.0
Maldonado,UY-MA,2022,30,2022-07-25,2022-07-31,0,4803.260185508939,0.0
Montevideo,UY-MO,2022,30,2022-07-25,2022-07-31,0,527.7536386520376,0.0
Paysandú,UY-PA,2022,30,2022-07-25,2022-07-31,0,14088.526169172621,0.0
Rivera,UY-RV,2022,30,2022-07-25,2022-07-31,0,9329.550532265199,0.0
Rocha,UY-RO,2022,30,2022-07-25,2022-07-31,0,10558.553826772255,0.0
Río Negro,UY-RN,2022,30,2022-07-25,2022-07-31,0,9810.67596839813,0.0
Salto,UY-SA,2022,30,2022-07-25,2022-07-31,0,14170.87435119916,0.0
San José,UY-SJ,2022,30,2022-07-25,2022-07-31,2,5002.920653176918,0.39976648414960864
Soriano,UY-SO,2022,30,2022-07-25,2022-07-31,0,9122.538742945157,0.0
Tacuarembó,UY-TA,2022,30,2022-07-25,2022-07-31,0,15973.367767510354,0.0
Treinta y Tres,UY-TT,2022,30,2022-07-25,2022-07-31,0,9285.005878360264,0.0
Artigas,UY-AR,2022,31,2022-08-01,2022-08-07,0,12010.600679730765,0.0
Canelones,UY-CA,2022,31,2022-08-01,2022-08-07,0,4520.87871068126,0.0
Cerro Largo,UY-CL,2022,31,2022-08-01,2022-08-07,0,13655.557447815512,0.0
Colonia,UY-CO,2022,31,2022-08-01,2022-08-07,3,6112.026851866528,0.4908355399459415
Durazno,UY-DU,2022,31,2022-08-01,2022-08-07,0,12228.10425056514,0.0
Flores,UY-FS,2022,31,2022-08-01,2022-08-07,0,5140.77049712524,0.0
Florida,UY-FD,2022,31,2022-08-01,2022-08-07,0,10405.572253242583,0.0
Lavalleja,UY-LA,2022,31,2022-08-01,2022-08-07,1,10031.272844140674,0.09968824650045341
Maldonado,UY-MA,2022,31,2022-08-01,2022-08-07,0,4803.260185508939,0.0
Montevideo,UY-MO,2022,31,2022-08-01,2022-08-07,0,527.7536386520376,0.0
Paysandú,UY-PA,2022,31,2022-08-01,2022-08-07,0,14088.526169172621,0.0
Rivera,UY-RV,2022,31,2022-08-01,2022-08-07,0,9329.550532265199,0.0
Rocha,UY-RO,2022,31,2022-08-01,2022-08-07,0,10558.553826772255,0.0
Río Negro,UY-RN,2022,31,2022-08-01,2022-08-07,0,9810.67596839813,0.0
Salto,UY-SA,2022,31,2022-08-01,2022-08-07,0,14170.87435119916,0.0
San José,UY-SJ,2022,31,2022-08-01,2022-08-07,0,5002.920653176918,0.0
Soriano,UY-SO,2022,31,2022-08-01,2022-08-07,1,9122.538742945157,0.10961860817235138
Tacuarembó,UY-TA,2022,31,2022-08-01,2022-08-07,0,15973.367767510354,0.0
Treinta y Tres,UY-TT,2022,31,2022-08-01,2022-08-07,0,9285.005878360264,0.0
Artigas,UY-AR,2022,32,2022-08-08,2022-08-14,2,12010.600679730765,0.16651956495191986
Canelones,UY-CA,2022,32,2022-08-08,2022-08-14,0,4520.87871068126,0.0
Cerro Largo,UY-CL,2022,32,2022-08-08,2022-08-14,1,13655.557447815512,0.07323025836341603
Colonia,UY-CO,2022,32,2022-08-08,2022-08-14,2,6112.026851866528,0.32722369329729434
Durazno,UY-DU,2022,32,2022-08-08,2022-08-14,0,12228.10425056514,0.0
Flores,UY-FS,2022,32,2022-08-08,2022-08-14,0,5140.77049712524,0.0
Florida,UY-FD,2022,32,2022-08-08,2022-08-14,2,10405.572253242583,0.1922047102576949
Lavalleja,UY-LA,2022,32,2022-08-08,2022-08-14,0,10031.272844140674,0.0
Maldonado,UY-MA,2022,32,2022-08-08,2022-08-14,1,4803.260185508939,0.20819192826924554
Montevideo,UY-MO,2022,32,2022-08-08,2022-08-14,0,527.7536386520376,0.0
Paysandú,UY-PA,2022,32,2022-08-08,2022-08-14,2,14088.526169172621,0.1419594907220486
Rivera,UY-RV,2022,32,2022-08-08,2022-08-14,0,9329.550532265199,0.0
Rocha,UY-RO,2022,32,2022-08-08,2022-08-14,0,10558.553826772255,0.0
Río Negro,UY-RN,2022,32,2022-08-08,2022-08-14,0,9810.67596839813,0.0
Salto,UY-SA,2022,32,2022-08-08,2022-08-14,0,14170.87435119916,0.0
San José,UY-SJ,2022,32,2022-08-08,2022-08-14,0,5002.920653176918,0.0
Soriano,UY-SO,2022,32,2022-08-08,2022-08-14,9,9122.538742945157,0.9865674735511623
Tacuarembó,UY-TA,2022,32,2022-08-08,2022-08-14,0,15973.367767510354,0.0
Treinta y Tres,UY-TT,2022,32,2022-08-08,2022-08-14,0,9285.005878360264,0.0
Artigas,UY-AR,2022,33,2022-08-15,2022-08-21,1,12010.600679730765,0.08325978247595993
Canelones,UY-CA,2022,33,2022-08-15,2022-08-21,0,4520.87871068126,0.0
Cerro Largo,UY-CL,2022,33,2022-08-15,2022-08-21,0,13655.557447815512,0.0
Colonia,UY-CO,2022,33,2022-08-15,2022-08-21,2,6112.026851866528,0.32722369329729434
Durazno,UY-DU,2022,33,2022-08-15,2022-08-21,5,12228.10425056514,0.4088941259859571
Flores,UY-FS,2022,33,2022-08-15,2022-08-21,0,5140.77049712524,0.0
Florida,UY-FD,2022,33,2022-08-15,2022-08-21,3,10405.572253242583,0.2883070653865423
Lavalleja,UY-LA,2022,33,2022-08-15,2022-08-21,5,10031.272844140674,0.4984412325022671
Maldonado,UY-MA,2022,33,2022-08-15,2022-08-21,2,4803.260185508939,0.4163838565384911
Montevideo,UY-MO,2022,33,2022-08-15,2022-08-21,0,527.7536386520376,0.0
Paysandú,UY-PA,2022,33,2022-08-15,2022-08-21,1,14088.526169172621,0.0709797453610243
Rivera,UY-RV,2022,33,2022-08-15,2022-08-21,9,9329.550532265199,0.9646766978617581
Rocha,UY-RO,2022,33,2022-08-15,2022-08-21,2,10558.553826772255,0.1894198801097933
Río Negro,UY-RN,2022,33,2022-08-15,2022-08-21,3,9810.67596839813,0.30578932681738896
Salto,UY-SA,2022,33,2022-08-15,2022-08-21,0,14170.87435119916,0.0
San José,UY-SJ,2022,33,2022-08-15,2022-08-21,12,5002.920653176918,2.3985989048976517
Soriano,UY-SO,2022,33,2022-08-15,2022-08-21,2,9122.538742945157,0.21923721634470275
Tacuarembó,UY-TA,2022,33,2022-08-15,2022-08-21,0,15973.367767510354,0.0
Treinta y Tres,UY-TT,2022,33,2022-08-15,2022-08-21,1,9285.005878360264,0.10770052416774566
Artigas,UY-AR,2022,34,2022-08-22,2022-08-28,1,12010.600679730765,0.08325978247595993
Canelones,UY-CA,2022,34,2022-08-22,2022-08-28,0,4520.87871068126,0.0
Cerro Largo,UY-CL,2022,34,2022-08-22,2022-08-28,1,13655.557447815512,0.07323025836341603
Colonia,UY-CO,2022,34,2022-08-22,2022-08-28,1,6112.026851866528,0.16361184664864717
Durazno,UY-DU,2022,34,2022-08-22,2022-08-28,4,12228.10425056514,0.3271153007887657
Flores,UY-FS,2022,34,2022-08-22,2022-08-28,0,5140.77049712524,0.0
Florida,UY-FD,2022,34,2022-08-22,2022-08-28,3,10405.572253242583,0.2883070653865423
Lavalleja,UY-LA,2022,34,2022-08-22,2022-08-28,1,10031.272844140674,0.09968824650045341
Maldonado,UY-MA,2022,34,2022-08-22,2022-08-28,0,4803.260185508939,0.0
Montevideo,UY-MO,2022,34,2022-08-22,2022-08-28,0,527.7536386520376,0.0
Paysandú,UY-PA,2022,34,2022-08-22,2022-08-28,0,14088.526169172621,0.0
Rivera,UY-RV,2022,34,2022-08-22,2022-08-28,1,9329.550532265199,0.10718629976241757
Rocha,UY-RO,2022,34,2022-08-22,2022-08-28,2,10558.553826772255,0.1894198801097933
Río Negro,UY-RN,2022,34,2022-08-22,2022-08-28,8,9810.67596839813,0.8154382048463706
Salto,UY-SA,2022,34,2022-08-22,2022-08-28,0,14170.87435119916,0.0
San José,UY-SJ,2022,34,2022-08-22,2022-08-28,1,5002.920653176918,0.19988324207480432
Soriano,UY-SO,2022,34,2022-08-22,2022-08-28,6,9122.538742945157,0.6577116490341083
Tacuarembó,UY-TA,2022,34,2022-08-22,2022-08-28,2,15973.367767510354,0.1252084112198291
Treinta y Tres,UY-TT,2022,34,2022-08-22,2022-08-28,0,9285.005878360264,0.0
Artigas,UY-AR,2022,35,2022-08-29,2022-09-04,2,12010.600679730765,0.16651956495191986
Canelones,UY-CA,2022,35,2022-08-29,2022-09-04,0,4520.87871068126,0.0
Cerro Largo,UY-CL,2022,35,2022-08-29,2022-09-04,0,13655.557447815512,0.0
Colonia,UY-CO,2022,35,2022-08-29,2022-09-04,0,6112.026851866528,0.0
Durazno,UY-DU,2022,35,2022-08-29,2022-09-04,0,12228.10425056514,0.0
Flores,UY-FS,2022,35,2022-08-29,2022-09-04,0,5140.77049712524,0.0
Florida,UY-FD,2022,35,2022-08-29,2022-09-04,0,10405.572253242583,0.0
Lavalleja,UY-LA,2022,35,2022-08-29,2022-09-04,0,10031.272844140674,0.0
Maldonado,UY-MA,2022,35,2022-08-29,2022-09-04,1,4803.260185508939,0.20819192826924554
Montevideo,UY-MO,2022,35,2022-08-29,2022-09-04,0,527.7536386520376,0.0
Paysandú,UY-PA,2022,35,2022-08-29,2022-09-04,3,14088.526169172621,0.21293923608307294
Rivera,UY-RV,2022,35,2022-08-29,2022-09-04,2,9329.550532265199,0.21437259952483514
Rocha,UY-RO,2022,35,2022-08-29,2022-09-04,2,10558.553826772255,0.1894198801097933
Río Negro,UY-RN,2022,35,2022-08-29,2022-09-04,1,9810.67596839813,0.10192977560579633
Salto,UY-SA,2022,35,2022-08-29,2022-09-04,4,14170.87435119916,0.28226910357592117
San José,UY-SJ,2022,35,2022-08-29,2022-09-04,4,5002.920653176918,0.7995329682992173
Soriano,UY-SO,2022,35,2022-08-29,2022-09-04,2,9122.538742945157,0.21923721634470275
Tacuarembó,UY-TA,2022,35,2022-08-29,2022-09-04,2,15973.367767510354,0.1252084112198291
Treinta y Tres,UY-TT,2022,35,2022-08-29,2022-09-04,0,9285.005878360264,0.0
Artigas,UY-AR,2022,36,2022-09-05,2022-09-11,3,12010.600679730765,0.2497793474278798
Canelones,UY-CA,2022,36,2022-09-05,2022-09-11,0,4520.87871068126,0.0
Cerro Largo,UY-CL,2022,36,2022-09-05,2022-09-11,3,13655.557447815512,0.2196907750902481
Colonia,UY-CO,2022,36,2022-09-05,2022-09-11,8,6112.026851866528,1.3088947731891774
Durazno,UY-DU,2022,36,2022-09-05,2022-09-11,1,12228.10425056514,0.08177882519719143
Flores,UY-FS,2022,36,2022-09-05,2022-09-11,0,5140.77049712524,0.0
Florida,UY-FD,2022,36,2022-09-05,2022-09-11,1,10405.572253242583,0.09610235512884745
Lavalleja,UY-LA,2022,36,2022-09-05,2022-09-11,7,10031.272844140674,0.6978177255031739
Maldonado,UY-MA,2022,36,2022-09-05,2022-09-11,1,4803.260185508939,0.20819192826924554
Montevideo,UY-MO,2022,36,2022-09-05,2022-09-11,2,527.7536386520376,3.7896470123982504
Paysandú,UY-PA,2022,36,2022-09-05,2022-09-11,0,14088.526169172621,0.0
Rivera,UY-RV,2022,36,2022-09-05,2022-09-11,8,9329.550532265199,0.8574903980993406
Rocha,UY-RO,2022,36,2022-09-05,2022-09-11,2,10558.553826772255,0.1894198801097933
Río Negro,UY-RN,2022,36,2022-09-05,2022-09-11,0,9810.67596839813,0.0
Salto,UY-SA,2022,36,2022-09-05,2022-09-11,0,14170.87435119916,0.0
San José,UY-SJ,2022,36,2022-09-05,2022-09-11,11,5002.920653176918,2.1987156628228472
Soriano,UY-SO,2022,36,2022-09-05,2022-09-11,5,9122.538742945157,0.5480930408617568
Tacuarembó,UY-TA,2022,36,2022-09-05,2022-09-11,2,15973.367767510354,0.1252084112198291
Treinta y Tres,UY-TT,2022,36,2022-09-05,2022-09-11,4,9285.005878360264,0.4308020966709826
Artigas,UY-AR,2022,37,2022-09-12,2022-09-18,3,12010.600679730765,0.2497793474278798
Canelones,UY-CA,2022,37,2022-09-12,2022-09-18,0,4520.87871068126,0.0
Cerro Largo,UY-CL,2022,37,2022-09-12,2022-09-18,0,13655.557447815512,0.0
Colonia,UY-CO,2022,37,2022-09-12,2022-09-18,3,6112.026851866528,0.4908355399459415
Durazno,UY-DU,2022,37,2022-09-12,2022-09-18,1,12228.10425056514,0.08177882519719143
Flores,UY-FS,2022,37,2022-09-12,2022-09-18,1,5140.77049712524,0.1945233697087252
Florida,UY-FD,2022,37,2022-09-12,2022-09-18,3,10405.572253242583,0.2883070653865423
Lavalleja,UY-LA,2022,37,2022-09-12,2022-09-18,3,10031.272844140674,0.29906473950136025
Maldonado,UY-MA,2022,37,2022-09-12,2022-09-18,0,4803.260185508939,0.0
Montevideo,UY-MO,2022,37,2022-09-12,2022-09-18,0,527.7536386520376,0.0
Paysandú,UY-PA,2022,37,2022-09-12,2022-09-18,0,14088.526169172621,0.0
Rivera,UY-RV,2022,37,2022-09-12,2022-09-18,7,9329.550532265199,0.7503040983369229
Rocha,UY-RO,2022,37,2022-09-12,2022-09-18,10,10558.553826772255,0.9470994005489666
Río Negro,UY-RN,2022,37,2022-09-12,2022-09-18,1,9810.67596839813,0.10192977560579633
Salto,UY-SA,2022,37,2022-09-12,2022-09-18,0,14170.87435119916,0.0
San José,UY-SJ,2022,37,2022-09-12,2022-09-18,2,5002.920653176918,0.39976648414960864
Soriano,UY-SO,2022,37,2022-09-12,2022-09-18,1,9122.538742945157,0.10961860817235138
Tacuarembó,UY-TA,2022,37,2022-09-12,2022-09-18,2,15973.367767510354,0.1252084112198291
Treinta y Tres,UY-TT,2022,37,2022-09-12,2022-09-18,2,9285.005878360264,0.2154010483354913
Artigas,UY-AR,2022,38,2022-09-19,2022-09-25,2,12010.600679730765,0.16651956495191986
Canelones,UY-CA,2022,38,2022-09-19,2022-09-25,5,4520.87871068126,1.1059796822654728
Cerro Largo,UY-CL,2022,38,2022-09-19,2022-09-25,1,13655.557447815512,0.07323025836341603
Colonia,UY-CO,2022,38,2022-09-19,2022-09-25,2,6112.026851866528,0.32722369329729434
Durazno,UY-DU,2022,38,2022-09-19,2022-09-25,0,12228.10425056514,0.0
Flores,UY-FS,2022,38,2022-09-19,2022-09-25,0,5140.77049712524,0.0
Florida,UY-FD,2022,38,2022-09-19,2022-09-25,0,10405.572253242583,0.0
Lavalleja,UY-LA,2022,38,2022-09-19,2022-09-25,6,10031.272844140674,0.5981294790027205
Maldonado,UY-MA,2022,38,2022-09-19,2022-09-25,7,4803.260185508939,1.4573434978847188
Montevideo,UY-MO,2022,38,2022-09-19,2022-09-25,0,527.7536386520376,0.0
Paysandú,UY-PA,2022,38,2022-09-19,2022-09-25,0,14088.526169172621,0.0
Rivera,UY-RV,2022,38,2022-09-19,2022-09-25,0,9329.550532265199,0.0
Rocha,UY-RO,2022,38,2022-09-19,2022-09-25,16,10558.553826772255,1.5153590408783464
Río Negro,UY-RN,2022,38,2022-09-19,2022-09-25,1,9810.67596839813,0.10192977560579633
Salto,UY-SA,2022,38,2022-09-19,2022-09-25,1,14170.87435119916,0.07056727589398029
San José,UY-SJ,2022,38,2022-09-19,2022-09-25,7,5002.920653176918,1.3991826945236303
Soriano,UY-SO,2022,38,2022-09-19,2022-09-25,2,9122.538742945157,0.21923721634470275
Tacuarembó,UY-TA,2022,38,2022-09-19,2022-09-25,1,15973.367767510354,0.06260420560991455
Treinta y Tres,UY-TT,2022,38,2022-09-19,2022-09-25,3,9285.005878360264,0.32310157250323696
Artigas,UY-AR,2022,39,2022-09-26,2022-10-02,9,12010.600679730765,0.7493380422836394
Canelones,UY-CA,2022,39,2022-09-26,2022-10-02,1,4520.87871068126,0.22119593645309454
Cerro Largo,UY-CL,2022,39,2022-09-26,2022-10-02,1,13655.557447815512,0.07323025836341603
Colonia,UY-CO,2022,39,2022-09-26,2022-10-02,6,6112.026851866528,0.981671079891883
Durazno,UY-DU,2022,39,2022-09-26,2022-10-02,0,12228.10425056514,0.0
Flores,UY-FS,2022,39,2022-09-26,2022-10-02,0,5140.77049712524,0.0
Florida,UY-FD,2022,39,2022-09-26,2022-10-02,1,10405.572253242583,0.09610235512884745
Lavalleja,UY-LA,2022,39,2022-09-26,2022-10-02,6,10031.272844140674,0.5981294790027205
Maldonado,UY-MA,2022,39,2022-09-26,2022-10-02,3,4803.260185508939,0.6245757848077367
Montevideo,UY-MO,2022,39,2022-09-26,2022-10-02,0,527.7536386520376,0.0
Paysandú,UY-PA,2022,39,2022-09-26,2022-10-02,2,14088.526169172621,0.1419594907220486
Rivera,UY-RV,2022,39,2022-09-26,2022-10-02,4,9329.550532265199,0.4287451990496703
Rocha,UY-RO,2022,39,2022-09-26,2022-10-02,23,10558.553826772255,2.178328621262623
Río Negro,UY-RN,2022,39,2022-09-26,2022-10-02,0,9810.67596839813,0.0
Salto,UY-SA,2022,39,2022-09-26,2022-10-02,0,14170.87435119916,0.0
San José,UY-SJ,2022,39,2022-09-26,2022-10-02,4,5002.920653176918,0.7995329682992173
Soriano,UY-SO,2022,39,2022-09-26,2022-10-02,7,9122.538742945157,0.7673302572064596
Tacuarembó,UY-TA,2022,39,2022-09-26,2022-10-02,4,15973.367767510354,0.2504168224396582
Treinta y Tres,UY-TT,2022,39,2022-09-26,2022-10-02,13,9285.005878360264,1.4001068141806934
Artigas,UY-AR,2022,40,2022-10-03,2022-10-09,0,12010.600679730765,0.0
Canelones,UY-CA,2022,40,2022-10-03,2022-10-09,1,4520.87871068126,0.22119593645309454
Cerro Largo,UY-CL,2022,40,2022-10-03,2022-10-09,5,13655.557447815512,0.36615129181708017
Colonia,UY-CO,2022,40,2022-10-03,2022-10-09,8,6112.026851866528,1.3088947731891774
Durazno,UY-DU,2022,40,2022-10-03,2022-10-09,7,12228.10425056514,0.57245177638034
Flores,UY-FS,2022,40,2022-10-03,2022-10-09,0,5140.77049712524,0.0
Florida,UY-FD,2022,40,2022-10-03,2022-10-09,0,10405.572253242583,0.0
Lavalleja,UY-LA,2022,40,2022-10-03,2022-10-09,6,10031.272844140674,0.5981294790027205
Maldonado,UY-MA,2022,40,2022-10-03,2022-10-09,4,4803.260185508939,0.8327677130769822
Montevideo,UY-MO,2022,40,2022-10-03,2022-10-09,0,527.7536386520376,0.0
Paysandú,UY-PA,2022,40,2022-10-03,2022-10-09,1,14088.526169172621,0.0709797453610243
Rivera,UY-RV,2022,40,2022-10-03,2022-10-09,1,9329.550532265199,0.10718629976241757
Rocha,UY-RO,2022,40,2022-10-03,2022-10-09,13,10558.553826772255,1.2312292207136564
Río Negro,UY-RN,2022,40,2022-10-03,2022-10-09,2,9810.67596839813,0.20385955121159266
Salto,UY-SA,2022,40,2022-10-03,2022-10-09,4,14170.87435119916,0.28226910357592117
San José,UY-SJ,2022,40,2022-10-03,2022-10-09,15,5002.920653176918,2.998248631122065
Soriano,UY-SO,2022,40,2022-10-03,2022-10-09,3,9122.538742945157,0.32885582451705414
Tacuarembó,UY-TA,2022,40,2022-10-03,2022-10-09,6,15973.367767510354,0.3756252336594873
Treinta y Tres,UY-TT,2022,40,2022-10-03,2022-10-09,5,9285.005878360264,0.5385026208387282
Artigas,UY-AR,2022,41,2022-10-10,2022-10-16,0,12010.600679730765,0.0
Canelones,UY-CA,2022,41,2022-10-10,2022-10-16,0,4520.87871068126,0.0
Cerro Largo,UY-CL,2022,41,2022-10-10,2022-10-16,3,13655.557447815512,0.2196907750902481
Colonia,UY-CO,2022,41,2022-10-10,2022-10-16,4,6112.026851866528,0.6544473865945887
Durazno,UY-DU,2022,41,2022-10-10,2022-10-16,4,12228.10425056514,0.3271153007887657
Flores,UY-FS,2022,41,2022-10-10,2022-10-16,0,5140.77049712524,0.0
Florida,UY-FD,2022,41,2022-10-10,2022-10-16,3,10405.572253242583,0.2883070653865423
Lavalleja,UY-LA,2022,41,2022-10-10,2022-10-16,1,10031.272844140674,0.09968824650045341
Maldonado,UY-MA,2022,41,2022-10-10,2022-10-16,1,4803.260185508939,0.20819192826924554
Montevideo,UY-MO,2022,41,2022-10-10,2022-10-16,3,527.7536386520376,5.684470518597376
Paysandú,UY-PA,2022,41,2022-10-10,2022-10-16,0,14088.526169172621,0.0
Rivera,UY-RV,2022,41,2022-10-10,2022-10-16,1,9329.550532265199,0.10718629976241757
Rocha,UY-RO,2022,41,2022-10-10,2022-10-16,0,10558.553826772255,0.0
Río Negro,UY-RN,2022,41,2022-10-10,2022-10-16,0,9810.67596839813,0.0
Salto,UY-SA,2022,41,2022-10-10,2022-10-16,0,14170.87435119916,0.0
San José,UY-SJ,2022,41,2022-10-10,2022-10-16,5,5002.920653176918,0.9994162103740215
Soriano,UY-SO,2022,41,2022-10-10,2022-10-16,0,9122.538742945157,0.0
Tacuarembó,UY-TA,2022,41,2022-10-10,2022-10-16,2,15973.367767510354,0.1252084112198291
Treinta y Tres,UY-TT,2022,41,2022-10-10,2022-10-16,0,9285.005878360264,0.0
Artigas,UY-AR,2022,42,2022-10-17,2022-10-23,0,12010.600679730765,0.0
Canelones,UY-CA,2022,42,2022-10-17,2022-10-23,0,4520.87871068126,0.0
Cerro Largo,UY-CL,2022,42,2022-10-17,2022-10-23,0,13655.557447815512,0.0
Colonia,UY-CO,2022,42,2022-10-17,2022-10-23,0,6112.026851866528,0.0
Durazno,UY-DU,2022,42,2022-10-17,2022-10-23,0,12228.10425056514,0.0
Flores,UY-FS,2022,42,2022-10-17,2022-10-23,0,5140.77049712524,0.0
Florida,UY-FD,2022,42,2022-10-17,2022-10-23,0,10405.572253242583,0.0
Lavalleja,UY-LA,2022,42,2022-10-17,2022-10-23,0,10031.272844140674,0.0
Maldonado,UY-MA,2022,42,2022-10-17,2022-10-23,0,4803.260185508939,0.0
Montevideo,UY-MO,2022,42,2022-10-17,2022-10-23,0,527.7536386520376,0.0
Paysandú,UY-PA,2022,42,2022-10-17,2022-10-23,0,14088.526169172621,0.0
Rivera,UY-RV,2022,42,2022-10-17,2022-10-23,0,9329.550532265199,0.0
Rocha,UY-RO,2022,42,2022-10-17,2022-10-23,0,10558.553826772255,0.0
Río Negro,UY-RN,2022,42,2022-10-17,2022-10-23,0,9810.67596839813,0.0
Salto,UY-SA,2022,42,2022-10-17,2022-10-23,0,14170.87435119916,0.0
San José,UY-SJ,2022,42,2022-10-17,2022-10-23,0,5002.920653176918,0.0
Soriano,UY-SO,2022,42,2022-10-17,2022-10-23,0,9122.538742945157,0.0
Tacuarembó,UY-TA,2022,42,2022-10-17,2022-10-23,0,15973.367767510354,0.0
Treinta y Tres,UY-TT,2022,42,2022-10-17,2022-10-23,0,9285.005878360264,0.0
Artigas,UY-AR,2022,43,2022-10-24,2022-10-30,1,12010.600679730765,0.08325978247595993
Canelones,UY-CA,2022,43,2022-10-24,2022-10-30,1,4520.87871068126,0.22119593645309454
Cerro Largo,UY-CL,2022,43,2022-10-24,2022-10-30,2,13655.557447815512,0.14646051672683205
Colonia,UY-CO,2022,43,2022-10-24,2022-10-30,3,6112.026851866528,0.4908355399459415
Durazno,UY-DU,2022,43,2022-10-24,2022-10-30,0,12228.10425056514,0.0
Flores,UY-FS,2022,43,2022-10-24,2022-10-30,0,5140.77049712524,0.0
Florida,UY-FD,2022,43,2022-10-24,2022-10-30,1,10405.572253242583,0.09610235512884745
Lavalleja,UY-LA,2022,43,2022-10-24,2022-10-30,11,10031.272844140674,1.0965707115049876
Maldonado,UY-MA,2022,43,2022-10-24,2022-10-30,4,4803.260185508939,0.8327677130769822
Montevideo,UY-MO,2022,43,2022-10-24,2022-10-30,0,527.7536386520376,0.0
Paysandú,UY-PA,2022,43,2022-10-24,2022-10-30,0,14088.526169172621,0.0
Rivera,UY-RV,2022,43,2022-10-24,2022-10-30,0,9329.550532265199,0.0
Rocha,UY-RO,2022,43,2022-10-24,2022-10-30,27,10558.553826772255,2.5571683814822097
Río Negro,UY-RN,2022,43,2022-10-24,2022-10-30,3,9810.67596839813,0.30578932681738896
Salto,UY-SA,2022,43,2022-10-24,2022-10-30,0,14170.87435119916,0.0
San José,UY-SJ,2022,43,2022-10-24,2022-10-30,1,5002.920653176918,0.19988324207480432
Soriano,UY-SO,2022,43,2022-10-24,2022-10-30,0,9122.538742945157,0.0
Tacuarembó,UY-TA,2022,43,2022-10-24,2022-10-30,0,15973.367767510354,0.0
Treinta y Tres,UY-TT,2022,43,2022-10-24,2022-10-30,2,9285.005878360264,0.2154010483354913
Artigas,UY-AR,2022,44,2022-10-31,2022-11-06,0,12010.600679730765,0.0
Canelones,UY-CA,2022,44,2022-10-31,2022-11-06,1,4520.87871068126,0.22119593645309454
Cerro Largo,UY-CL,2022,44,2022-10-31,2022-11-06,0,13655.557447815512,0.0
Colonia,UY-CO,2022,44,2022-10-31,2022-11-06,2,6112.026851866528,0.32722369329729434
Durazno,UY-DU,2022,44,2022-10-31,2022-11-06,0,12228.10425056514,0.0
Flores,UY-FS,2022,44,2022-10-31,2022-11-06,1,5140.77049712524,0.1945233697087252
Florida,UY-FD,2022,44,2022-10-31,2022-11-06,1,10405.572253242583,0.09610235512884745
Lavalleja,UY-LA,2022,44,2022-10-31,2022-11-06,2,10031.272844140674,0.19937649300090682
Maldonado,UY-MA,2022,44,2022-10-31,2022-11-06,0,4803.260185508939,0.0
Montevideo,UY-MO,2022,44,2022-10-31,2022-11-06,0,527.7536386520376,0.0
Paysandú,UY-PA,2022,44,2022-10-31,2022-11-06,0,14088.526169172621,0.0
Rivera,UY-RV,2022,44,2022-10-31,2022-11-06,0,9329.550532265199,0.0
Rocha,UY-RO,2022,44,2022-10-31,2022-11-06,0,10558.553826772255,0.0
Río Negro,UY-RN,2022,44,2022-10-31,2022-11-06,2,9810.67596839813,0.20385955121159266
Salto,UY-SA,2022,44,2022-10-31,2022-11-06,0,14170.87435119916,0.0
San José,UY-SJ,2022,44,2022-10-31,2022-11-06,2,5002.920653176918,0.39976648414960864
Soriano,UY-SO,2022,44,2022-10-31,2022-11-06,2,9122.538742945157,0.21923721634470275
Tacuarembó,UY-TA,2022,44,2022-10-31,2022-11-06,0,15973.367767510354,0.0
Treinta y Tres,UY-TT,2022,44,2022-10-31,2022-11-06,2,9285.005878360264,0.2154010483354913
Artigas,UY-AR,2022,45,2022-11-07,2022-11-13,0,12010.600679730765,0.0
Canelones,UY-CA,2022,45,2022-11-07,2022-11-13,0,4520.87871068126,0.0
Cerro Largo,UY-CL,2022,45,2022-11-07,2022-11-13,1,13655.557447815512,0.07323025836341603
Colonia,UY-CO,2022,45,2022-11-07,2022-11-13,2,6112.026851866528,0.32722369329729434
Durazno,UY-DU,2022,45,2022-11-07,2022-11-13,1,12228.10425056514,0.08177882519719143
Flores,UY-FS,2022,45,2022-11-07,2022-11-13,0,5140.77049712524,0.0
Florida,UY-FD,2022,45,2022-11-07,2022-11-13,0,10405.572253242583,0.0
Lavalleja,UY-LA,2022,45,2022-11-07,2022-11-13,2,10031.272844140674,0.19937649300090682
Maldonado,UY-MA,2022,45,2022-11-07,2022-11-13,1,4803.260185508939,0.20819192826924554
Montevideo,UY-MO,2022,45,2022-11-07,2022-11-13,0,527.7536386520376,0.0
Paysandú,UY-PA,2022,45,2022-11-07,2022-11-13,0,14088.526169172621,0.0
Rivera,UY-RV,2022,45,2022-11-07,2022-11-13,0,9329.550532265199,0.0
Rocha,UY-RO,2022,45,2022-11-07,2022-11-13,0,10558.553826772255,0.0
Río Negro,UY-RN,2022,45,2022-11-07,2022-11-13,0,9810.67596839813,0.0
Salto,UY-SA,2022,45,2022-11-07,2022-11-13,0,14170.87435119916,0.0
San José,UY-SJ,2022,45,2022-11-07,2022-11-13,1,5002.920653176918,0.19988324207480432
Soriano,UY-SO,2022,45,2022-11-07,2022-11-13,1,9122.538742945157,0.10961860817235138
Tacuarembó,UY-TA,2022,45,2022-11-07,2022-11-13,0,15973.367767510354,0.0
Treinta y Tres,UY-TT,2022,45,2022-11-07,2022-11-13,1,9285.005878360264,0.10770052416774566
Artigas,UY-AR,2022,46,2022-11-14,2022-11-20,1,12010.600679730765,0.08325978247595993
Canelones,UY-CA,2022,46,2022-11-14,2022-11-20,0,4520.87871068126,0.0
Cerro Largo,UY-CL,2022,46,2022-11-14,2022-11-20,3,13655.557447815512,0.2196907750902481
Colonia,UY-CO,2022,46,2022-11-14,2022-11-20,0,6112.026851866528,0.0
Durazno,UY-DU,2022,46,2022-11-14,2022-11-20,0,12228.10425056514,0.0
Flores,UY-FS,2022,46,2022-11-14,2022-11-20,0,5140.77049712524,0.0
Florida,UY-FD,2022,46,2022-11-14,2022-11-20,0,10405.572253242583,0.0
Lavalleja,UY-LA,2022,46,2022-11-14,2022-11-20,3,10031.272844140674,0.29906473950136025
Maldonado,UY-MA,2022,46,2022-11-14,2022-11-20,2,4803.260185508939,0.4163838565384911
Montevideo,UY-MO,2022,46,2022-11-14,2022-11-20,0,527.7536386520376,0.0
Paysandú,UY-PA,2022,46,2022-11-14,2022-11-20,1,14088.526169172621,0.0709797453610243
Rivera,UY-RV,2022,46,2022-11-14,2022-11-20,0,9329.550532265199,0.0
Rocha,UY-RO,2022,46,2022-11-14,2022-11-20,1,10558.553826772255,0.09470994005489665
Río Negro,UY-RN,2022,46,2022-11-14,2022-11-20,0,9810.67596839813,0.0
Salto,UY-SA,2022,46,2022-11-14,2022-11-20,0,14170.87435119916,0.0
San José,UY-SJ,2022,46,2022-11-14,2022-11-20,0,5002.920653176918,0.0
Soriano,UY-SO,2022,46,2022-11-14,2022-11-20,0,9122.538742945157,0.0
Tacuarembó,UY-TA,2022,46,2022-11-14,2022-11-20,0,15973.367767510354,0.0
Treinta y Tres,UY-TT,2022,46,2022-11-14,2022-11-20,3,9285.005878360264,0.32310157250323696
Artigas,UY-AR,2022,47,2022-11-21,2022-11-27,0,12010.600679730765,0.0
Canelones,UY-CA,2022,47,2022-11-21,2022-11-27,0,4520.87871068126,0.0
Cerro Largo,UY-CL,2022,47,2022-11-21,2022-11-27,1,13655.557447815512,0.07323025836341603
Colonia,UY-CO,2022,47,2022-11-21,2022-11-27,0,6112.026851866528,0.0
Durazno,UY-DU,2022,47,2022-11-21,2022-11-27,2,12228.10425056514,0.16355765039438286
Flores,UY-FS,2022,47,2022-11-21,2022-11-27,0,5140.77049712524,0.0
Florida,UY-FD,2022,47,2022-11-21,2022-11-27,0,10405.572253242583,0.0
Lavalleja,UY-LA,2022,47,2022-11-21,2022-11-27,1,10031.272844140674,0.09968824650045341
Maldonado,UY-MA,2022,47,2022-11-21,2022-11-27,2,4803.260185508939,0.4163838565384911
Montevideo,UY-MO,2022,47,2022-11-21,2022-11-27,0,527.7536386520376,0.0
Paysandú,UY-PA,2022,47,2022-11-21,2022-11-27,0,14088.526169172621,0.0
Rivera,UY-RV,2022,47,2022-11-21,2022-11-27,1,9329.550532265199,0.10718629976241757
Rocha,UY-RO,2022,47,2022-11-21,2022-11-27,1,10558.553826772255,0.09470994005489665
Río Negro,UY-RN,2022,47,2022-11-21,2022-11-27,1,9810.67596839813,0.10192977560579633
Salto,UY-SA,2022,47,2022-11-21,2022-11-27,0,14170.87435119916,0.0
San José,UY-SJ,2022,47,2022-11-21,2022-11-27,0,5002.920653176918,0.0
Soriano,UY-SO,2022,47,2022-11-21,2022-11-27,2,9122.538742945157,0.21923721634470275
Tacuarembó,UY-TA,2022,47,2022-11-21,2022-11-27,1,15973.367767510354,0.06260420560991455
Treinta y Tres,UY-TT,2022,47,2022-11-21,2022-11-27,0,9285.005878360264,0.0
Artigas,UY-AR,2022,48,2022-11-28,2022-12-04,0,12010.600679730765,0.0
Canelones,UY-CA,2022,48,2022-11-28,2022-12-04,4,4520.87871068126,0.8847837458123782
Cerro Largo,UY-CL,2022,48,2022-11-28,2022-12-04,1,13655.557447815512,0.07323025836341603
Colonia,UY-CO,2022,48,2022-11-28,2022-12-04,0,6112.026851866528,0.0
Durazno,UY-DU,2022,48,2022-11-28,2022-12-04,1,12228.10425056514,0.08177882519719143
Flores,UY-FS,2022,48,2022-11-28,2022-12-04,0,5140.77049712524,0.0
Florida,UY-FD,2022,48,2022-11-28,2022-12-04,2,10405.572253242583,0.1922047102576949
Lavalleja,UY-LA,2022,48,2022-11-28,2022-12-04,8,10031.272844140674,0.7975059720036273
Maldonado,UY-MA,2022,48,2022-11-28,2022-12-04,3,4803.260185508939,0.6245757848077367
Montevideo,UY-MO,2022,48,2022-11-28,2022-12-04,0,527.7536386520376,0.0
Paysandú,UY-PA,2022,48,2022-11-28,2022-12-04,0,14088.526169172621,0.0
Rivera,UY-RV,2022,48,2022-11-28,2022-12-04,0,9329.550532265199,0.0
Rocha,UY-RO,2022,48,2022-11-28,2022-12-04,1,10558.553826772255,0.09470994005489665
Río Negro,UY-RN,2022,48,2022-11-28,2022-12-04,0,9810.67596839813,0.0
Salto,UY-SA,2022,48,2022-11-28,2022-12-04,0,14170.87435119916,0.0
San José,UY-SJ,2022,48,2022-11-28,2022-12-04,0,5002.920653176918,0.0
Soriano,UY-SO,2022,48,2022-11-28,2022-12-04,0,9122.538742945157,0.0
Tacuarembó,UY-TA,2022,48,2022-11-28,2022-12-04,0,15973.367767510354,0.0
Treinta y Tres,UY-TT,2022,48,2022-11-28,2022-12-04,3,9285.005878360264,0.32310157250323696
Artigas,UY-AR,2022,49,2022-12-05,2022-12-11,0,12010.600679730765,0.0
Canelones,UY-CA,2022,49,2022-12-05,2022-12-11,4,4520.87871068126,0.8847837458123782
Cerro Largo,UY-CL,2022,49,2022-12-05,2022-12-11,0,13655.557447815512,0.0
Colonia,UY-CO,2022,49,2022-12-05,2022-12-11,0,6112.026851866528,0.0
Durazno,UY-DU,2022,49,2022-12-05,2022-12-11,0,12228.10425056514,0.0
Flores,UY-FS,2022,49,2022-12-05,2022-12-11,0,5140.77049712524,0.0
Florida,UY-FD,2022,49,2022-12-05,2022-12-11,1,10405.572253242583,0.09610235512884745
Lavalleja,UY-LA,2022,49,2022-12-05,2022-12-11,2,10031.272844140674,0.19937649300090682
Maldonado,UY-MA,2022,49,2022-12-05,2022-12-11,2,4803.260185508939,0.4163838565384911
Montevideo,UY-MO,2022,49,2022-12-05,2022-12-11,1,527.7536386520376,1.8948235061991252
Paysandú,UY-PA,2022,49,2022-12-05,2022-12-11,0,14088.526169172621,0.0
Rivera,UY-RV,2022,49,2022-12-05,2022-12-11,1,9329.550532265199,0.10718629976241757
Rocha,UY-RO,2022,49,2022-12-05,2022-12-11,1,10558.553826772255,0.09470994005489665
Río Negro,UY-RN,2022,49,2022-12-05,2022-12-11,1,9810.67596839813,0.10192977560579633
Salto,UY-SA,2022,49,2022-12-05,2022-12-11,0,14170.87435119916,0.0
San José,UY-SJ,2022,49,2022-12-05,2022-12-11,0,5002.920653176918,0.0
Soriano,UY-SO,2022,49,2022-12-05,2022-12-11,1,9122.538742945157,0.10961860817235138
Tacuarembó,UY-TA,2022,49,2022-12-05,2022-12-11,1,15973.367767510354,0.06260420560991455
Treinta y Tres,UY-TT,2022,49,2022-12-05,2022-12-11,3,9285.005878360264,0.32310157250323696
Artigas,UY-AR,2022,50,2022-12-12,2022-12-18,0,12010.600679730765,0.0
Canelones,UY-CA,2022,50,2022-12-12,2022-12-18,2,4520.87871068126,0.4423918729061891
Cerro Largo,UY-CL,2022,50,2022-12-12,2022-12-18,1,13655.557447815512,0.07323025836341603
Colonia,UY-CO,2022,50,2022-12-12,2022-12-18,2,6112.026851866528,0.32722369329729434
Durazno,UY-DU,2022,50,2022-12-12,2022-12-18,1,12228.10425056514,0.08177882519719143
Flores,UY-FS,2022,50,2022-12-12,2022-12-18,0,5140.77049712524,0.0
Florida,UY-FD,2022,50,2022-12-12,2022-12-18,1,10405.572253242583,0.09610235512884745
Lavalleja,UY-LA,2022,50,2022-12-12,2022-12-18,4,10031.272844140674,0.39875298600181364
Maldonado,UY-MA,2022,50,2022-12-12,2022-12-18,3,4803.260185508939,0.6245757848077367
Montevideo,UY-MO,2022,50,2022-12-12,2022-12-18,0,527.7536386520376,0.0
Paysandú,UY-PA,2022,50,2022-12-12,2022-12-18,1,14088.526169172621,0.0709797453610243
Rivera,UY-RV,2022,50,2022-12-12,2022-12-18,2,9329.550532265199,0.21437259952483514
Rocha,UY-RO,2022,50,2022-12-12,2022-12-18,1,10558.553826772255,0.09470994005489665
Río Negro,UY-RN,2022,50,2022-12-12,2022-12-18,0,9810.67596839813,0.0
Salto,UY-SA,2022,50,2022-12-12,2022-12-18,2,14170.87435119916,0.14113455178796058
San José,UY-SJ,2022,50,2022-12-12,2022-12-18,0,5002.920653176918,0.0
Soriano,UY-SO,2022,50,2022-12-12,2022-12-18,2,9122.538742945157,0.21923721634470275
Tacuarembó,UY-TA,2022,50,2022-12-12,2022-12-18,0,15973.367767510354,0.0
Treinta y Tres,UY-TT,2022,50,2022-12-12,2022-12-18,0,9285.005878360264,0.0
Artigas,UY-AR,2022,51,2022-12-19,2022-12-25,0,12010.600679730765,0.0
Canelones,UY-CA,2022,51,2022-12-19,2022-12-25,1,4520.87871068126,0.22119593645309454
Cerro Largo,UY-CL,2022,51,2022-12-19,2022-12-25,1,13655.557447815512,0.07323025836341603
Colonia,UY-CO,2022,51,2022-12-19,2022-12-25,0,6112.026851866528,0.0
Durazno,UY-DU,2022,51,2022-12-19,2022-12-25,0,12228.10425056514,0.0
Flores,UY-FS,2022,51,2022-12-19,2022-12-25,0,5140.77049712524,0.0
Florida,UY-FD,2022,51,2022-12-19,2022-12-25,1,10405.572253242583,0.09610235512884745
Lavalleja,UY-LA,2022,51,2022-12-19,2022-12-25,3,10031.272844140674,0.29906473950136025
Maldonado,UY-MA,2022,51,2022-12-19,2022-12-25,2,4803.260185508939,0.4163838565384911
Montevideo,UY-MO,2022,51,2022-12-19,2022-12-25,0,527.7536386520376,0.0
Paysandú,UY-PA,2022,51,2022-12-19,2022-12-25,0,14088.526169172621,0.0
Rivera,UY-RV,2022,51,2022-12-19,2022-12-25,0,9329.550532265199,0.0
Rocha,UY-RO,2022,51,2022-12-19,2022-12-25,0,10558.553826772255,0.0
Río Negro,UY-RN,2022,51,2022-12-19,2022-12-25,0,9810.67596839813,0.0
Salto,UY-SA,2022,51,2022-12-19,2022-12-25,0,14170.87435119916,0.0
San José,UY-SJ,2022,51,2022-12-19,2022-12-25,0,5002.920653176918,0.0
Soriano,UY-SO,2022,51,2022-12-19,2022-12-25,0,9122.538742945157,0.0
Tacuarembó,UY-TA,2022,51,2022-12-19,2022-12-25,0,15973.367767510354,0.0
Treinta y Tres,UY-TT,2022,51,2022-12-19,2022-12-25,0,9285.005878360264,0.0
Artigas,UY-AR,2022,52,2022-12-26,2023-01-01,0,12010.600679730765,0.0
Canelones,UY-CA,2022,52,2022-12-26,2023-01-01,4,4520.87871068126,0.8847837458123782
Cerro Largo,UY-CL,2022,52,2022-12-26,2023-01-01,0,13655.557447815512,0.0
Colonia,UY-CO,2022,52,2022-12-26,2023-01-01,5,6112.026851866528,0.8180592332432358
Durazno,UY-DU,2022,52,2022-12-26,2023-01-01,0,12228.10425056514,0.0
Flores,UY-FS,2022,52,2022-12-26,2023-01-01,0,5140.77049712524,0.0
Florida,UY-FD,2022,52,2022-12-26,2023-01-01,0,10405.572253242583,0.0
Lavalleja,UY-LA,2022,52,2022-12-26,2023-01-01,3,10031.272844140674,0.29906473950136025
Maldonado,UY-MA,2022,52,2022-12-26,2023-01-01,2,4803.260185508939,0.4163838565384911
Montevideo,UY-MO,2022,52,2022-12-26,2023-01-01,0,527.7536386520376,0.0
Paysandú,UY-PA,2022,52,2022-12-26,2023-01-01,0,14088.526169172621,0.0
Rivera,UY-RV,2022,52,2022-12-26,2023-01-01,0,9329.550532265199,0.0
Rocha,UY-RO,2022,52,2022-12-26,2023-01-01,0,10558.553826772255,0.0
Río Negro,UY-RN,2022,52,2022-12-26,2023-01-01,0,9810.67596839813,0.0
Salto,UY-SA,2022,52,2022-12-26,2023-01-01,0,14170.87435119916,0.0
San José,UY-SJ,2022,52,2022-12-26,2023-01-01,0,5002.920653176918,0.0
Soriano,UY-SO,2022,52,2022-12-26,2023-01-01,0,9122.538742945157,0.0
Tacuarembó,UY-TA,2022,52,2022-12-26,2023-01-01,0,15973.367767510354,0.0
Treinta y Tres,UY-TT,2022,52,2022-12-26,2023-01-01,2,9285.005878360264,0.2154010483354913
Artigas,UY-AR,2023,1,2023-01-02,2023-01-08,0,12010.600679730765,0.0
Canelones,UY-CA,2023,1,2023-01-02,2023-01-08,12,4520.87871068126,2.6543512374371345
Cerro Largo,UY-CL,2023,1,2023-01-02,2023-01-08,0,13655.557447815512,0.0
Colonia,UY-CO,2023,1,2023-01-02,2023-01-08,0,6112.026851866528,0.0
Durazno,UY-DU,2023,1,2023-01-02,2023-01-08,0,12228.10425056514,0.0
Flores,UY-FS,2023,1,2023-01-02,2023-01-08,0,5140.77049712524,0.0
Florida,UY-FD,2023,1,2023-01-02,2023-01-08,2,10405.572253242583,0.1922047102576949
Lavalleja,UY-LA,2023,1,2023-01-02,2023-01-08,2,10031.272844140674,0.19937649300090682
Maldonado,UY-MA,2023,1,2023-01-02,2023-01-08,2,4803.260185508939,0.4163838565384911
Montevideo,UY-MO,2023,1,2023-01-02,2023-01-08,2,527.7536386520376,3.7896470123982504
Paysandú,UY-PA,2023,1,2023-01-02,2023-01-08,3,14088.526169172621,0.21293923608307294
Rivera,UY-RV,2023,1,2023-01-02,2023-01-08,0,9329.550532265199,0.0
Rocha,UY-RO,2023,1,2023-01-02,2023-01-08,0,10558.553826772255,0.0
Río Negro,UY-RN,2023,1,2023-01-02,2023-01-08,1,9810.67596839813,0.10192977560579633
Salto,UY-SA,2023,1,2023-01-02,2023-01-08,1,14170.87435119916,0.07056727589398029
San José,UY-SJ,2023,1,2023-01-02,2023-01-08,3,5002.920653176918,0.5996497262244129
Soriano,UY-SO,2023,1,2023-01-02,2023-01-08,0,9122.538742945157,0.0
Tacuarembó,UY-TA,2023,1,2023-01-02,2023-01-08,2,15973.367767510354,0.1252084112198291
Treinta y Tres,UY-TT,2023,1,2023-01-02,2023-01-08,0,9285.005878360264,0.0
Artigas,UY-AR,2023,2,2023-01-09,2023-01-15,0,12010.600679730765,0.0
Canelones,UY-CA,2023,2,2023-01-09,2023-01-15,5,4520.87871068126,1.1059796822654728
Cerro Largo,UY-CL,2023,2,2023-01-09,2023-01-15,1,13655.557447815512,0.07323025836341603
Colonia,UY-CO,2023,2,2023-01-09,2023-01-15,2,6112.026851866528,0.32722369329729434
Durazno,UY-DU,2023,2,2023-01-09,2023-01-15,7,12228.10425056514,0.57245177638034
Flores,UY-FS,2023,2,2023-01-09,2023-01-15,4,5140.77049712524,0.7780934788349008
Florida,UY-FD,2023,2,2023-01-09,2023-01-15,0,10405.572253242583,0.0
Lavalleja,UY-LA,2023,2,2023-01-09,2023-01-15,1,10031.272844140674,0.09968824650045341
Maldonado,UY-MA,2023,2,2023-01-09,2023-01-15,0,4803.260185508939,0.0
Montevideo,UY-MO,2023,2,2023-01-09,2023-01-15,0,527.7536386520376,0.0
Paysandú,UY-PA,2023,2,2023-01-09,2023-01-15,0,14088.526169172621,0.0
Rivera,UY-RV,2023,2,2023-01-09,2023-01-15,0,9329.550532265199,0.0
Rocha,UY-RO,2023,2,2023-01-09,2023-01-15,0,10558.553826772255,0.0
Río Negro,UY-RN,2023,2,2023-01-09,2023-01-15,0,9810.67596839813,0.0
Salto,UY-SA,2023,2,2023-01-09,2023-01-15,1,14170.87435119916,0.07056727589398029
San José,UY-SJ,2023,2,2023-01-09,2023-01-15,6,5002.920653176918,1.1992994524488259
Soriano,UY-SO,2023,2,2023-01-09,2023-01-15,0,9122.538742945157,0.0
Tacuarembó,UY-TA,2023,2,2023-01-09,2023-01-15,0,15973.367767510354,0.0
Treinta y Tres,UY-TT,2023,2,2023-01-09,2023-01-15,4,9285.005878360264,0.4308020966709826
Artigas,UY-AR,2023,3,2023-01-16,2023-01-22,3,12010.600679730765,0.2497793474278798
Canelones,UY-CA,2023,3,2023-01-16,2023-01-22,4,4520.87871068126,0.8847837458123782
Cerro Largo,UY-CL,2023,3,2023-01-16,2023-01-22,0,13655.557447815512,0.0
Colonia,UY-CO,2023,3,2023-01-16,2023-01-22,2,6112.026851866528,0.32722369329729434
Durazno,UY-DU,2023,3,2023-01-16,2023-01-22,2,12228.10425056514,0.16355765039438286
Flores,UY-FS,2023,3,2023-01-16,2023-01-22,0,5140.77049712524,0.0
Florida,UY-FD,2023,3,2023-01-16,2023-01-22,3,10405.572253242583,0.2883070653865423
Lavalleja,UY-LA,2023,3,2023-01-16,2023-01-22,1,10031.272844140674,0.09968824650045341
Maldonado,UY-MA,2023,3,2023-01-16,2023-01-22,0,4803.260185508939,0.0
Montevideo,UY-MO,2023,3,2023-01-16,2023-01-22,0,527.7536386520376,0.0
Paysandú,UY-PA,2023,3,2023-01-16,2023-01-22,2,14088.526169172621,0.1419594907220486
Rivera,UY-RV,2023,3,2023-01-16,2023-01-22,0,9329.550532265199,0.0
Rocha,UY-RO,2023,3,2023-01-16,2023-01-22,0,10558.553826772255,0.0
Río Negro,UY-RN,2023,3,2023-01-16,2023-01-22,0,9810.67596839813,0.0
Salto,UY-SA,2023,3,2023-01-16,2023-01-22,0,14170.87435119916,0.0
San José,UY-SJ,2023,3,2023-01-16,2023-01-22,1,5002.920653176918,0.19988324207480432
Soriano,UY-SO,2023,3,2023-01-16,2023-01-22,0,9122.538742945157,0.0
Tacuarembó,UY-TA,2023,3,2023-01-16,2023-01-22,0,15973.367767510354,0.0
Treinta y Tres,UY-TT,2023,3,2023-01-16,2023-01-22,6,9285.005878360264,0.6462031450064739
Artigas,UY-AR,2023,4,2023-01-23,2023-01-29,6,12010.600679730765,0.4995586948557596
Canelones,UY-CA,2023,4,2023-01-23,2023-01-29,21,4520.87871068126,4.645114665514986
Cerro Largo,UY-CL,2023,4,2023-01-23,2023-01-29,6,13655.557447815512,0.4393815501804962
Colonia,UY-CO,2023,4,2023-01-23,2023-01-29,1,6112.026851866528,0.16361184664864717
Durazno,UY-DU,2023,4,2023-01-23,2023-01-29,0,12228.10425056514,0.0
Flores,UY-FS,2023,4,2023-01-23,2023-01-29,0,5140.77049712524,0.0
Florida,UY-FD,2023,4,2023-01-23,2023-01-29,0,10405.572253242583,0.0
Lavalleja,UY-LA,2023,4,2023-01-23,2023-01-29,1,10031.272844140674,0.09968824650045341
Maldonado,UY-MA,2023,4,2023-01-23,2023-01-29,8,4803.260185508939,1.6655354261539643
Montevideo,UY-MO,2023,4,2023-01-23,2023-01-29,5,527.7536386520376,9.474117530995626
Paysandú,UY-PA,2023,4,2023-01-23,2023-01-29,0,14088.526169172621,0.0
Rivera,UY-RV,2023,4,2023-01-23,2023-01-29,0,9329.550532265199,0.0
Rocha,UY-RO,2023,4,2023-01-23,2023-01-29,1,10558.553826772255,0.09470994005489665
Río Negro,UY-RN,2023,4,2023-01-23,2023-01-29,0,9810.67596839813,0.0
Salto,UY-SA,2023,4,2023-01-23,2023-01-29,0,14170.87435119916,0.0
San José,UY-SJ,2023,4,2023-01-23,2023-01-29,1,5002.920653176918,0.19988324207480432
Soriano,UY-SO,2023,4,2023-01-23,2023-01-29,0,9122.538742945157,0.0
Tacuarembó,UY-TA,2023,4,2023-01-23,2023-01-29,1,15973.367767510354,0.06260420560991455
Treinta y Tres,UY-TT,2023,4,2023-01-23,2023-01-29,1,9285.005878360264,0.10770052416774566
Artigas,UY-AR,2023,5,2023-01-30,2023-02-05,0,12010.600679730765,0.0
Canelones,UY-CA,2023,5,2023-01-30,2023-02-05,3,4520.87871068126,0.6635878093592836
Cerro Largo,UY-CL,2023,5,2023-01-30,2023-02-05,0,13655.557447815512,0.0
Colonia,UY-CO,2023,5,2023-01-30,2023-02-05,0,6112.026851866528,0.0
Durazno,UY-DU,2023,5,2023-01-30,2023-02-05,0,12228.10425056514,0.0
Flores,UY-FS,2023,5,2023-01-30,2023-02-05,3,5140.77049712524,0.5835701091261756
Florida,UY-FD,2023,5,2023-01-30,2023-02-05,1,10405.572253242583,0.09610235512884745
Lavalleja,UY-LA,2023,5,2023-01-30,2023-02-05,0,10031.272844140674,0.0
Maldonado,UY-MA,2023,5,2023-01-30,2023-02-05,0,4803.260185508939,0.0
Montevideo,UY-MO,2023,5,2023-01-30,2023-02-05,1,527.7536386520376,1.8948235061991252
Paysandú,UY-PA,2023,5,2023-01-30,2023-02-05,0,14088.526169172621,0.0
Rivera,UY-RV,2023,5,2023-01-30,2023-02-05,0,9329.550532265199,0.0
Rocha,UY-RO,2023,5,2023-01-30,2023-02-05,0,10558.553826772255,0.0
Río Negro,UY-RN,2023,5,2023-01-30,2023-02-05,0,9810.67596839813,0.0
Salto,UY-SA,2023,5,2023-01-30,2023-02-05,0,14170.87435119916,0.0
San José,UY-SJ,2023,5,2023-01-30,2023-02-05,0,5002.920653176918,0.0
Soriano,UY-SO,2023,5,2023-01-30,2023-02-05,1,9122.538742945157,0.10961860817235138
Tacuarembó,UY-TA,2023,5,2023-01-30,2023-02-05,0,15973.367767510354,0.0
Treinta y Tres,UY-TT,2023,5,2023-01-30,2023-02-05,0,9285.005878360264,0.0
Artigas,UY-AR,2023,6,2023-02-06,2023-02-12,0,12010.600679730765,0.0
Canelones,UY-CA,2023,6,2023-02-06,2023-02-12,5,4520.87871068126,1.1059796822654728
Cerro Largo,UY-CL,2023,6,2023-02-06,2023-02-12,0,13655.557447815512,0.0
Colonia,UY-CO,2023,6,2023-02-06,2023-02-12,0,6112.026851866528,0.0
Durazno,UY-DU,2023,6,2023-02-06,2023-02-12,0,12228.10425056514,0.0
Flores,UY-FS,2023,6,2023-02-06,2023-02-12,0,5140.77049712524,0.0
Florida,UY-FD,2023,6,2023-02-06,2023-02-12,0,10405.572253242583,0.0
Lavalleja,UY-LA,2023,6,2023-02-06,2023-02-12,11,10031.272844140674,1.0965707115049876
Maldonado,UY-MA,2023,6,2023-02-06,2023-02-12,0,4803.260185508939,0.0
Montevideo,UY-MO,2023,6,2023-02-06,2023-02-12,4,527.7536386520376,7.579294024796501
Paysandú,UY-PA,2023,6,2023-02-06,2023-02-12,0,14088.526169172621,0.0
Rivera,UY-RV,2023,6,2023-02-06,2023-02-12,0,9329.550532265199,0.0
Rocha,UY-RO,2023,6,2023-02-06,2023-02-12,0,10558.553826772255,0.0
Río Negro,UY-RN,2023,6,2023-02-06,2023-02-12,0,9810.67596839813,0.0
Salto,UY-SA,2023,6,2023-02-06,2023-02-12,0,14170.87435119916,0.0
San José,UY-SJ,2023,6,2023-02-06,2023-02-12,0,5002.920653176918,0.0
Soriano,UY-SO,2023,6,2023-02-06,2023-02-12,3,9122.538742945157,0.32885582451705414
Tacuarembó,UY-TA,2023,6,2023-02-06,2023-02-12,0,15973.367767510354,0.0
Treinta y Tres,UY-TT,2023,6,2023-02-06,2023-02-12,2,9285.005878360264,0.2154010483354913
Artigas,UY-AR,2023,7,2023-02-13,2023-02-19,0,12010.600679730765,0.0
Canelones,UY-CA,2023,7,2023-02-13,2023-02-19,4,4520.87871068126,0.8847837458123782
Cerro Largo,UY-CL,2023,7,2023-02-13,2023-02-19,5,13655.557447815512,0.36615129181708017
Colonia,UY-CO,2023,7,2023-02-13,2023-02-19,0,6112.026851866528,0.0
Durazno,UY-DU,2023,7,2023-02-13,2023-02-19,0,12228.10425056514,0.0
Flores,UY-FS,2023,7,2023-02-13,2023-02-19,0,5140.77049712524,0.0
Florida,UY-FD,2023,7,2023-02-13,2023-02-19,0,10405.572253242583,0.0
Lavalleja,UY-LA,2023,7,2023-02-13,2023-02-19,2,10031.272844140674,0.19937649300090682
Maldonado,UY-MA,2023,7,2023-02-13,2023-02-19,1,4803.260185508939,0.20819192826924554
Montevideo,UY-MO,2023,7,2023-02-13,2023-02-19,1,527.7536386520376,1.8948235061991252
Paysandú,UY-PA,2023,7,2023-02-13,2023-02-19,1,14088.526169172621,0.0709797453610243
Rivera,UY-RV,2023,7,2023-02-13,2023-02-19,2,9329.550532265199,0.21437259952483514
Rocha,UY-RO,2023,7,2023-02-13,2023-02-19,0,10558.553826772255,0.0
Río Negro,UY-RN,2023,7,2023-02-13,2023-02-19,3,9810.67596839813,0.30578932681738896
Salto,UY-SA,2023,7,2023-02-13,2023-02-19,0,14170.87435119916,0.0
San José,UY-SJ,2023,7,2023-02-13,2023-02-19,0,5002.920653176918,0.0
Soriano,UY-SO,2023,7,2023-02-13,2023-02-19,3,9122.538742945157,0.32885582451705414
Tacuarembó,UY-TA,2023,7,2023-02-13,2023-02-19,0,15973.367767510354,0.0
Treinta y Tres,UY-TT,2023,7,2023-02-13,2023-02-19,1,9285.005878360264,0.10770052416774566
Artigas,UY-AR,2023,8,2023-02-20,2023-02-26,0,12010.600679730765,0.0
Canelones,UY-CA,2023,8,2023-02-20,2023-02-26,0,4520.87871068126,0.0
Cerro Largo,UY-CL,2023,8,2023-02-20,2023-02-26,0,13655.557447815512,0.0
Colonia,UY-CO,2023,8,2023-02-20,2023-02-26,0,6112.026851866528,0.0
Durazno,UY-DU,2023,8,2023-02-20,2023-02-26,0,12228.10425056514,0.0
Flores,UY-FS,2023,8,2023-02-20,2023-02-26,2,5140.77049712524,0.3890467394174504
Florida,UY-FD,2023,8,2023-02-20,2023-02-26,0,10405.572253242583,0.0
Lavalleja,UY-LA,2023,8,2023-02-20,2023-02-26,0,10031.272844140674,0.0
Maldonado,UY-MA,2023,8,2023-02-20,2023-02-26,0,4803.260185508939,0.0
Montevideo,UY-MO,2023,8,2023-02-20,2023-02-26,1,527.7536386520376,1.8948235061991252
Paysandú,UY-PA,2023,8,2023-02-20,2023-02-26,0,14088.526169172621,0.0
Rivera,UY-RV,2023,8,2023-02-20,2023-02-26,2,9329.550532265199,0.21437259952483514
Rocha,UY-RO,2023,8,2023-02-20,2023-02-26,0,10558.553826772255,0.0
Río Negro,UY-RN,2023,8,2023-02-20,2023-02-26,0,9810.67596839813,0.0
Salto,UY-SA,2023,8,2023-02-20,2023-02-26,0,14170.87435119916,0.0
San José,UY-SJ,2023,8,2023-02-20,2023-02-26,0,5002.920653176918,0.0
Soriano,UY-SO,2023,8,2023-02-20,2023-02-26,0,9122.538742945157,0.0
Tacuarembó,UY-TA,2023,8,2023-02-20,2023-02-26,0,15973.367767510354,0.0
Treinta y Tres,UY-TT,2023,8,2023-02-20,2023-02-26,1,9285.005878360264,0.10770052416774566
Artigas,UY-AR,2023,9,2023-02-27,2023-03-05,0,12010.600679730765,0.0
Canelones,UY-CA,2023,9,2023-02-27,2023-03-05,0,4520.87871068126,0.0
Cerro Largo,UY-CL,2023,9,2023-02-27,2023-03-05,0,13655.557447815512,0.0
Colonia,UY-CO,2023,9,2023-02-27,2023-03-05,0,6112.026851866528,0.0
Durazno,UY-DU,2023,9,2023-02-27,2023-03-05,0,12228.10425056514,0.0
Flores,UY-FS,2023,9,2023-02-27,2023-03-05,0,5140.77049712524,0.0
Florida,UY-FD,2023,9,2023-02-27,2023-03-05,0,10405.572253242583,0.0
Lavalleja,UY-LA,2023,9,2023-02-27,2023-03-05,0,10031.272844140674,0.0
Maldonado,UY-MA,2023,9,2023-02-27,2023-03-05,0,4803.260185508939,0.0
Montevideo,UY-MO,2023,9,2023-02-27,2023-03-05,2,527.7536386520376,3.7896470123982504
Paysandú,UY-PA,2023,9,2023-02-27,2023-03-05,0,14088.526169172621,0.0
Rivera,UY-RV,2023,9,2023-02-27,2023-03-05,2,9329.550532265199,0.21437259952483514
Rocha,UY-RO,2023,9,2023-02-27,2023-03-05,2,10558.553826772255,0.1894198801097933
Río Negro,UY-RN,2023,9,2023-02-27,2023-03-05,2,9810.67596839813,0.20385955121159266
Salto,UY-SA,2023,9,2023-02-27,2023-03-05,0,14170.87435119916,0.0
San José,UY-SJ,2023,9,2023-02-27,2023-03-05,0,5002.920653176918,0.0
Soriano,UY-SO,2023,9,2023-02-27,2023-03-05,0,9122.538742945157,0.0
Tacuarembó,UY-TA,2023,9,2023-02-27,2023-03-05,1,15973.367767510354,0.06260420560991455
Treinta y Tres,UY-TT,2023,9,2023-02-27,2023-03-05,1,9285.005878360264,0.10770052416774566
Artigas,UY-AR,2023,10,2023-03-06,2023-03-12,0,12010.600679730765,0.0
Canelones,UY-CA,2023,10,2023-03-06,2023-03-12,4,4520.87871068126,0.8847837458123782
Cerro Largo,UY-CL,2023,10,2023-03-06,2023-03-12,0,13655.557447815512,0.0
Colonia,UY-CO,2023,10,2023-03-06,2023-03-12,2,6112.026851866528,0.32722369329729434
Durazno,UY-DU,2023,10,2023-03-06,2023-03-12,0,12228.10425056514,0.0
Flores,UY-FS,2023,10,2023-03-06,2023-03-12,0,5140.77049712524,0.0
Florida,UY-FD,2023,10,2023-03-06,2023-03-12,0,10405.572253242583,0.0
Lavalleja,UY-LA,2023,10,2023-03-06,2023-03-12,7,10031.272844140674,0.6978177255031739
Maldonado,UY-MA,2023,10,2023-03-06,2023-03-12,0,4803.260185508939,0.0
Montevideo,UY-MO,2023,10,2023-03-06,2023-03-12,0,527.7536386520376,0.0
Paysandú,UY-PA,2023,10,2023-03-06,2023-03-12,0,14088.526169172621,0.0
Rivera,UY-RV,2023,10,2023-03-06,2023-03-12,3,9329.550532265199,0.32155889928725273
Rocha,UY-RO,2023,10,2023-03-06,2023-03-12,1,10558.553826772255,0.09470994005489665
Río Negro,UY-RN,2023,10,2023-03-06,2023-03-12,10,9810.67596839813,1.0192977560579632
Salto,UY-SA,2023,10,2023-03-06,2023-03-12,0,14170.87435119916,0.0
San José,UY-SJ,2023,10,2023-03-06,2023-03-12,3,5002.920653176918,0.5996497262244129
Soriano,UY-SO,2023,10,2023-03-06,2023-03-12,0,9122.538742945157,0.0
Tacuarembó,UY-TA,2023,10,2023-03-06,2023-03-12,0,15973.367767510354,0.0
Treinta y Tres,UY-TT,2023,10,2023-03-06,2023-03-12,2,9285.005878360264,0.2154010483354913
Artigas,UY-AR,2023,11,2023-03-13,2023-03-19,0,12010.600679730765,0.0
Canelones,UY-CA,2023,11,2023-03-13,2023-03-19,5,4520.87871068126,1.1059796822654728
Cerro Largo,UY-CL,2023,11,2023-03-13,2023-03-19,0,13655.557447815512,0.0
Colonia,UY-CO,2023,11,2023-03-13,2023-03-19,1,6112.026851866528,0.16361184664864717
Durazno,UY-DU,2023,11,2023-03-13,2023-03-19,0,12228.10425056514,0.0
Flores,UY-FS,2023,11,2023-03-13,2023-03-19,0,5140.77049712524,0.0
Florida,UY-FD,2023,11,2023-03-13,2023-03-19,0,10405.572253242583,0.0
Lavalleja,UY-LA,2023,11,2023-03-13,2023-03-19,1,10031.272844140674,0.09968824650045341
Maldonado,UY-MA,2023,11,2023-03-13,2023-03-19,0,4803.260185508939,0.0
Montevideo,UY-MO,2023,11,2023-03-13,2023-03-19,0,527.7536386520376,0.0
Paysandú,UY-PA,2023,11,2023-03-13,2023-03-19,0,14088.526169172621,0.0
Rivera,UY-RV,2023,11,2023-03-13,2023-03-19,0,9329.550532265199,0.0
Rocha,UY-RO,2023,11,2023-03-13,2023-03-19,1,10558.553826772255,0.09470994005489665
Río Negro,UY-RN,2023,11,2023-03-13,2023-03-19,0,9810.67596839813,0.0
Salto,UY-SA,2023,11,2023-03-13,2023-03-19,0,14170.87435119916,0.0
San José,UY-SJ,2023,11,2023-03-13,2023-03-19,0,5002.920653176918,0.0
Soriano,UY-SO,2023,11,2023-03-13,2023-03-19,0,9122.538742945157,0.0
Tacuarembó,UY-TA,2023,11,2023-03-13,2023-03-19,0,15973.367767510354,0.0
Treinta y Tres,UY-TT,2023,11,2023-03-13,2023-03-19,0,9285.005878360264,0.0
Artigas,UY-AR,2023,12,2023-03-20,2023-03-26,0,12010.600679730765,0.0
Canelones,UY-CA,2023,12,2023-03-20,2023-03-26,0,4520.87871068126,0.0
Cerro Largo,UY-CL,2023,12,2023-03-20,2023-03-26,0,13655.557447815512,0.0
Colonia,UY-CO,2023,12,2023-03-20,2023-03-26,0,6112.026851866528,0.0
Durazno,UY-DU,2023,12,2023-03-20,2023-03-26,0,12228.10425056514,0.0
Flores,UY-FS,2023,12,2023-03-20,2023-03-26,0,5140.77049712524,0.0
Florida,UY-FD,2023,12,2023-03-20,2023-03-26,0,10405.572253242583,0.0
Lavalleja,UY-LA,2023,12,2023-03-20,2023-03-26,0,10031.272844140674,0.0
Maldonado,UY-MA,2023,12,2023-03-20,2023-03-26,0,4803.260185508939,0.0
Montevideo,UY-MO,2023,12,2023-03-20,2023-03-26,0,527.7536386520376,0.0
Paysandú,UY-PA,2023,12,2023-03-20,2023-03-26,0,14088.526169172621,0.0
Rivera,UY-RV,2023,12,2023-03-20,2023-03-26,0,9329.550532265199,0.0
Rocha,UY-RO,2023,12,2023-03-20,2023-03-26,1,10558.553826772255,0.09470994005489665
Río Negro,UY-RN,2023,12,2023-03-20,2023-03-26,0,9810.67596839813,0.0
Salto,UY-SA,2023,12,2023-03-20,2023-03-26,0,14170.87435119916,0.0
San José,UY-SJ,2023,12,2023-03-20,2023-03-26,0,5002.920653176918,0.0
Soriano,UY-SO,2023,12,2023-03-20,2023-03-26,0,9122.538742945157,0.0
Tacuarembó,UY-TA,2023,12,2023-03-20,2023-03-26,0,15973.367767510354,0.0
Treinta y Tres,UY-TT,2023,12,2023-03-20,2023-03-26,0,9285.005878360264,0.0
Artigas,UY-AR,2023,13,2023-03-27,2023-04-02,0,12010.600679730765,0.0
Canelones,UY-CA,2023,13,2023-03-27,2023-04-02,0,4520.87871068126,0.0
Cerro Largo,UY-CL,2023,13,2023-03-27,2023-04-02,2,13655.557447815512,0.14646051672683205
Colonia,UY-CO,2023,13,2023-03-27,2023-04-02,0,6112.026851866528,0.0
Durazno,UY-DU,2023,13,2023-03-27,2023-04-02,0,12228.10425056514,0.0
Flores,UY-FS,2023,13,2023-03-27,2023-04-02,0,5140.77049712524,0.0
Florida,UY-FD,2023,13,2023-03-27,2023-04-02,0,10405.572253242583,0.0
Lavalleja,UY-LA,2023,13,2023-03-27,2023-04-02,0,10031.272844140674,0.0
Maldonado,UY-MA,2023,13,2023-03-27,2023-04-02,0,4803.260185508939,0.0
Montevideo,UY-MO,2023,13,2023-03-27,2023-04-02,0,527.7536386520376,0.0
Paysandú,UY-PA,2023,13,2023-03-27,2023-04-02,0,14088.526169172621,0.0
Rivera,UY-RV,2023,13,2023-03-27,2023-04-02,1,9329.550532265199,0.10718629976241757
Rocha,UY-RO,2023,13,2023-03-27,2023-04-02,0,10558.553826772255,0.0
Río Negro,UY-RN,2023,13,2023-03-27,2023-04-02,2,9810.67596839813,0.20385955121159266
Salto,UY-SA,2023,13,2023-03-27,2023-04-02,0,14170.87435119916,0.0
San José,UY-SJ,2023,13,2023-03-27,2023-04-02,3,5002.920653176918,0.5996497262244129
Soriano,UY-SO,2023,13,2023-03-27,2023-04-02,0,9122.538742945157,0.0
Tacuarembó,UY-TA,2023,13,2023-03-27,2023-04-02,0,15973.367767510354,0.0
Treinta y Tres,UY-TT,2023,13,2023-03-27,2023-04-02,0,9285.005878360264,0.0
Artigas,UY-AR,2023,14,2023-04-03,2023-04-09,1,12010.600679730765,0.08325978247595993
Canelones,UY-CA,2023,14,2023-04-03,2023-04-09,0,4520.87871068126,0.0
Cerro Largo,UY-CL,2023,14,2023-04-03,2023-04-09,5,13655.557447815512,0.36615129181708017
Colonia,UY-CO,2023,14,2023-04-03,2023-04-09,0,6112.026851866528,0.0
Durazno,UY-DU,2023,14,2023-04-03,2023-04-09,1,12228.10425056514,0.08177882519719143
Flores,UY-FS,2023,14,2023-04-03,2023-04-09,0,5140.77049712524,0.0
Florida,UY-FD,2023,14,2023-04-03,2023-04-09,0,10405.572253242583,0.0
Lavalleja,UY-LA,2023,14,2023-04-03,2023-04-09,0,10031.272844140674,0.0
Maldonado,UY-MA,2023,14,2023-04-03,2023-04-09,0,4803.260185508939,0.0
Montevideo,UY-MO,2023,14,2023-04-03,2023-04-09,0,527.7536386520376,0.0
Paysandú,UY-PA,2023,14,2023-04-03,2023-04-09,0,14088.526169172621,0.0
Rivera,UY-RV,2023,14,2023-04-03,2023-04-09,0,9329.550532265199,0.0
Rocha,UY-RO,2023,14,2023-04-03,2023-04-09,0,10558.553826772255,0.0
Río Negro,UY-RN,2023,14,2023-04-03,2023-04-09,1,9810.67596839813,0.10192977560579633
Salto,UY-SA,2023,14,2023-04-03,2023-04-09,0,14170.87435119916,0.0
San José,UY-SJ,2023,14,2023-04-03,2023-04-09,2,5002.920653176918,0.39976648414960864
Soriano,UY-SO,2023,14,2023-04-03,2023-04-09,0,9122.538742945157,0.0
Tacuarembó,UY-TA,2023,14,2023-04-03,2023-04-09,0,15973.367767510354,0.0
Treinta y Tres,UY-TT,2023,14,2023-04-03,2023-04-09,1,9285.005878360264,0.10770052416774566
Artigas,UY-AR,2023,15,2023-04-10,2023-04-16,0,12010.600679730765,0.0
Canelones,UY-CA,2023,15,2023-04-10,2023-04-16,1,4520.87871068126,0.22119593645309454
Cerro Largo,UY-CL,2023,15,2023-04-10,2023-04-16,0,13655.557447815512,0.0
Colonia,UY-CO,2023,15,2023-04-10,2023-04-16,0,6112.026851866528,0.0
Durazno,UY-DU,2023,15,2023-04-10,2023-04-16,3,12228.10425056514,0.2453364755915743
Flores,UY-FS,2023,15,2023-04-10,2023-04-16,0,5140.77049712524,0.0
Florida,UY-FD,2023,15,2023-04-10,2023-04-16,2,10405.572253242583,0.1922047102576949
Lavalleja,UY-LA,2023,15,2023-04-10,2023-04-16,0,10031.272844140674,0.0
Maldonado,UY-MA,2023,15,2023-04-10,2023-04-16,1,4803.260185508939,0.20819192826924554
Montevideo,UY-MO,2023,15,2023-04-10,2023-04-16,0,527.7536386520376,0.0
Paysandú,UY-PA,2023,15,2023-04-10,2023-04-16,2,14088.526169172621,0.1419594907220486
Rivera,UY-RV,2023,15,2023-04-10,2023-04-16,0,9329.550532265199,0.0
Rocha,UY-RO,2023,15,2023-04-10,2023-04-16,0,10558.553826772255,0.0
Río Negro,UY-RN,2023,15,2023-04-10,2023-04-16,2,9810.67596839813,0.20385955121159266
Salto,UY-SA,2023,15,2023-04-10,2023-04-16,0,14170.87435119916,0.0
San José,UY-SJ,2023,15,2023-04-10,2023-04-16,3,5002.920653176918,0.5996497262244129
Soriano,UY-SO,2023,15,2023-04-10,2023-04-16,2,9122.538742945157,0.21923721634470275
Tacuarembó,UY-TA,2023,15,2023-04-10,2023-04-16,0,15973.367767510354,0.0
Treinta y Tres,UY-TT,2023,15,2023-04-10,2023-04-16,1,9285.005878360264,0.10770052416774566
Artigas,UY-AR,2023,16,2023-04-17,2023-04-23,2,12010.600679730765,0.16651956495191986
Canelones,UY-CA,2023,16,2023-04-17,2023-04-23,0,4520.87871068126,0.0
Cerro Largo,UY-CL,2023,16,2023-04-17,2023-04-23,2,13655.557447815512,0.14646051672683205
Colonia,UY-CO,2023,16,2023-04-17,2023-04-23,7,6112.026851866528,1.1452829265405302
Durazno,UY-DU,2023,16,2023-04-17,2023-04-23,2,12228.10425056514,0.16355765039438286
Flores,UY-FS,2023,16,2023-04-17,2023-04-23,0,5140.77049712524,0.0
Florida,UY-FD,2023,16,2023-04-17,2023-04-23,0,10405.572253242583,0.0
Lavalleja,UY-LA,2023,16,2023-04-17,2023-04-23,0,10031.272844140674,0.0
Maldonado,UY-MA,2023,16,2023-04-17,2023-04-23,0,4803.260185508939,0.0
Montevideo,UY-MO,2023,16,2023-04-17,2023-04-23,0,527.7536386520376,0.0
Paysandú,UY-PA,2023,16,2023-04-17,2023-04-23,0,14088.526169172621,0.0
Rivera,UY-RV,2023,16,2023-04-17,2023-04-23,0,9329.550532265199,0.0
Rocha,UY-RO,2023,16,2023-04-17,2023-04-23,1,10558.553826772255,0.09470994005489665
Río Negro,UY-RN,2023,16,2023-04-17,2023-04-23,0,9810.67596839813,0.0
Salto,UY-SA,2023,16,2023-04-17,2023-04-23,0,14170.87435119916,0.0
San José,UY-SJ,2023,16,2023-04-17,2023-04-23,5,5002.920653176918,0.9994162103740215
Soriano,UY-SO,2023,16,2023-04-17,2023-04-23,0,9122.538742945157,0.0
Tacuarembó,UY-TA,2023,16,2023-04-17,2023-04-23,1,15973.367767510354,0.06260420560991455
Treinta y Tres,UY-TT,2023,16,2023-04-17,2023-04-23,2,9285.005878360264,0.2154010483354913
Artigas,UY-AR,2023,17,2023-04-24,2023-04-30,2,12010.600679730765,0.16651956495191986
Canelones,UY-CA,2023,17,2023-04-24,2023-04-30,0,4520.87871068126,0.0
Cerro Largo,UY-CL,2023,17,2023-04-24,2023-04-30,0,13655.557447815512,0.0
Colonia,UY-CO,2023,17,2023-04-24,2023-04-30,2,6112.026851866528,0.32722369329729434
Durazno,UY-DU,2023,17,2023-04-24,2023-04-30,3,12228.10425056514,0.2453364755915743
Flores,UY-FS,2023,17,2023-04-24,2023-04-30,0,5140.77049712524,0.0
Florida,UY-FD,2023,17,2023-04-24,2023-04-30,0,10405.572253242583,0.0
Lavalleja,UY-LA,2023,17,2023-04-24,2023-04-30,0,10031.272844140674,0.0
Maldonado,UY-MA,2023,17,2023-04-24,2023-04-30,1,4803.260185508939,0.20819192826924554
Montevideo,UY-MO,2023,17,2023-04-24,2023-04-30,0,527.7536386520376,0.0
Paysandú,UY-PA,2023,17,2023-04-24,2023-04-30,0,14088.526169172621,0.0
Rivera,UY-RV,2023,17,2023-04-24,2023-04-30,0,9329.550532265199,0.0
Rocha,UY-RO,2023,17,2023-04-24,2023-04-30,13,10558.553826772255,1.2312292207136564
Río Negro,UY-RN,2023,17,2023-04-24,2023-04-30,0,9810.67596839813,0.0
Salto,UY-SA,2023,17,2023-04-24,2023-04-30,1,14170.87435119916,0.07056727589398029
San José,UY-SJ,2023,17,2023-04-24,2023-04-30,5,5002.920653176918,0.9994162103740215
Soriano,UY-SO,2023,17,2023-04-24,2023-04-30,1,9122.538742945157,0.10961860817235138
Tacuarembó,UY-TA,2023,17,2023-04-24,2023-04-30,5,15973.367767510354,0.31302102804957277
Treinta y Tres,UY-TT,2023,17,2023-04-24,2023-04-30,1,9285.005878360264,0.10770052416774566
Artigas,UY-AR,2023,18,2023-05-01,2023-05-07,0,12010.600679730765,0.0
Canelones,UY-CA,2023,18,2023-05-01,2023-05-07,0,4520.87871068126,0.0
Cerro Largo,UY-CL,2023,18,2023-05-01,2023-05-07,0,13655.557447815512,0.0
Colonia,UY-CO,2023,18,2023-05-01,2023-05-07,8,6112.026851866528,1.3088947731891774
Durazno,UY-DU,2023,18,2023-05-01,2023-05-07,0,12228.10425056514,0.0
Flores,UY-FS,2023,18,2023-05-01,2023-05-07,0,5140.77049712524,0.0
Florida,UY-FD,2023,18,2023-05-01,2023-05-07,0,10405.572253242583,0.0
Lavalleja,UY-LA,2023,18,2023-05-01,2023-05-07,0,10031.272844140674,0.0
Maldonado,UY-MA,2023,18,2023-05-01,2023-05-07,0,4803.260185508939,0.0
Montevideo,UY-MO,2023,18,2023-05-01,2023-05-07,1,527.7536386520376,1.8948235061991252
Paysandú,UY-PA,2023,18,2023-05-01,2023-05-07,0,14088.526169172621,0.0
Rivera,UY-RV,2023,18,2023-05-01,2023-05-07,0,9329.550532265199,0.0
Rocha,UY-RO,2023,18,2023-05-01,2023-05-07,8,10558.553826772255,0.7576795204391732
Río Negro,UY-RN,2023,18,2023-05-01,2023-05-07,3,9810.67596839813,0.30578932681738896
Salto,UY-SA,2023,18,2023-05-01,2023-05-07,0,14170.87435119916,0.0
San José,UY-SJ,2023,18,2023-05-01,2023-05-07,3,5002.920653176918,0.5996497262244129
Soriano,UY-SO,2023,18,2023-05-01,2023-05-07,3,9122.538742945157,0.32885582451705414
Tacuarembó,UY-TA,2023,18,2023-05-01,2023-05-07,0,15973.367767510354,0.0
Treinta y Tres,UY-TT,2023,18,2023-05-01,2023-05-07,1,9285.005878360264,0.10770052416774566
Artigas,UY-AR,2023,19,2023-05-08,2023-05-14,1,12010.600679730765,0.08325978247595993
Canelones,UY-CA,2023,19,2023-05-08,2023-05-14,0,4520.87871068126,0.0
Cerro Largo,UY-CL,2023,19,2023-05-08,2023-05-14,0,13655.557447815512,0.0
Colonia,UY-CO,2023,19,2023-05-08,2023-05-14,0,6112.026851866528,0.0
Durazno,UY-DU,2023,19,2023-05-08,2023-05-14,0,12228.10425056514,0.0
Flores,UY-FS,2023,19,2023-05-08,2023-05-14,0,5140.77049712524,0.0
Florida,UY-FD,2023,19,2023-05-08,2023-05-14,0,10405.572253242583,0.0
Lavalleja,UY-LA,2023,19,2023-05-08,2023-05-14,0,10031.272844140674,0.0
Maldonado,UY-MA,2023,19,2023-05-08,2023-05-14,0,4803.260185508939,0.0
Montevideo,UY-MO,2023,19,2023-05-08,2023-05-14,0,527.7536386520376,0.0
Paysandú,UY-PA,2023,19,2023-05-08,2023-05-14,5,14088.526169172621,0.3548987268051216
Rivera,UY-RV,2023,19,2023-05-08,2023-05-14,1,9329.550532265199,0.10718629976241757
Rocha,UY-RO,2023,19,2023-05-08,2023-05-14,1,10558.553826772255,0.09470994005489665
Río Negro,UY-RN,2023,19,2023-05-08,2023-05-14,3,9810.67596839813,0.30578932681738896
Salto,UY-SA,2023,19,2023-05-08,2023-05-14,4,14170.87435119916,0.28226910357592117
San José,UY-SJ,2023,19,2023-05-08,2023-05-14,0,5002.920653176918,0.0
Soriano,UY-SO,2023,19,2023-05-08,2023-05-14,2,9122.538742945157,0.21923721634470275
Tacuarembó,UY-TA,2023,19,2023-05-08,2023-05-14,3,15973.367767510354,0.18781261682974365
Treinta y Tres,UY-TT,2023,19,2023-05-08,2023-05-14,1,9285.005878360264,0.10770052416774566
Artigas,UY-AR,2023,20,2023-05-15,2023-05-21,5,12010.600679730765,0.41629891237979966
Canelones,UY-CA,2023,20,2023-05-15,2023-05-21,2,4520.87871068126,0.4423918729061891
Cerro Largo,UY-CL,2023,20,2023-05-15,2023-05-21,0,13655.557447815512,0.0
Colonia,UY-CO,2023,20,2023-05-15,2023-05-21,5,6112.026851866528,0.8180592332432358
Durazno,UY-DU,2023,20,2023-05-15,2023-05-21,1,12228.10425056514,0.08177882519719143
Flores,UY-FS,2023,20,2023-05-15,2023-05-21,0,5140.77049712524,0.0
Florida,UY-FD,2023,20,2023-05-15,2023-05-21,1,10405.572253242583,0.09610235512884745
Lavalleja,UY-LA,2023,20,2023-05-15,2023-05-21,1,10031.272844140674,0.09968824650045341
Maldonado,UY-MA,2023,20,2023-05-15,2023-05-21,1,4803.260185508939,0.20819192826924554
Montevideo,UY-MO,2023,20,2023-05-15,2023-05-21,1,527.7536386520376,1.8948235061991252
Paysandú,UY-PA,2023,20,2023-05-15,2023-05-21,2,14088.526169172621,0.1419594907220486
Rivera,UY-RV,2023,20,2023-05-15,2023-05-21,0,9329.550532265199,0.0
Rocha,UY-RO,2023,20,2023-05-15,2023-05-21,1,10558.553826772255,0.09470994005489665
Río Negro,UY-RN,2023,20,2023-05-15,2023-05-21,6,9810.67596839813,0.6115786536347779
Salto,UY-SA,2023,20,2023-05-15,2023-05-21,1,14170.87435119916,0.07056727589398029
San José,UY-SJ,2023,20,2023-05-15,2023-05-21,6,5002.920653176918,1.1992994524488259
Soriano,UY-SO,2023,20,2023-05-15,2023-05-21,1,9122.538742945157,0.10961860817235138
Tacuarembó,UY-TA,2023,20,2023-05-15,2023-05-21,1,15973.367767510354,0.06260420560991455
Treinta y Tres,UY-TT,2023,20,2023-05-15,2023-05-21,3,9285.005878360264,0.32310157250323696
Artigas,UY-AR,2023,21,2023-05-22,2023-05-28,2,12010.600679730765,0.16651956495191986
Canelones,UY-CA,2023,21,2023-05-22,2023-05-28,0,4520.87871068126,0.0
Cerro Largo,UY-CL,2023,21,2023-05-22,2023-05-28,0,13655.557447815512,0.0
Colonia,UY-CO,2023,21,2023-05-22,2023-05-28,0,6112.026851866528,0.0
Durazno,UY-DU,2023,21,2023-05-22,2023-05-28,0,12228.10425056514,0.0
Flores,UY-FS,2023,21,2023-05-22,2023-05-28,0,5140.77049712524,0.0
Florida,UY-FD,2023,21,2023-05-22,2023-05-28,0,10405.572253242583,0.0
Lavalleja,UY-LA,2023,21,2023-05-22,2023-05-28,0,10031.272844140674,0.0
Maldonado,UY-MA,2023,21,2023-05-22,2023-05-28,0,4803.260185508939,0.0
Montevideo,UY-MO,2023,21,2023-05-22,2023-05-28,0,527.7536386520376,0.0
Paysandú,UY-PA,2023,21,2023-05-22,2023-05-28,1,14088.526169172621,0.0709797453610243
Rivera,UY-RV,2023,21,2023-05-22,2023-05-28,0,9329.550532265199,0.0
Rocha,UY-RO,2023,21,2023-05-22,2023-05-28,0,10558.553826772255,0.0
Río Negro,UY-RN,2023,21,2023-05-22,2023-05-28,0,9810.67596839813,0.0
Salto,UY-SA,2023,21,2023-05-22,2023-05-28,0,14170.87435119916,0.0
San José,UY-SJ,2023,21,2023-05-22,2023-05-28,0,5002.920653176918,0.0
Soriano,UY-SO,2023,21,2023-05-22,2023-05-28,0,9122.538742945157,0.0
Tacuarembó,UY-TA,2023,21,2023-05-22,2023-05-28,0,15973.367767510354,0.0
Treinta y Tres,UY-TT,2023,21,2023-05-22,2023-05-28,0,9285.005878360264,0.0
Artigas,UY-AR,2023,22,2023-05-29,2023-06-04,0,12010.600679730765,0.0
Canelones,UY-CA,2023,22,2023-05-29,2023-06-04,1,4520.87871068126,0.22119593645309454
Cerro Largo,UY-CL,2023,22,2023-05-29,2023-06-04,0,13655.557447815512,0.0
Colonia,UY-CO,2023,22,2023-05-29,2023-06-04,0,6112.026851866528,0.0
Durazno,UY-DU,2023,22,2023-05-29,2023-06-04,0,12228.10425056514,0.0
Flores,UY-FS,2023,22,2023-05-29,2023-06-04,0,5140.77049712524,0.0
Florida,UY-FD,2023,22,2023-05-29,2023-06-04,0,10405.572253242583,0.0
Lavalleja,UY-LA,2023,22,2023-05-29,2023-06-04,0,10031.272844140674,0.0
Maldonado,UY-MA,2023,22,2023-05-29,2023-06-04,0,4803.260185508939,0.0
Montevideo,UY-MO,2023,22,2023-05-29,2023-06-04,0,527.7536386520376,0.0
Paysandú,UY-PA,2023,22,2023-05-29,2023-06-04,0,14088.526169172621,0.0
Rivera,UY-RV,2023,22,2023-05-29,2023-06-04,2,9329.550532265199,0.21437259952483514
Rocha,UY-RO,2023,22,2023-05-29,2023-06-04,2,10558.553826772255,0.1894198801097933
Río Negro,UY-RN,2023,22,2023-05-29,2023-06-04,1,9810.67596839813,0.10192977560579633
Salto,UY-SA,2023,22,2023-05-29,2023-06-04,0,14170.87435119916,0.0
San José,UY-SJ,2023,22,2023-05-29,2023-06-04,1,5002.920653176918,0.19988324207480432
Soriano,UY-SO,2023,22,2023-05-29,2023-06-04,1,9122.538742945157,0.10961860817235138
Tacuarembó,UY-TA,2023,22,2023-05-29,2023-06-04,1,15973.367767510354,0.06260420560991455
Treinta y Tres,UY-TT,2023,22,2023-05-29,2023-06-04,0,9285.005878360264,0.0
Artigas,UY-AR,2023,23,2023-06-05,2023-06-11,2,12010.600679730765,0.16651956495191986
Canelones,UY-CA,2023,23,2023-06-05,2023-06-11,0,4520.87871068126,0.0
Cerro Largo,UY-CL,2023,23,2023-06-05,2023-06-11,0,13655.557447815512,0.0
Colonia,UY-CO,2023,23,2023-06-05,2023-06-11,0,6112.026851866528,0.0
Durazno,UY-DU,2023,23,2023-06-05,2023-06-11,0,12228.10425056514,0.0
Flores,UY-FS,2023,23,2023-06-05,2023-06-11,0,5140.77049712524,0.0
Florida,UY-FD,2023,23,2023-06-05,2023-06-11,0,10405.572253242583,0.0
Lavalleja,UY-LA,2023,23,2023-06-05,2023-06-11,0,10031.272844140674,0.0
Maldonado,UY-MA,2023,23,2023-06-05,2023-06-11,0,4803.260185508939,0.0
Montevideo,UY-MO,2023,23,2023-06-05,2023-06-11,0,527.7536386520376,0.0
Paysandú,UY-PA,2023,23,2023-06-05,2023-06-11,1,14088.526169172621,0.0709797453610243
Rivera,UY-RV,2023,23,2023-06-05,2023-06-11,2,9329.550532265199,0.21437259952483514
Rocha,UY-RO,2023,23,2023-06-05,2023-06-11,1,10558.553826772255,0.09470994005489665
Río Negro,UY-RN,2023,23,2023-06-05,2023-06-11,0,9810.67596839813,0.0
Salto,UY-SA,2023,23,2023-06-05,2023-06-11,0,14170.87435119916,0.0
San José,UY-SJ,2023,23,2023-06-05,2023-06-11,1,5002.920653176918,0.19988324207480432
Soriano,UY-SO,2023,23,2023-06-05,2023-06-11,0,9122.538742945157,0.0
Tacuarembó,UY-TA,2023,23,2023-06-05,2023-06-11,0,15973.367767510354,0.0
Treinta y Tres,UY-TT,2023,23,2023-06-05,2023-06-11,0,9285.005878360264,0.0
Artigas,UY-AR,2023,24,2023-06-12,2023-06-18,0,12010.600679730765,0.0
Canelones,UY-CA,2023,24,2023-06-12,2023-06-18,0,4520.87871068126,0.0
Cerro Largo,UY-CL,2023,24,2023-06-12,2023-06-18,1,13655.557447815512,0.07323025836341603
Colonia,UY-CO,2023,24,2023-06-12,2023-06-18,3,6112.026851866528,0.4908355399459415
Durazno,UY-DU,2023,24,2023-06-12,2023-06-18,0,12228.10425056514,0.0
Flores,UY-FS,2023,24,2023-06-12,2023-06-18,0,5140.77049712524,0.0
Florida,UY-FD,2023,24,2023-06-12,2023-06-18,3,10405.572253242583,0.2883070653865423
Lavalleja,UY-LA,2023,24,2023-06-12,2023-06-18,4,10031.272844140674,0.39875298600181364
Maldonado,UY-MA,2023,24,2023-06-12,2023-06-18,0,4803.260185508939,0.0
Montevideo,UY-MO,2023,24,2023-06-12,2023-06-18,0,527.7536386520376,0.0
Paysandú,UY-PA,2023,24,2023-06-12,2023-06-18,0,14088.526169172621,0.0
Rivera,UY-RV,2023,24,2023-06-12,2023-06-18,5,9329.550532265199,0.5359314988120879
Rocha,UY-RO,2023,24,2023-06-12,2023-06-18,1,10558.553826772255,0.09470994005489665
Río Negro,UY-RN,2023,24,2023-06-12,2023-06-18,1,9810.67596839813,0.10192977560579633
Salto,UY-SA,2023,24,2023-06-12,2023-06-18,1,14170.87435119916,0.07056727589398029
San José,UY-SJ,2023,24,2023-06-12,2023-06-18,0,5002.920653176918,0.0
Soriano,UY-SO,2023,24,2023-06-12,2023-06-18,1,9122.538742945157,0.10961860817235138
Tacuarembó,UY-TA,2023,24,2023-06-12,2023-06-18,0,15973.367767510354,0.0
Treinta y Tres,UY-TT,2023,24,2023-06-12,2023-06-18,0,9285.005878360264,0.0
Artigas,UY-AR,2023,25,2023-06-19,2023-06-25,0,12010.600679730765,0.0
Canelones,UY-CA,2023,25,2023-06-19,2023-06-25,0,4520.87871068126,0.0
Cerro Largo,UY-CL,2023,25,2023-06-19,2023-06-25,1,13655.557447815512,0.07323025836341603
Colonia,UY-CO,2023,25,2023-06-19,2023-06-25,1,6112.026851866528,0.16361184664864717
Durazno,UY-DU,2023,25,2023-06-19,2023-06-25,0,12228.10425056514,0.0
Flores,UY-FS,2023,25,2023-06-19,2023-06-25,0,5140.77049712524,0.0
Florida,UY-FD,2023,25,2023-06-19,2023-06-25,0,10405.572253242583,0.0
Lavalleja,UY-LA,2023,25,2023-06-19,2023-06-25,0,10031.272844140674,0.0
Maldonado,UY-MA,2023,25,2023-06-19,2023-06-25,0,4803.260185508939,0.0
Montevideo,UY-MO,2023,25,2023-06-19,2023-06-25,0,527.7536386520376,0.0
Paysandú,UY-PA,2023,25,2023-06-19,2023-06-25,0,14088.526169172621,0.0
Rivera,UY-RV,2023,25,2023-06-19,2023-06-25,3,9329.550532265199,0.32155889928725273
Rocha,UY-RO,2023,25,2023-06-19,2023-06-25,0,10558.553826772255,0.0
Río Negro,UY-RN,2023,25,2023-06-19,2023-06-25,0,9810.67596839813,0.0
Salto,UY-SA,2023,25,2023-06-19,2023-06-25,0,14170.87435119916,0.0
San José,UY-SJ,2023,25,2023-06-19,2023-06-25,0,5002.920653176918,0.0
Soriano,UY-SO,2023,25,2023-06-19,2023-06-25,0,9122.538742945157,0.0
Tacuarembó,UY-TA,2023,25,2023-06-19,2023-06-25,0,15973.367767510354,0.0
Treinta y Tres,UY-TT,2023,25,2023-06-19,2023-06-25,0,9285.005878360264,0.0
Artigas,UY-AR,2023,26,2023-06-26,2023-07-02,0,12010.600679730765,0.0
Canelones,UY-CA,2023,26,2023-06-26,2023-07-02,0,4520.87871068126,0.0
Cerro Largo,UY-CL,2023,26,2023-06-26,2023-07-02,0,13655.557447815512,0.0
Colonia,UY-CO,2023,26,2023-06-26,2023-07-02,0,6112.026851866528,0.0
Durazno,UY-DU,2023,26,2023-06-26,2023-07-02,0,12228.10425056514,0.0
Flores,UY-FS,2023,26,2023-06-26,2023-07-02,0,5140.77049712524,0.0
Florida,UY-FD,2023,26,2023-06-26,2023-07-02,0,10405.572253242583,0.0
Lavalleja,UY-LA,2023,26,2023-06-26,2023-07-02,0,10031.272844140674,0.0
Maldonado,UY-MA,2023,26,2023-06-26,2023-07-02,0,4803.260185508939,0.0
Montevideo,UY-MO,2023,26,2023-06-26,2023-07-02,1,527.7536386520376,1.8948235061991252
Paysandú,UY-PA,2023,26,2023-06-26,2023-07-02,0,14088.526169172621,0.0
Rivera,UY-RV,2023,26,2023-06-26,2023-07-02,0,9329.550532265199,0.0
Rocha,UY-RO,2023,26,2023-06-26,2023-07-02,0,10558.553826772255,0.0
Río Negro,UY-RN,2023,26,2023-06-26,2023-07-02,0,9810.67596839813,0.0
Salto,UY-SA,2023,26,2023-06-26,2023-07-02,0,14170.87435119916,0.0
San José,UY-SJ,2023,26,2023-06-26,2023-07-02,6,5002.920653176918,1.1992994524488259
Soriano,UY-SO,2023,26,2023-06-26,2023-07-02,5,9122.538742945157,0.5480930408617568
Tacuarembó,UY-TA,2023,26,2023-06-26,2023-07-02,0,15973.367767510354,0.0
Treinta y Tres,UY-TT,2023,26,2023-06-26,2023-07-02,0,9285.005878360264,0.0
Artigas,UY-AR,2023,27,2023-07-03,2023-07-09,0,12010.600679730765,0.0
Canelones,UY-CA,2023,27,2023-07-03,2023-07-09,0,4520.87871068126,0.0
Cerro Largo,UY-CL,2023,27,2023-07-03,2023-07-09,0,13655.557447815512,0.0
Colonia,UY-CO,2023,27,2023-07-03,2023-07-09,1,6112.026851866528,0.16361184664864717
Durazno,UY-DU,2023,27,2023-07-03,2023-07-09,0,12228.10425056514,0.0
Flores,UY-FS,2023,27,2023-07-03,2023-07-09,1,5140.77049712524,0.1945233697087252
Florida,UY-FD,2023,27,2023-07-03,2023-07-09,0,10405.572253242583,0.0
Lavalleja,UY-LA,2023,27,2023-07-03,2023-07-09,0,10031.272844140674,0.0
Maldonado,UY-MA,2023,27,2023-07-03,2023-07-09,0,4803.260185508939,0.0
Montevideo,UY-MO,2023,27,2023-07-03,2023-07-09,0,527.7536386520376,0.0
Paysandú,UY-PA,2023,27,2023-07-03,2023-07-09,0,14088.526169172621,0.0
Rivera,UY-RV,2023,27,2023-07-03,2023-07-09,0,9329.550532265199,0.0
Rocha,UY-RO,2023,27,2023-07-03,2023-07-09,0,10558.553826772255,0.0
Río Negro,UY-RN,2023,27,2023-07-03,2023-07-09,0,9810.67596839813,0.0
Salto,UY-SA,2023,27,2023-07-03,2023-07-09,0,14170.87435119916,0.0
San José,UY-SJ,2023,27,2023-07-03,2023-07-09,0,5002.920653176918,0.0
Soriano,UY-SO,2023,27,2023-07-03,2023-07-09,0,9122.538742945157,0.0
Tacuarembó,UY-TA,2023,27,2023-07-03,2023-07-09,0,15973.367767510354,0.0
Treinta y Tres,UY-TT,2023,27,2023-07-03,2023-07-09,2,9285.005878360264,0.2154010483354913
Artigas,UY-AR,2023,28,2023-07-10,2023-07-16,0,12010.600679730765,0.0
Canelones,UY-CA,2023,28,2023-07-10,2023-07-16,0,4520.87871068126,0.0
Cerro Largo,UY-CL,2023,28,2023-07-10,2023-07-16,0,13655.557447815512,0.0
Colonia,UY-CO,2023,28,2023-07-10,2023-07-16,0,6112.026851866528,0.0
Durazno,UY-DU,2023,28,2023-07-10,2023-07-16,0,12228.10425056514,0.0
Flores,UY-FS,2023,28,2023-07-10,2023-07-16,0,5140.77049712524,0.0
Florida,UY-FD,2023,28,2023-07-10,2023-07-16,0,10405.572253242583,0.0
Lavalleja,UY-LA,2023,28,2023-07-10,2023-07-16,0,10031.272844140674,0.0
Maldonado,UY-MA,2023,28,2023-07-10,2023-07-16,0,4803.260185508939,0.0
Montevideo,UY-MO,2023,28,2023-07-10,2023-07-16,0,527.7536386520376,0.0
Paysandú,UY-PA,2023,28,2023-07-10,2023-07-16,0,14088.526169172621,0.0
Rivera,UY-RV,2023,28,2023-07-10,2023-07-16,0,9329.550532265199,0.0
Rocha,UY-RO,2023,28,2023-07-10,2023-07-16,0,10558.553826772255,0.0
Río Negro,UY-RN,2023,28,2023-07-10,2023-07-16,0,9810.67596839813,0.0
Salto,UY-SA,2023,28,2023-07-10,2023-07-16,0,14170.87435119916,0.0
San José,UY-SJ,2023,28,2023-07-10,2023-07-16,0,5002.920653176918,0.0
Soriano,UY-SO,2023,28,2023-07-10,2023-07-16,0,9122.538742945157,0.0
Tacuarembó,UY-TA,2023,28,2023-07-10,2023-07-16,0,15973.367767510354,0.0
Treinta y Tres,UY-TT,2023,28,2023-07-10,2023-07-16,0,9285.005878360264,0.0
Artigas,UY-AR,2023,29,2023-07-17,2023-07-23,1,12010.600679730765,0.08325978247595993
Canelones,UY-CA,2023,29,2023-07-17,2023-07-23,0,4520.87871068126,0.0
Cerro Largo,UY-CL,2023,29,2023-07-17,2023-07-23,0,13655.557447815512,0.0
Colonia,UY-CO,2023,29,2023-07-17,2023-07-23,3,6112.026851866528,0.4908355399459415
Durazno,UY-DU,2023,29,2023-07-17,2023-07-23,0,12228.10425056514,0.0
Flores,UY-FS,2023,29,2023-07-17,2023-07-23,0,5140.77049712524,0.0
Florida,UY-FD,2023,29,2023-07-17,2023-07-23,0,10405.572253242583,0.0
Lavalleja,UY-LA,2023,29,2023-07-17,2023-07-23,0,10031.272844140674,0.0
Maldonado,UY-MA,2023,29,2023-07-17,2023-07-23,0,4803.260185508939,0.0
Montevideo,UY-MO,2023,29,2023-07-17,2023-07-23,0,527.7536386520376,0.0
Paysandú,UY-PA,2023,29,2023-07-17,2023-07-23,0,14088.526169172621,0.0
Rivera,UY-RV,2023,29,2023-07-17,2023-07-23,0,9329.550532265199,0.0
Rocha,UY-RO,2023,29,2023-07-17,2023-07-23,0,10558.553826772255,0.0
Río Negro,UY-RN,2023,29,2023-07-17,2023-07-23,0,9810.67596839813,0.0
Salto,UY-SA,2023,29,2023-07-17,2023-07-23,0,14170.87435119916,0.0
San José,UY-SJ,2023,29,2023-07-17,2023-07-23,0,5002.920653176918,0.0
Soriano,UY-SO,2023,29,2023-07-17,2023-07-23,2,9122.538742945157,0.21923721634470275
Tacuarembó,UY-TA,2023,29,2023-07-17,2023-07-23,0,15973.367767510354,0.0
Treinta y Tres,UY-TT,2023,29,2023-07-17,2023-07-23,0,9285.005878360264,0.0
Artigas,UY-AR,2023,30,2023-07-24,2023-07-30,1,12010.600679730765,0.08325978247595993
Canelones,UY-CA,2023,30,2023-07-24,2023-07-30,0,4520.87871068126,0.0
Cerro Largo,UY-CL,2023,30,2023-07-24,2023-07-30,0,13655.557447815512,0.0
Colonia,UY-CO,2023,30,2023-07-24,2023-07-30,0,6112.026851866528,0.0
Durazno,UY-DU,2023,30,2023-07-24,2023-07-30,0,12228.10425056514,0.0
Flores,UY-FS,2023,30,2023-07-24,2023-07-30,0,5140.77049712524,0.0
Florida,UY-FD,2023,30,2023-07-24,2023-07-30,0,10405.572253242583,0.0
Lavalleja,UY-LA,2023,30,2023-07-24,2023-07-30,0,10031.272844140674,0.0
Maldonado,UY-MA,2023,30,2023-07-24,2023-07-30,0,4803.260185508939,0.0
Montevideo,UY-MO,2023,30,2023-07-24,2023-07-30,0,527.7536386520376,0.0
Paysandú,UY-PA,2023,30,2023-07-24,2023-07-30,0,14088.526169172621,0.0
Rivera,UY-RV,2023,30,2023-07-24,2023-07-30,0,9329.550532265199,0.0
Rocha,UY-RO,2023,30,2023-07-24,2023-07-30,0,10558.553826772255,0.0
Río Negro,UY-RN,2023,30,2023-07-24,2023-07-30,0,9810.67596839813,0.0
Salto,UY-SA,2023,30,2023-07-24,2023-07-30,0,14170.87435119916,0.0
San José,UY-SJ,2023,30,2023-07-24,2023-07-30,0,5002.920653176918,0.0
Soriano,UY-SO,2023,30,2023-07-24,2023-07-30,0,9122.538742945157,0.0
Tacuarembó,UY-TA,2023,30,2023-07-24,2023-07-30,0,15973.367767510354,0.0
Treinta y Tres,UY-TT,2023,30,2023-07-24,2023-07-30,0,9285.005878360264,0.0
Artigas,UY-AR,2023,31,2023-07-31,2023-08-06,0,12010.600679730765,0.0
Canelones,UY-CA,2023,31,2023-07-31,2023-08-06,2,4520.87871068126,0.4423918729061891
Cerro Largo,UY-CL,2023,31,2023-07-31,2023-08-06,2,13655.557447815512,0.14646051672683205
Colonia,UY-CO,2023,31,2023-07-31,2023-08-06,2,6112.026851866528,0.32722369329729434
Durazno,UY-DU,2023,31,2023-07-31,2023-08-06,3,12228.10425056514,0.2453364755915743
Flores,UY-FS,2023,31,2023-07-31,2023-08-06,0,5140.77049712524,0.0
Florida,UY-FD,2023,31,2023-07-31,2023-08-06,0,10405.572253242583,0.0
Lavalleja,UY-LA,2023,31,2023-07-31,2023-08-06,1,10031.272844140674,0.09968824650045341
Maldonado,UY-MA,2023,31,2023-07-31,2023-08-06,0,4803.260185508939,0.0
Montevideo,UY-MO,2023,31,2023-07-31,2023-08-06,2,527.7536386520376,3.7896470123982504
Paysandú,UY-PA,2023,31,2023-07-31,2023-08-06,0,14088.526169172621,0.0
Rivera,UY-RV,2023,31,2023-07-31,2023-08-06,0,9329.550532265199,0.0
Rocha,UY-RO,2023,31,2023-07-31,2023-08-06,7,10558.553826772255,0.6629695803842766
Río Negro,UY-RN,2023,31,2023-07-31,2023-08-06,2,9810.67596839813,0.20385955121159266
Salto,UY-SA,2023,31,2023-07-31,2023-08-06,2,14170.87435119916,0.14113455178796058
San José,UY-SJ,2023,31,2023-07-31,2023-08-06,4,5002.920653176918,0.7995329682992173
Soriano,UY-SO,2023,31,2023-07-31,2023-08-06,3,9122.538742945157,0.32885582451705414
Tacuarembó,UY-TA,2023,31,2023-07-31,2023-08-06,0,15973.367767510354,0.0
Treinta y Tres,UY-TT,2023,31,2023-07-31,2023-08-06,0,9285.005878360264,0.0
Artigas,UY-AR,2023,32,2023-08-07,2023-08-13,3,12010.600679730765,0.2497793474278798
Canelones,UY-CA,2023,32,2023-08-07,2023-08-13,1,4520.87871068126,0.22119593645309454
Cerro Largo,UY-CL,2023,32,2023-08-07,2023-08-13,0,13655.557447815512,0.0
Colonia,UY-CO,2023,32,2023-08-07,2023-08-13,3,6112.026851866528,0.4908355399459415
Durazno,UY-DU,2023,32,2023-08-07,2023-08-13,0,12228.10425056514,0.0
Flores,UY-FS,2023,32,2023-08-07,2023-08-13,1,5140.77049712524,0.1945233697087252
Florida,UY-FD,2023,32,2023-08-07,2023-08-13,0,10405.572253242583,0.0
Lavalleja,UY-LA,2023,32,2023-08-07,2023-08-13,1,10031.272844140674,0.09968824650045341
Maldonado,UY-MA,2023,32,2023-08-07,2023-08-13,2,4803.260185508939,0.4163838565384911
Montevideo,UY-MO,2023,32,2023-08-07,2023-08-13,2,527.7536386520376,3.7896470123982504
Paysandú,UY-PA,2023,32,2023-08-07,2023-08-13,0,14088.526169172621,0.0
Rivera,UY-RV,2023,32,2023-08-07,2023-08-13,0,9329.550532265199,0.0
Rocha,UY-RO,2023,32,2023-08-07,2023-08-13,1,10558.553826772255,0.09470994005489665
Río Negro,UY-RN,2023,32,2023-08-07,2023-08-13,0,9810.67596839813,0.0
Salto,UY-SA,2023,32,2023-08-07,2023-08-13,0,14170.87435119916,0.0
San José,UY-SJ,2023,32,2023-08-07,2023-08-13,5,5002.920653176918,0.9994162103740215
Soriano,UY-SO,2023,32,2023-08-07,2023-08-13,1,9122.538742945157,0.10961860817235138
Tacuarembó,UY-TA,2023,32,2023-08-07,2023-08-13,0,15973.367767510354,0.0
Treinta y Tres,UY-TT,2023,32,2023-08-07,2023-08-13,2,9285.005878360264,0.2154010483354913
Artigas,UY-AR,2023,33,2023-08-14,2023-08-20,0,12010.600679730765,0.0
Canelones,UY-CA,2023,33,2023-08-14,2023-08-20,1,4520.87871068126,0.22119593645309454
Cerro Largo,UY-CL,2023,33,2023-08-14,2023-08-20,1,13655.557447815512,0.07323025836341603
Colonia,UY-CO,2023,33,2023-08-14,2023-08-20,3,6112.026851866528,0.4908355399459415
Durazno,UY-DU,2023,33,2023-08-14,2023-08-20,1,12228.10425056514,0.08177882519719143
Flores,UY-FS,2023,33,2023-08-14,2023-08-20,0,5140.77049712524,0.0
Florida,UY-FD,2023,33,2023-08-14,2023-08-20,1,10405.572253242583,0.09610235512884745
Lavalleja,UY-LA,2023,33,2023-08-14,2023-08-20,3,10031.272844140674,0.29906473950136025
Maldonado,UY-MA,2023,33,2023-08-14,2023-08-20,10,4803.260185508939,2.0819192826924557
Montevideo,UY-MO,2023,33,2023-08-14,2023-08-20,0,527.7536386520376,0.0
Paysandú,UY-PA,2023,33,2023-08-14,2023-08-20,1,14088.526169172621,0.0709797453610243
Rivera,UY-RV,2023,33,2023-08-14,2023-08-20,0,9329.550532265199,0.0
Rocha,UY-RO,2023,33,2023-08-14,2023-08-20,3,10558.553826772255,0.28412982016469
Río Negro,UY-RN,2023,33,2023-08-14,2023-08-20,3,9810.67596839813,0.30578932681738896
Salto,UY-SA,2023,33,2023-08-14,2023-08-20,0,14170.87435119916,0.0
San José,UY-SJ,2023,33,2023-08-14,2023-08-20,10,5002.920653176918,1.998832420748043
Soriano,UY-SO,2023,33,2023-08-14,2023-08-20,1,9122.538742945157,0.10961860817235138
Tacuarembó,UY-TA,2023,33,2023-08-14,2023-08-20,0,15973.367767510354,0.0
Treinta y Tres,UY-TT,2023,33,2023-08-14,2023-08-20,1,9285.005878360264,0.10770052416774566
Artigas,UY-AR,2023,34,2023-08-21,2023-08-27,1,12010.600679730765,0.08325978247595993
Canelones,UY-CA,2023,34,2023-08-21,2023-08-27,1,4520.87871068126,0.22119593645309454
Cerro Largo,UY-CL,2023,34,2023-08-21,2023-08-27,0,13655.557447815512,0.0
Colonia,UY-CO,2023,34,2023-08-21,2023-08-27,0,6112.026851866528,0.0
Durazno,UY-DU,2023,34,2023-08-21,2023-08-27,0,12228.10425056514,0.0
Flores,UY-FS,2023,34,2023-08-21,2023-08-27,0,5140.77049712524,0.0
Florida,UY-FD,2023,34,2023-08-21,2023-08-27,0,10405.572253242583,0.0
Lavalleja,UY-LA,2023,34,2023-08-21,2023-08-27,0,10031.272844140674,0.0
Maldonado,UY-MA,2023,34,2023-08-21,2023-08-27,0,4803.260185508939,0.0
Montevideo,UY-MO,2023,34,2023-08-21,2023-08-27,0,527.7536386520376,0.0
Paysandú,UY-PA,2023,34,2023-08-21,2023-08-27,0,14088.526169172621,0.0
Rivera,UY-RV,2023,34,2023-08-21,2023-08-27,0,9329.550532265199,0.0
Rocha,UY-RO,2023,34,2023-08-21,2023-08-27,0,10558.553826772255,0.0
Río Negro,UY-RN,2023,34,2023-08-21,2023-08-27,0,9810.67596839813,0.0
Salto,UY-SA,2023,34,2023-08-21,2023-08-27,1,14170.87435119916,0.07056727589398029
San José,UY-SJ,2023,34,2023-08-21,2023-08-27,0,5002.920653176918,0.0
Soriano,UY-SO,2023,34,2023-08-21,2023-08-27,0,9122.538742945157,0.0
Tacuarembó,UY-TA,2023,34,2023-08-21,2023-08-27,2,15973.367767510354,0.1252084112198291
Treinta y Tres,UY-TT,2023,34,2023-08-21,2023-08-27,0,9285.005878360264,0.0
Artigas,UY-AR,2023,35,2023-08-28,2023-09-03,1,12010.600679730765,0.08325978247595993
Canelones,UY-CA,2023,35,2023-08-28,2023-09-03,0,4520.87871068126,0.0
Cerro Largo,UY-CL,2023,35,2023-08-28,2023-09-03,0,13655.557447815512,0.0
Colonia,UY-CO,2023,35,2023-08-28,2023-09-03,3,6112.026851866528,0.4908355399459415
Durazno,UY-DU,2023,35,2023-08-28,2023-09-03,0,12228.10425056514,0.0
Flores,UY-FS,2023,35,2023-08-28,2023-09-03,0,5140.77049712524,0.0
Florida,UY-FD,2023,35,2023-08-28,2023-09-03,0,10405.572253242583,0.0
Lavalleja,UY-LA,2023,35,2023-08-28,2023-09-03,4,10031.272844140674,0.39875298600181364
Maldonado,UY-MA,2023,35,2023-08-28,2023-09-03,1,4803.260185508939,0.20819192826924554
Montevideo,UY-MO,2023,35,2023-08-28,2023-09-03,0,527.7536386520376,0.0
Paysandú,UY-PA,2023,35,2023-08-28,2023-09-03,3,14088.526169172621,0.21293923608307294
Rivera,UY-RV,2023,35,2023-08-28,2023-09-03,0,9329.550532265199,0.0
Rocha,UY-RO,2023,35,2023-08-28,2023-09-03,0,10558.553826772255,0.0
Río Negro,UY-RN,2023,35,2023-08-28,2023-09-03,5,9810.67596839813,0.5096488780289816
Salto,UY-SA,2023,35,2023-08-28,2023-09-03,2,14170.87435119916,0.14113455178796058
San José,UY-SJ,2023,35,2023-08-28,2023-09-03,3,5002.920653176918,0.5996497262244129
Soriano,UY-SO,2023,35,2023-08-28,2023-09-03,2,9122.538742945157,0.21923721634470275
Tacuarembó,UY-TA,2023,35,2023-08-28,2023-09-03,5,15973.367767510354,0.31302102804957277
Treinta y Tres,UY-TT,2023,35,2023-08-28,2023-09-03,1,9285.005878360264,0.10770052416774566
Artigas,UY-AR,2023,36,2023-09-04,2023-09-10,2,12010.600679730765,0.16651956495191986
Canelones,UY-CA,2023,36,2023-09-04,2023-09-10,0,4520.87871068126,0.0
Cerro Largo,UY-CL,2023,36,2023-09-04,2023-09-10,1,13655.557447815512,0.07323025836341603
Colonia,UY-CO,2023,36,2023-09-04,2023-09-10,0,6112.026851866528,0.0
Durazno,UY-DU,2023,36,2023-09-04,2023-09-10,0,12228.10425056514,0.0
Flores,UY-FS,2023,36,2023-09-04,2023-09-10,0,5140.77049712524,0.0
Florida,UY-FD,2023,36,2023-09-04,2023-09-10,0,10405.572253242583,0.0
Lavalleja,UY-LA,2023,36,2023-09-04,2023-09-10,1,10031.272844140674,0.09968824650045341
Maldonado,UY-MA,2023,36,2023-09-04,2023-09-10,0,4803.260185508939,0.0
Montevideo,UY-MO,2023,36,2023-09-04,2023-09-10,0,527.7536386520376,0.0
Paysandú,UY-PA,2023,36,2023-09-04,2023-09-10,0,14088.526169172621,0.0
Rivera,UY-RV,2023,36,2023-09-04,2023-09-10,0,9329.550532265199,0.0
Rocha,UY-RO,2023,36,2023-09-04,2023-09-10,0,10558.553826772255,0.0
Río Negro,UY-RN,2023,36,2023-09-04,2023-09-10,0,9810.67596839813,0.0
Salto,UY-SA,2023,36,2023-09-04,2023-09-10,0,14170.87435119916,0.0
San José,UY-SJ,2023,36,2023-09-04,2023-09-10,0,5002.920653176918,0.0
Soriano,UY-SO,2023,36,2023-09-04,2023-09-10,0,9122.538742945157,0.0
Tacuarembó,UY-TA,2023,36,2023-09-04,2023-09-10,0,15973.367767510354,0.0
Treinta y Tres,UY-TT,2023,36,2023-09-04,2023-09-10,0,9285.005878360264,0.0
Artigas,UY-AR,2023,37,2023-09-11,2023-09-17,1,12010.600679730765,0.08325978247595993
Canelones,UY-CA,2023,37,2023-09-11,2023-09-17,0,4520.87871068126,0.0
Cerro Largo,UY-CL,2023,37,2023-09-11,2023-09-17,0,13655.557447815512,0.0
Colonia,UY-CO,2023,37,2023-09-11,2023-09-17,0,6112.026851866528,0.0
Durazno,UY-DU,2023,37,2023-09-11,2023-09-17,0,12228.10425056514,0.0
Flores,UY-FS,2023,37,2023-09-11,2023-09-17,0,5140.77049712524,0.0
Florida,UY-FD,2023,37,2023-09-11,2023-09-17,0,10405.572253242583,0.0
Lavalleja,UY-LA,2023,37,2023-09-11,2023-09-17,1,10031.272844140674,0.09968824650045341
Maldonado,UY-MA,2023,37,2023-09-11,2023-09-17,0,4803.260185508939,0.0
Montevideo,UY-MO,2023,37,2023-09-11,2023-09-17,0,527.7536386520376,0.0
Paysandú,UY-PA,2023,37,2023-09-11,2023-09-17,0,14088.526169172621,0.0
Rivera,UY-RV,2023,37,2023-09-11,2023-09-17,0,9329.550532265199,0.0
Rocha,UY-RO,2023,37,2023-09-11,2023-09-17,1,10558.553826772255,0.09470994005489665
Río Negro,UY-RN,2023,37,2023-09-11,2023-09-17,1,9810.67596839813,0.10192977560579633
Salto,UY-SA,2023,37,2023-09-11,2023-09-17,0,14170.87435119916,0.0
San José,UY-SJ,2023,37,2023-09-11,2023-09-17,1,5002.920653176918,0.19988324207480432
Soriano,UY-SO,2023,37,2023-09-11,2023-09-17,0,9122.538742945157,0.0
Tacuarembó,UY-TA,2023,37,2023-09-11,2023-09-17,0,15973.367767510354,0.0
Treinta y Tres,UY-TT,2023,37,2023-09-11,2023-09-17,0,9285.005878360264,0.0
Artigas,UY-AR,2023,38,2023-09-18,2023-09-24,0,12010.600679730765,0.0
Canelones,UY-CA,2023,38,2023-09-18,2023-09-24,0,4520.87871068126,0.0
Cerro Largo,UY-CL,2023,38,2023-09-18,2023-09-24,0,13655.557447815512,0.0
Colonia,UY-CO,2023,38,2023-09-18,2023-09-24,0,6112.026851866528,0.0
Durazno,UY-DU,2023,38,2023-09-18,2023-09-24,0,12228.10425056514,0.0
Flores,UY-FS,2023,38,2023-09-18,2023-09-24,0,5140.77049712524,0.0
Florida,UY-FD,2023,38,2023-09-18,2023-09-24,0,10405.572253242583,0.0
Lavalleja,UY-LA,2023,38,2023-09-18,2023-09-24,0,10031.272844140674,0.0
Maldonado,UY-MA,2023,38,2023-09-18,2023-09-24,0,4803.260185508939,0.0
Montevideo,UY-MO,2023,38,2023-09-18,2023-09-24,0,527.7536386520376,0.0
Paysandú,UY-PA,2023,38,2023-09-18,2023-09-24,0,14088.526169172621,0.0
Rivera,UY-RV,2023,38,2023-09-18,2023-09-24,0,9329.550532265199,0.0
Rocha,UY-RO,2023,38,2023-09-18,2023-09-24,0,10558.553826772255,0.0
Río Negro,UY-RN,2023,38,2023-09-18,2023-09-24,0,9810.67596839813,0.0
Salto,UY-SA,2023,38,2023-09-18,2023-09-24,0,14170.87435119916,0.0
San José,UY-SJ,2023,38,2023-09-18,2023-09-24,0,5002.920653176918,0.0
Soriano,UY-SO,2023,38,2023-09-18,2023-09-24,0,9122.538742945157,0.0
Tacuarembó,UY-TA,2023,38,2023-09-18,2023-09-24,0,15973.367767510354,0.0
Treinta y Tres,UY-TT,2023,38,2023-09-18,2023-09-24,0,9285.005878360264,0.0
Artigas,UY-AR,2023,39,2023-09-25,2023-10-01,3,12010.600679730765,0.2497793474278798
Canelones,UY-CA,2023,39,2023-09-25,2023-10-01,0,4520.87871068126,0.0
Cerro Largo,UY-CL,2023,39,2023-09-25,2023-10-01,0,13655.557447815512,0.0
Colonia,UY-CO,2023,39,2023-09-25,2023-10-01,1,6112.026851866528,0.16361184664864717
Durazno,UY-DU,2023,39,2023-09-25,2023-10-01,0,12228.10425056514,0.0
Flores,UY-FS,2023,39,2023-09-25,2023-10-01,0,5140.77049712524,0.0
Florida,UY-FD,2023,39,2023-09-25,2023-10-01,1,10405.572253242583,0.09610235512884745
Lavalleja,UY-LA,2023,39,2023-09-25,2023-10-01,4,10031.272844140674,0.39875298600181364
Maldonado,UY-MA,2023,39,2023-09-25,2023-10-01,0,4803.260185508939,0.0
Montevideo,UY-MO,2023,39,2023-09-25,2023-10-01,0,527.7536386520376,0.0
Paysandú,UY-PA,2023,39,2023-09-25,2023-10-01,1,14088.526169172621,0.0709797453610243
Rivera,UY-RV,2023,39,2023-09-25,2023-10-01,0,9329.550532265199,0.0
Rocha,UY-RO,2023,39,2023-09-25,2023-10-01,3,10558.553826772255,0.28412982016469
Río Negro,UY-RN,2023,39,2023-09-25,2023-10-01,0,9810.67596839813,0.0
Salto,UY-SA,2023,39,2023-09-25,2023-10-01,0,14170.87435119916,0.0
San José,UY-SJ,2023,39,2023-09-25,2023-10-01,3,5002.920653176918,0.5996497262244129
Soriano,UY-SO,2023,39,2023-09-25,2023-10-01,0,9122.538742945157,0.0
Tacuarembó,UY-TA,2023,39,2023-09-25,2023-10-01,0,15973.367767510354,0.0
Treinta y Tres,UY-TT,2023,39,2023-09-25,2023-10-01,0,9285.005878360264,0.0
Artigas,UY-AR,2023,40,2023-10-02,2023-10-08,4,12010.600679730765,0.3330391299038397
Canelones,UY-CA,2023,40,2023-10-02,2023-10-08,0,4520.87871068126,0.0
Cerro Largo,UY-CL,2023,40,2023-10-02,2023-10-08,2,13655.557447815512,0.14646051672683205
Colonia,UY-CO,2023,40,2023-10-02,2023-10-08,4,6112.026851866528,0.6544473865945887
Durazno,UY-DU,2023,40,2023-10-02,2023-10-08,2,12228.10425056514,0.16355765039438286
Flores,UY-FS,2023,40,2023-10-02,2023-10-08,0,5140.77049712524,0.0
Florida,UY-FD,2023,40,2023-10-02,2023-10-08,0,10405.572253242583,0.0
Lavalleja,UY-LA,2023,40,2023-10-02,2023-10-08,0,10031.272844140674,0.0
Maldonado,UY-MA,2023,40,2023-10-02,2023-10-08,1,4803.260185508939,0.20819192826924554
Montevideo,UY-MO,2023,40,2023-10-02,2023-10-08,0,527.7536386520376,0.0
Paysandú,UY-PA,2023,40,2023-10-02,2023-10-08,1,14088.526169172621,0.0709797453610243
Rivera,UY-RV,2023,40,2023-10-02,2023-10-08,0,9329.550532265199,0.0
Rocha,UY-RO,2023,40,2023-10-02,2023-10-08,1,10558.553826772255,0.09470994005489665
Río Negro,UY-RN,2023,40,2023-10-02,2023-10-08,0,9810.67596839813,0.0
Salto,UY-SA,2023,40,2023-10-02,2023-10-08,0,14170.87435119916,0.0
San José,UY-SJ,2023,40,2023-10-02,2023-10-08,2,5002.920653176918,0.39976648414960864
Soriano,UY-SO,2023,40,2023-10-02,2023-10-08,1,9122.538742945157,0.10961860817235138
Tacuarembó,UY-TA,2023,40,2023-10-02,2023-10-08,0,15973.367767510354,0.0
Treinta y Tres,UY-TT,2023,40,2023-10-02,2023-10-08,0,9285.005878360264,0.0
Artigas,UY-AR,2023,41,2023-10-09,2023-10-15,0,12010.600679730765,0.0
Canelones,UY-CA,2023,41,2023-10-09,2023-10-15,1,4520.87871068126,0.22119593645309454
Cerro Largo,UY-CL,2023,41,2023-10-09,2023-10-15,4,13655.557447815512,0.2929210334536641
Colonia,UY-CO,2023,41,2023-10-09,2023-10-15,3,6112.026851866528,0.4908355399459415
Durazno,UY-DU,2023,41,2023-10-09,2023-10-15,1,12228.10425056514,0.08177882519719143
Flores,UY-FS,2023,41,2023-10-09,2023-10-15,1,5140.77049712524,0.1945233697087252
Florida,UY-FD,2023,41,2023-10-09,2023-10-15,4,10405.572253242583,0.3844094205153898
Lavalleja,UY-LA,2023,41,2023-10-09,2023-10-15,6,10031.272844140674,0.5981294790027205
Maldonado,UY-MA,2023,41,2023-10-09,2023-10-15,0,4803.260185508939,0.0
Montevideo,UY-MO,2023,41,2023-10-09,2023-10-15,0,527.7536386520376,0.0
Paysandú,UY-PA,2023,41,2023-10-09,2023-10-15,1,14088.526169172621,0.0709797453610243
Rivera,UY-RV,2023,41,2023-10-09,2023-10-15,0,9329.550532265199,0.0
Rocha,UY-RO,2023,41,2023-10-09,2023-10-15,5,10558.553826772255,0.4735497002744833
Río Negro,UY-RN,2023,41,2023-10-09,2023-10-15,0,9810.67596839813,0.0
Salto,UY-SA,2023,41,2023-10-09,2023-10-15,0,14170.87435119916,0.0
San José,UY-SJ,2023,41,2023-10-09,2023-10-15,2,5002.920653176918,0.39976648414960864
Soriano,UY-SO,2023,41,2023-10-09,2023-10-15,3,9122.538742945157,0.32885582451705414
Tacuarembó,UY-TA,2023,41,2023-10-09,2023-10-15,1,15973.367767510354,0.06260420560991455
Treinta y Tres,UY-TT,2023,41,2023-10-09,2023-10-15,4,9285.005878360264,0.4308020966709826
Artigas,UY-AR,2023,42,2023-10-16,2023-10-22,0,12010.600679730765,0.0
Canelones,UY-CA,2023,42,2023-10-16,2023-10-22,0,4520.87871068126,0.0
Cerro Largo,UY-CL,2023,42,2023-10-16,2023-10-22,5,13655.557447815512,0.36615129181708017
Colonia,UY-CO,2023,42,2023-10-16,2023-10-22,0,6112.026851866528,0.0
Durazno,UY-DU,2023,42,2023-10-16,2023-10-22,0,12228.10425056514,0.0
Flores,UY-FS,2023,42,2023-10-16,2023-10-22,0,5140.77049712524,0.0
Florida,UY-FD,2023,42,2023-10-16,2023-10-22,0,10405.572253242583,0.0
Lavalleja,UY-LA,2023,42,2023-10-16,2023-10-22,4,10031.272844140674,0.39875298600181364
Maldonado,UY-MA,2023,42,2023-10-16,2023-10-22,0,4803.260185508939,0.0
Montevideo,UY-MO,2023,42,2023-10-16,2023-10-22,0,527.7536386520376,0.0
Paysandú,UY-PA,2023,42,2023-10-16,2023-10-22,1,14088.526169172621,0.0709797453610243
Rivera,UY-RV,2023,42,2023-10-16,2023-10-22,0,9329.550532265199,0.0
Rocha,UY-RO,2023,42,2023-10-16,2023-10-22,1,10558.553826772255,0.09470994005489665
Río Negro,UY-RN,2023,42,2023-10-16,2023-10-22,0,9810.67596839813,0.0
Salto,UY-SA,2023,42,2023-10-16,2023-10-22,0,14170.87435119916,0.0
San José,UY-SJ,2023,42,2023-10-16,2023-10-22,1,5002.920653176918,0.19988324207480432
Soriano,UY-SO,2023,42,2023-10-16,2023-10-22,1,9122.538742945157,0.10961860817235138
Tacuarembó,UY-TA,2023,42,2023-10-16,2023-10-22,3,15973.367767510354,0.18781261682974365
Treinta y Tres,UY-TT,2023,42,2023-10-16,2023-10-22,5,9285.005878360264,0.5385026208387282
Artigas,UY-AR,2023,43,2023-10-23,2023-10-29,1,12010.600679730765,0.08325978247595993
Canelones,UY-CA,2023,43,2023-10-23,2023-10-29,1,4520.87871068126,0.22119593645309454
Cerro Largo,UY-CL,2023,43,2023-10-23,2023-10-29,8,13655.557447815512,0.5858420669073282
Colonia,UY-CO,2023,43,2023-10-23,2023-10-29,3,6112.026851866528,0.4908355399459415
Durazno,UY-DU,2023,43,2023-10-23,2023-10-29,0,12228.10425056514,0.0
Flores,UY-FS,2023,43,2023-10-23,2023-10-29,1,5140.77049712524,0.1945233697087252
Florida,UY-FD,2023,43,2023-10-23,2023-10-29,0,10405.572253242583,0.0
Lavalleja,UY-LA,2023,43,2023-10-23,2023-10-29,3,10031.272844140674,0.29906473950136025
Maldonado,UY-MA,2023,43,2023-10-23,2023-10-29,1,4803.260185508939,0.20819192826924554
Montevideo,UY-MO,2023,43,2023-10-23,2023-10-29,0,527.7536386520376,0.0
Paysandú,UY-PA,2023,43,2023-10-23,2023-10-29,0,14088.526169172621,0.0
Rivera,UY-RV,2023,43,2023-10-23,2023-10-29,0,9329.550532265199,0.0
Rocha,UY-RO,2023,43,2023-10-23,2023-10-29,3,10558.553826772255,0.28412982016469
Río Negro,UY-RN,2023,43,2023-10-23,2023-10-29,0,9810.67596839813,0.0
Salto,UY-SA,2023,43,2023-10-23,2023-10-29,1,14170.87435119916,0.07056727589398029
San José,UY-SJ,2023,43,2023-10-23,2023-10-29,2,5002.920653176918,0.39976648414960864
Soriano,UY-SO,2023,43,2023-10-23,2023-10-29,2,9122.538742945157,0.21923721634470275
Tacuarembó,UY-TA,2023,43,2023-10-23,2023-10-29,1,15973.367767510354,0.06260420560991455
Treinta y Tres,UY-TT,2023,43,2023-10-23,2023-10-29,1,9285.005878360264,0.10770052416774566
Artigas,UY-AR,2023,44,2023-10-30,2023-11-05,0,12010.600679730765,0.0
Canelones,UY-CA,2023,44,2023-10-30,2023-11-05,1,4520.87871068126,0.22119593645309454
Cerro Largo,UY-CL,2023,44,2023-10-30,2023-11-05,0,13655.557447815512,0.0
Colonia,UY-CO,2023,44,2023-10-30,2023-11-05,0,6112.026851866528,0.0
Durazno,UY-DU,2023,44,2023-10-30,2023-11-05,0,12228.10425056514,0.0
Flores,UY-FS,2023,44,2023-10-30,2023-11-05,0,5140.77049712524,0.0
Florida,UY-FD,2023,44,2023-10-30,2023-11-05,0,10405.572253242583,0.0
Lavalleja,UY-LA,2023,44,2023-10-30,2023-11-05,0,10031.272844140674,0.0
Maldonado,UY-MA,2023,44,2023-10-30,2023-11-05,0,4803.260185508939,0.0
Montevideo,UY-MO,2023,44,2023-10-30,2023-11-05,0,527.7536386520376,0.0
Paysandú,UY-PA,2023,44,2023-10-30,2023-11-05,0,14088.526169172621,0.0
Rivera,UY-RV,2023,44,2023-10-30,2023-11-05,1,9329.550532265199,0.10718629976241757
Rocha,UY-RO,2023,44,2023-10-30,2023-11-05,1,10558.553826772255,0.09470994005489665
Río Negro,UY-RN,2023,44,2023-10-30,2023-11-05,0,9810.67596839813,0.0
Salto,UY-SA,2023,44,2023-10-30,2023-11-05,0,14170.87435119916,0.0
San José,UY-SJ,2023,44,2023-10-30,2023-11-05,0,5002.920653176918,0.0
Soriano,UY-SO,2023,44,2023-10-30,2023-11-05,1,9122.538742945157,0.10961860817235138
Tacuarembó,UY-TA,2023,44,2023-10-30,2023-11-05,0,15973.367767510354,0.0
Treinta y Tres,UY-TT,2023,44,2023-10-30,2023-11-05,1,9285.005878360264,0.10770052416774566
Artigas,UY-AR,2023,45,2023-11-06,2023-11-12,1,12010.600679730765,0.08325978247595993
Canelones,UY-CA,2023,45,2023-11-06,2023-11-12,2,4520.87871068126,0.4423918729061891
Cerro Largo,UY-CL,2023,45,2023-11-06,2023-11-12,1,13655.557447815512,0.07323025836341603
Colonia,UY-CO,2023,45,2023-11-06,2023-11-12,5,6112.026851866528,0.8180592332432358
Durazno,UY-DU,2023,45,2023-11-06,2023-11-12,2,12228.10425056514,0.16355765039438286
Flores,UY-FS,2023,45,2023-11-06,2023-11-12,3,5140.77049712524,0.5835701091261756
Florida,UY-FD,2023,45,2023-11-06,2023-11-12,2,10405.572253242583,0.1922047102576949
Lavalleja,UY-LA,2023,45,2023-11-06,2023-11-12,3,10031.272844140674,0.29906473950136025
Maldonado,UY-MA,2023,45,2023-11-06,2023-11-12,0,4803.260185508939,0.0
Montevideo,UY-MO,2023,45,2023-11-06,2023-11-12,0,527.7536386520376,0.0
Paysandú,UY-PA,2023,45,2023-11-06,2023-11-12,0,14088.526169172621,0.0
Rivera,UY-RV,2023,45,2023-11-06,2023-11-12,0,9329.550532265199,0.0
Rocha,UY-RO,2023,45,2023-11-06,2023-11-12,1,10558.553826772255,0.09470994005489665
Río Negro,UY-RN,2023,45,2023-11-06,2023-11-12,1,9810.67596839813,0.10192977560579633
Salto,UY-SA,2023,45,2023-11-06,2023-11-12,1,14170.87435119916,0.07056727589398029
San José,UY-SJ,2023,45,2023-11-06,2023-11-12,6,5002.920653176918,1.1992994524488259
Soriano,UY-SO,2023,45,2023-11-06,2023-11-12,4,9122.538742945157,0.4384744326894055
Tacuarembó,UY-TA,2023,45,2023-11-06,2023-11-12,1,15973.367767510354,0.06260420560991455
Treinta y Tres,UY-TT,2023,45,2023-11-06,2023-11-12,0,9285.005878360264,0.0
Artigas,UY-AR,2023,46,2023-11-13,2023-11-19,0,12010.600679730765,0.0
Canelones,UY-CA,2023,46,2023-11-13,2023-11-19,1,4520.87871068126,0.22119593645309454
Cerro Largo,UY-CL,2023,46,2023-11-13,2023-11-19,0,13655.557447815512,0.0
Colonia,UY-CO,2023,46,2023-11-13,2023-11-19,0,6112.026851866528,0.0
Durazno,UY-DU,2023,46,2023-11-13,2023-11-19,0,12228.10425056514,0.0
Flores,UY-FS,2023,46,2023-11-13,2023-11-19,0,5140.77049712524,0.0
Florida,UY-FD,2023,46,2023-11-13,2023-11-19,0,10405.572253242583,0.0
Lavalleja,UY-LA,2023,46,2023-11-13,2023-11-19,3,10031.272844140674,0.29906473950136025
Maldonado,UY-MA,2023,46,2023-11-13,2023-11-19,3,4803.260185508939,0.6245757848077367
Montevideo,UY-MO,2023,46,2023-11-13,2023-11-19,3,527.7536386520376,5.684470518597376
Paysandú,UY-PA,2023,46,2023-11-13,2023-11-19,0,14088.526169172621,0.0
Rivera,UY-RV,2023,46,2023-11-13,2023-11-19,0,9329.550532265199,0.0
Rocha,UY-RO,2023,46,2023-11-13,2023-11-19,1,10558.553826772255,0.09470994005489665
Río Negro,UY-RN,2023,46,2023-11-13,2023-11-19,1,9810.67596839813,0.10192977560579633
Salto,UY-SA,2023,46,2023-11-13,2023-11-19,0,14170.87435119916,0.0
San José,UY-SJ,2023,46,2023-11-13,2023-11-19,0,5002.920653176918,0.0
Soriano,UY-SO,2023,46,2023-11-13,2023-11-19,2,9122.538742945157,0.21923721634470275
Tacuarembó,UY-TA,2023,46,2023-11-13,2023-11-19,1,15973.367767510354,0.06260420560991455
Treinta y Tres,UY-TT,2023,46,2023-11-13,2023-11-19,1,9285.005878360264,0.10770052416774566
Artigas,UY-AR,2023,47,2023-11-20,2023-11-26,1,12010.600679730765,0.08325978247595993
Canelones,UY-CA,2023,47,2023-11-20,2023-11-26,2,4520.87871068126,0.4423918729061891
Cerro Largo,UY-CL,2023,47,2023-11-20,2023-11-26,3,13655.557447815512,0.2196907750902481
Colonia,UY-CO,2023,47,2023-11-20,2023-11-26,0,6112.026851866528,0.0
Durazno,UY-DU,2023,47,2023-11-20,2023-11-26,1,12228.10425056514,0.08177882519719143
Flores,UY-FS,2023,47,2023-11-20,2023-11-26,0,5140.77049712524,0.0
Florida,UY-FD,2023,47,2023-11-20,2023-11-26,1,10405.572253242583,0.09610235512884745
Lavalleja,UY-LA,2023,47,2023-11-20,2023-11-26,2,10031.272844140674,0.19937649300090682
Maldonado,UY-MA,2023,47,2023-11-20,2023-11-26,1,4803.260185508939,0.20819192826924554
Montevideo,UY-MO,2023,47,2023-11-20,2023-11-26,0,527.7536386520376,0.0
Paysandú,UY-PA,2023,47,2023-11-20,2023-11-26,2,14088.526169172621,0.1419594907220486
Rivera,UY-RV,2023,47,2023-11-20,2023-11-26,0,9329.550532265199,0.0
Rocha,UY-RO,2023,47,2023-11-20,2023-11-26,1,10558.553826772255,0.09470994005489665
Río Negro,UY-RN,2023,47,2023-11-20,2023-11-26,0,9810.67596839813,0.0
Salto,UY-SA,2023,47,2023-11-20,2023-11-26,1,14170.87435119916,0.07056727589398029
San José,UY-SJ,2023,47,2023-11-20,2023-11-26,0,5002.920653176918,0.0
Soriano,UY-SO,2023,47,2023-11-20,2023-11-26,3,9122.538742945157,0.32885582451705414
Tacuarembó,UY-TA,2023,47,2023-11-20,2023-11-26,0,15973.367767510354,0.0
Treinta y Tres,UY-TT,2023,47,2023-11-20,2023-11-26,1,9285.005878360264,0.10770052416774566
Artigas,UY-AR,2023,48,2023-11-27,2023-12-03,2,12010.600679730765,0.16651956495191986
Canelones,UY-CA,2023,48,2023-11-27,2023-12-03,4,4520.87871068126,0.8847837458123782
Cerro Largo,UY-CL,2023,48,2023-11-27,2023-12-03,0,13655.557447815512,0.0
Colonia,UY-CO,2023,48,2023-11-27,2023-12-03,0,6112.026851866528,0.0
Durazno,UY-DU,2023,48,2023-11-27,2023-12-03,0,12228.10425056514,0.0
Flores,UY-FS,2023,48,2023-11-27,2023-12-03,1,5140.77049712524,0.1945233697087252
Florida,UY-FD,2023,48,2023-11-27,2023-12-03,1,10405.572253242583,0.09610235512884745
Lavalleja,UY-LA,2023,48,2023-11-27,2023-12-03,1,10031.272844140674,0.09968824650045341
Maldonado,UY-MA,2023,48,2023-11-27,2023-12-03,1,4803.260185508939,0.20819192826924554
Montevideo,UY-MO,2023,48,2023-11-27,2023-12-03,0,527.7536386520376,0.0
Paysandú,UY-PA,2023,48,2023-11-27,2023-12-03,0,14088.526169172621,0.0
Rivera,UY-RV,2023,48,2023-11-27,2023-12-03,0,9329.550532265199,0.0
Rocha,UY-RO,2023,48,2023-11-27,2023-12-03,0,10558.553826772255,0.0
Río Negro,UY-RN,2023,48,2023-11-27,2023-12-03,0,9810.67596839813,0.0
Salto,UY-SA,2023,48,2023-11-27,2023-12-03,0,14170.87435119916,0.0
San José,UY-SJ,2023,48,2023-11-27,2023-12-03,1,5002.920653176918,0.19988324207480432
Soriano,UY-SO,2023,48,2023-11-27,2023-12-03,0,9122.538742945157,0.0
Tacuarembó,UY-TA,2023,48,2023-11-27,2023-12-03,2,15973.367767510354,0.1252084112198291
Treinta y Tres,UY-TT,2023,48,2023-11-27,2023-12-03,1,9285.005878360264,0.10770052416774566
Artigas,UY-AR,2023,49,2023-12-04,2023-12-10,0,12010.600679730765,0.0
Canelones,UY-CA,2023,49,2023-12-04,2023-12-10,7,4520.87871068126,1.548371555171662
Cerro Largo,UY-CL,2023,49,2023-12-04,2023-12-10,0,13655.557447815512,0.0
Colonia,UY-CO,2023,49,2023-12-04,2023-12-10,0,6112.026851866528,0.0
Durazno,UY-DU,2023,49,2023-12-04,2023-12-10,1,12228.10425056514,0.08177882519719143
Flores,UY-FS,2023,49,2023-12-04,2023-12-10,1,5140.77049712524,0.1945233697087252
Florida,UY-FD,2023,49,2023-12-04,2023-12-10,2,10405.572253242583,0.1922047102576949
Lavalleja,UY-LA,2023,49,2023-12-04,2023-12-10,2,10031.272844140674,0.19937649300090682
Maldonado,UY-MA,2023,49,2023-12-04,2023-12-10,2,4803.260185508939,0.4163838565384911
Montevideo,UY-MO,2023,49,2023-12-04,2023-12-10,0,527.7536386520376,0.0
Paysandú,UY-PA,2023,49,2023-12-04,2023-12-10,2,14088.526169172621,0.1419594907220486
Rivera,UY-RV,2023,49,2023-12-04,2023-12-10,0,9329.550532265199,0.0
Rocha,UY-RO,2023,49,2023-12-04,2023-12-10,1,10558.553826772255,0.09470994005489665
Río Negro,UY-RN,2023,49,2023-12-04,2023-12-10,0,9810.67596839813,0.0
Salto,UY-SA,2023,49,2023-12-04,2023-12-10,0,14170.87435119916,0.0
San José,UY-SJ,2023,49,2023-12-04,2023-12-10,2,5002.920653176918,0.39976648414960864
Soriano,UY-SO,2023,49,2023-12-04,2023-12-10,1,9122.538742945157,0.10961860817235138
Tacuarembó,UY-TA,2023,49,2023-12-04,2023-12-10,0,15973.367767510354,0.0
Treinta y Tres,UY-TT,2023,49,2023-12-04,2023-12-10,3,9285.005878360264,0.32310157250323696
Artigas,UY-AR,2023,50,2023-12-11,2023-12-17,0,12010.600679730765,0.0
Canelones,UY-CA,2023,50,2023-12-11,2023-12-17,1,4520.87871068126,0.22119593645309454
Cerro Largo,UY-CL,2023,50,2023-12-11,2023-12-17,0,13655.557447815512,0.0
Colonia,UY-CO,2023,50,2023-12-11,2023-12-17,0,6112.026851866528,0.0
Durazno,UY-DU,2023,50,2023-12-11,2023-12-17,0,12228.10425056514,0.0
Flores,UY-FS,2023,50,2023-12-11,2023-12-17,0,5140.77049712524,0.0
Florida,UY-FD,2023,50,2023-12-11,2023-12-17,0,10405.572253242583,0.0
Lavalleja,UY-LA,2023,50,2023-12-11,2023-12-17,0,10031.272844140674,0.0
Maldonado,UY-MA,2023,50,2023-12-11,2023-12-17,0,4803.260185508939,0.0
Montevideo,UY-MO,2023,50,2023-12-11,2023-12-17,0,527.7536386520376,0.0
Paysandú,UY-PA,2023,50,2023-12-11,2023-12-17,0,14088.526169172621,0.0
Rivera,UY-RV,2023,50,2023-12-11,2023-12-17,0,9329.550532265199,0.0
Rocha,UY-RO,2023,50,2023-12-11,2023-12-17,0,10558.553826772255,0.0
Río Negro,UY-RN,2023,50,2023-12-11,2023-12-17,0,9810.67596839813,0.0
Salto,UY-SA,2023,50,2023-12-11,2023-12-17,0,14170.87435119916,0.0
San José,UY-SJ,2023,50,2023-12-11,2023-12-17,0,5002.920653176918,0.0
Soriano,UY-SO,2023,50,2023-12-11,2023-12-17,0,9122.538742945157,0.0
Tacuarembó,UY-TA,2023,50,2023-12-11,2023-12-17,1,15973.367767510354,0.06260420560991455
Treinta y Tres,UY-TT,2023,50,2023-12-11,2023-12-17,0,9285.005878360264,0.0
Artigas,UY-AR,2023,51,2023-12-18,2023-12-24,0,12010.600679730765,0.0
Canelones,UY-CA,2023,51,2023-12-18,2023-12-24,0,4520.87871068126,0.0
Cerro Largo,UY-CL,2023,51,2023-12-18,2023-12-24,1,13655.557447815512,0.07323025836341603
Colonia,UY-CO,2023,51,2023-12-18,2023-12-24,0,6112.026851866528,0.0
Durazno,UY-DU,2023,51,2023-12-18,2023-12-24,2,12228.10425056514,0.16355765039438286
Flores,UY-FS,2023,51,2023-12-18,2023-12-24,0,5140.77049712524,0.0
Florida,UY-FD,2023,51,2023-12-18,2023-12-24,0,10405.572253242583,0.0
Lavalleja,UY-LA,2023,51,2023-12-18,2023-12-24,0,10031.272844140674,0.0
Maldonado,UY-MA,2023,51,2023-12-18,2023-12-24,0,4803.260185508939,0.0
Montevideo,UY-MO,2023,51,2023-12-18,2023-12-24,0,527.7536386520376,0.0
Paysandú,UY-PA,2023,51,2023-12-18,2023-12-24,1,14088.526169172621,0.0709797453610243
Rivera,UY-RV,2023,51,2023-12-18,2023-12-24,0,9329.550532265199,0.0
Rocha,UY-RO,2023,51,2023-12-18,2023-12-24,0,10558.553826772255,0.0
Río Negro,UY-RN,2023,51,2023-12-18,2023-12-24,1,9810.67596839813,0.10192977560579633
Salto,UY-SA,2023,51,2023-12-18,2023-12-24,0,14170.87435119916,0.0
San José,UY-SJ,2023,51,2023-12-18,2023-12-24,0,5002.920653176918,0.0
Soriano,UY-SO,2023,51,2023-12-18,2023-12-24,0,9122.538742945157,0.0
Tacuarembó,UY-TA,2023,51,2023-12-18,2023-12-24,0,15973.367767510354,0.0
Treinta y Tres,UY-TT,2023,51,2023-12-18,2023-12-24,0,9285.005878360264,0.0
Artigas,UY-AR,2023,52,2023-12-25,2023-12-31,0,12010.600679730765,0.0
Canelones,UY-CA,2023,52,2023-12-25,2023-12-31,6,4520.87871068126,1.3271756187185673
Cerro Largo,UY-CL,2023,52,2023-12-25,2023-12-31,2,13655.557447815512,0.14646051672683205
Colonia,UY-CO,2023,52,2023-12-25,2023-12-31,0,6112.026851866528,0.0
Durazno,UY-DU,2023,52,2023-12-25,2023-12-31,2,12228.10425056514,0.16355765039438286
Flores,UY-FS,2023,52,2023-12-25,2023-12-31,2,5140.77049712524,0.3890467394174504
Florida,UY-FD,2023,52,2023-12-25,2023-12-31,4,10405.572253242583,0.3844094205153898
Lavalleja,UY-LA,2023,52,2023-12-25,2023-12-31,3,10031.272844140674,0.29906473950136025
Maldonado,UY-MA,2023,52,2023-12-25,2023-12-31,5,4803.260185508939,1.0409596413462279
Montevideo,UY-MO,2023,52,2023-12-25,2023-12-31,0,527.7536386520376,0.0
Paysandú,UY-PA,2023,52,2023-12-25,2023-12-31,0,14088.526169172621,0.0
Rivera,UY-RV,2023,52,2023-12-25,2023-12-31,0,9329.550532265199,0.0
Rocha,UY-RO,2023,52,2023-12-25,2023-12-31,1,10558.553826772255,0.09470994005489665
Río Negro,UY-RN,2023,52,2023-12-25,2023-12-31,1,9810.67596839813,0.10192977560579633
Salto,UY-SA,2023,52,2023-12-25,2023-12-31,0,14170.87435119916,0.0
San José,UY-SJ,2023,52,2023-12-25,2023-12-31,1,5002.920653176918,0.19988324207480432
Soriano,UY-SO,2023,52,2023-12-25,2023-12-31,1,9122.538742945157,0.10961860817235138
Tacuarembó,UY-TA,2023,52,2023-12-25,2023-12-31,0,15973.367767510354,0.0
Treinta y Tres,UY-TT,2023,52,2023-12-25,2023-12-31,2,9285.005878360264,0.2154010483354913
Artigas,UY-AR,2024,1,2024-01-01,2024-01-07,0,12010.600679730765,0.0
Canelones,UY-CA,2024,1,2024-01-01,2024-01-07,6,4520.87871068126,1.3271756187185673
Cerro Largo,UY-CL,2024,1,2024-01-01,2024-01-07,1,13655.557447815512,0.07323025836341603
Colonia,UY-CO,2024,1,2024-01-01,2024-01-07,0,6112.026851866528,0.0
Durazno,UY-DU,2024,1,2024-01-01,2024-01-07,1,12228.10425056514,0.08177882519719143
Flores,UY-FS,2024,1,2024-01-01,2024-01-07,1,5140.77049712524,0.1945233697087252
Florida,UY-FD,2024,1,2024-01-01,2024-01-07,0,10405.572253242583,0.0
Lavalleja,UY-LA,2024,1,2024-01-01,2024-01-07,2,10031.272844140674,0.19937649300090682
Maldonado,UY-MA,2024,1,2024-01-01,2024-01-07,3,4803.260185508939,0.6245757848077367
Montevideo,UY-MO,2024,1,2024-01-01,2024-01-07,0,527.7536386520376,0.0
Paysandú,UY-PA,2024,1,2024-01-01,2024-01-07,0,14088.526169172621,0.0
Rivera,UY-RV,2024,1,2024-01-01,2024-01-07,0,9329.550532265199,0.0
Rocha,UY-RO,2024,1,2024-01-01,2024-01-07,0,10558.553826772255,0.0
Río Negro,UY-RN,2024,1,2024-01-01,2024-01-07,0,9810.67596839813,0.0
Salto,UY-SA,2024,1,2024-01-01,2024-01-07,0,14170.87435119916,0.0
San José,UY-SJ,2024,1,2024-01-01,2024-01-07,0,5002.920653176918,0.0
Soriano,UY-SO,2024,1,2024-01-01,2024-01-07,0,9122.538742945157,0.0
Tacuarembó,UY-TA,2024,1,2024-01-01,2024-01-07,0,15973.367767510354,0.0
Treinta y Tres,UY-TT,2024,1,2024-01-01,2024-01-07,1,9285.005878360264,0.10770052416774566
Artigas,UY-AR,2024,2,2024-01-08,2024-01-14,0,12010.600679730765,0.0
Canelones,UY-CA,2024,2,2024-01-08,2024-01-14,4,4520.87871068126,0.8847837458123782
Cerro Largo,UY-CL,2024,2,2024-01-08,2024-01-14,0,13655.557447815512,0.0
Colonia,UY-CO,2024,2,2024-01-08,2024-01-14,0,6112.026851866528,0.0
Durazno,UY-DU,2024,2,2024-01-08,2024-01-14,0,12228.10425056514,0.0
Flores,UY-FS,2024,2,2024-01-08,2024-01-14,0,5140.77049712524,0.0
Florida,UY-FD,2024,2,2024-01-08,2024-01-14,1,10405.572253242583,0.09610235512884745
Lavalleja,UY-LA,2024,2,2024-01-08,2024-01-14,1,10031.272844140674,0.09968824650045341
Maldonado,UY-MA,2024,2,2024-01-08,2024-01-14,0,4803.260185508939,0.0
Montevideo,UY-MO,2024,2,2024-01-08,2024-01-14,0,527.7536386520376,0.0
Paysandú,UY-PA,2024,2,2024-01-08,2024-01-14,0,14088.526169172621,0.0
Rivera,UY-RV,2024,2,2024-01-08,2024-01-14,0,9329.550532265199,0.0
Rocha,UY-RO,2024,2,2024-01-08,2024-01-14,0,10558.553826772255,0.0
Río Negro,UY-RN,2024,2,2024-01-08,2024-01-14,0,9810.67596839813,0.0
Salto,UY-SA,2024,2,2024-01-08,2024-01-14,0,14170.87435119916,0.0
San José,UY-SJ,2024,2,2024-01-08,2024-01-14,2,5002.920653176918,0.39976648414960864
Soriano,UY-SO,2024,2,2024-01-08,2024-01-14,1,9122.538742945157,0.10961860817235138
Tacuarembó,UY-TA,2024,2,2024-01-08,2024-01-14,0,15973.367767510354,0.0
Treinta y Tres,UY-TT,2024,2,2024-01-08,2024-01-14,0,9285.005878360264,0.0
Artigas,UY-AR,2024,3,2024-01-15,2024-01-21,0,12010.600679730765,0.0
Canelones,UY-CA,2024,3,2024-01-15,2024-01-21,13,4520.87871068126,2.8755471738902294
Cerro Largo,UY-CL,2024,3,2024-01-15,2024-01-21,2,13655.557447815512,0.14646051672683205
Colonia,UY-CO,2024,3,2024-01-15,2024-01-21,0,6112.026851866528,0.0
Durazno,UY-DU,2024,3,2024-01-15,2024-01-21,3,12228.10425056514,0.2453364755915743
Flores,UY-FS,2024,3,2024-01-15,2024-01-21,1,5140.77049712524,0.1945233697087252
Florida,UY-FD,2024,3,2024-01-15,2024-01-21,4,10405.572253242583,0.3844094205153898
Lavalleja,UY-LA,2024,3,2024-01-15,2024-01-21,6,10031.272844140674,0.5981294790027205
Maldonado,UY-MA,2024,3,2024-01-15,2024-01-21,3,4803.260185508939,0.6245757848077367
Montevideo,UY-MO,2024,3,2024-01-15,2024-01-21,0,527.7536386520376,0.0
Paysandú,UY-PA,2024,3,2024-01-15,2024-01-21,0,14088.526169172621,0.0
Rivera,UY-RV,2024,3,2024-01-15,2024-01-21,0,9329.550532265199,0.0
Rocha,UY-RO,2024,3,2024-01-15,2024-01-21,2,10558.553826772255,0.1894198801097933
Río Negro,UY-RN,2024,3,2024-01-15,2024-01-21,0,9810.67596839813,0.0
Salto,UY-SA,2024,3,2024-01-15,2024-01-21,0,14170.87435119916,0.0
San José,UY-SJ,2024,3,2024-01-15,2024-01-21,4,5002.920653176918,0.7995329682992173
Soriano,UY-SO,2024,3,2024-01-15,2024-01-21,1,9122.538742945157,0.10961860817235138
Tacuarembó,UY-TA,2024,3,2024-01-15,2024-01-21,0,15973.367767510354,0.0
Treinta y Tres,UY-TT,2024,3,2024-01-15,2024-01-21,1,9285.005878360264,0.10770052416774566
Artigas,UY-AR,2024,4,2024-01-22,2024-01-28,0,12010.600679730765,0.0
Canelones,UY-CA,2024,4,2024-01-22,2024-01-28,4,4520.87871068126,0.8847837458123782
Cerro Largo,UY-CL,2024,4,2024-01-22,2024-01-28,1,13655.557447815512,0.07323025836341603
Colonia,UY-CO,2024,4,2024-01-22,2024-01-28,0,6112.026851866528,0.0
Durazno,UY-DU,2024,4,2024-01-22,2024-01-28,0,12228.10425056514,0.0
Flores,UY-FS,2024,4,2024-01-22,2024-01-28,0,5140.77049712524,0.0
Florida,UY-FD,2024,4,2024-01-22,2024-01-28,2,10405.572253242583,0.1922047102576949
Lavalleja,UY-LA,2024,4,2024-01-22,2024-01-28,4,10031.272844140674,0.39875298600181364
Maldonado,UY-MA,2024,4,2024-01-22,2024-01-28,5,4803.260185508939,1.0409596413462279
Montevideo,UY-MO,2024,4,2024-01-22,2024-01-28,0,527.7536386520376,0.0
Paysandú,UY-PA,2024,4,2024-01-22,2024-01-28,0,14088.526169172621,0.0
Rivera,UY-RV,2024,4,2024-01-22,2024-01-28,0,9329.550532265199,0.0
Rocha,UY-RO,2024,4,2024-01-22,2024-01-28,2,10558.553826772255,0.1894198801097933
Río Negro,UY-RN,2024,4,2024-01-22,2024-01-28,0,9810.67596839813,0.0
Salto,UY-SA,2024,4,2024-01-22,2024-01-28,0,14170.87435119916,0.0
San José,UY-SJ,2024,4,2024-01-22,2024-01-28,1,5002.920653176918,0.19988324207480432
Soriano,UY-SO,2024,4,2024-01-22,2024-01-28,0,9122.538742945157,0.0
Tacuarembó,UY-TA,2024,4,2024-01-22,2024-01-28,0,15973.367767510354,0.0
Treinta y Tres,UY-TT,2024,4,2024-01-22,2024-01-28,0,9285.005878360264,0.0
Artigas,UY-AR,2024,5,2024-01-29,2024-02-04,2,12010.600679730765,0.16651956495191986
Canelones,UY-CA,2024,5,2024-01-29,2024-02-04,2,4520.87871068126,0.4423918729061891
Cerro Largo,UY-CL,2024,5,2024-01-29,2024-02-04,0,13655.557447815512,0.0
Colonia,UY-CO,2024,5,2024-01-29,2024-02-04,0,6112.026851866528,0.0
Durazno,UY-DU,2024,5,2024-01-29,2024-02-04,0,12228.10425056514,0.0
Flores,UY-FS,2024,5,2024-01-29,2024-02-04,0,5140.77049712524,0.0
Florida,UY-FD,2024,5,2024-01-29,2024-02-04,0,10405.572253242583,0.0
Lavalleja,UY-LA,2024,5,2024-01-29,2024-02-04,1,10031.272844140674,0.09968824650045341
Maldonado,UY-MA,2024,5,2024-01-29,2024-02-04,0,4803.260185508939,0.0
Montevideo,UY-MO,2024,5,2024-01-29,2024-02-04,0,527.7536386520376,0.0
Paysandú,UY-PA,2024,5,2024-01-29,2024-02-04,0,14088.526169172621,0.0
Rivera,UY-RV,2024,5,2024-01-29,2024-02-04,0,9329.550532265199,0.0
Rocha,UY-RO,2024,5,2024-01-29,2024-02-04,0,10558.553826772255,0.0
Río Negro,UY-RN,2024,5,2024-01-29,2024-02-04,0,9810.67596839813,0.0
Salto,UY-SA,2024,5,2024-01-29,2024-02-04,0,14170.87435119916,0.0
San José,UY-SJ,2024,5,2024-01-29,2024-02-04,0,5002.920653176918,0.0
Soriano,UY-SO,2024,5,2024-01-29,2024-02-04,0,9122.538742945157,0.0
Tacuarembó,UY-TA,2024,5,2024-01-29,2024-02-04,7,15973.367767510354,0.4382294392694019
Treinta y Tres,UY-TT,2024,5,2024-01-29,2024-02-04,0,9285.005878360264,0.0
Artigas,UY-AR,2024,6,2024-02-05,2024-02-11,2,12010.600679730765,0.16651956495191986
Canelones,UY-CA,2024,6,2024-02-05,2024-02-11,2,4520.87871068126,0.4423918729061891
Cerro Largo,UY-CL,2024,6,2024-02-05,2024-02-11,1,13655.557447815512,0.07323025836341603
Colonia,UY-CO,2024,6,2024-02-05,2024-02-11,0,6112.026851866528,0.0
Durazno,UY-DU,2024,6,2024-02-05,2024-02-11,0,12228.10425056514,0.0
Flores,UY-FS,2024,6,2024-02-05,2024-02-11,0,5140.77049712524,0.0
Florida,UY-FD,2024,6,2024-02-05,2024-02-11,0,10405.572253242583,0.0
Lavalleja,UY-LA,2024,6,2024-02-05,2024-02-11,0,10031.272844140674,0.0
Maldonado,UY-MA,2024,6,2024-02-05,2024-02-11,0,4803.260185508939,0.0
Montevideo,UY-MO,2024,6,2024-02-05,2024-02-11,0,527.7536386520376,0.0
Paysandú,UY-PA,2024,6,2024-02-05,2024-02-11,0,14088.526169172621,0.0
Rivera,UY-RV,2024,6,2024-02-05,2024-02-11,1,9329.550532265199,0.10718629976241757
Rocha,UY-RO,2024,6,2024-02-05,2024-02-11,0,10558.553826772255,0.0
Río Negro,UY-RN,2024,6,2024-02-05,2024-02-11,0,9810.67596839813,0.0
Salto,UY-SA,2024,6,2024-02-05,2024-02-11,0,14170.87435119916,0.0
San José,UY-SJ,2024,6,2024-02-05,2024-02-11,0,5002.920653176918,0.0
Soriano,UY-SO,2024,6,2024-02-05,2024-02-11,0,9122.538742945157,0.0
Tacuarembó,UY-TA,2024,6,2024-02-05,2024-02-11,0,15973.367767510354,0.0
Treinta y Tres,UY-TT,2024,6,2024-02-05,2024-02-11,0,9285.005878360264,0.0
Artigas,UY-AR,2024,7,2024-02-12,2024-02-18,0,12010.600679730765,0.0
Canelones,UY-CA,2024,7,2024-02-12,2024-02-18,0,4520.87871068126,0.0
Cerro Largo,UY-CL,2024,7,2024-02-12,2024-02-18,0,13655.557447815512,0.0
Colonia,UY-CO,2024,7,2024-02-12,2024-02-18,0,6112.026851866528,0.0
Durazno,UY-DU,2024,7,2024-02-12,2024-02-18,0,12228.10425056514,0.0
Flores,UY-FS,2024,7,2024-02-12,2024-02-18,0,5140.77049712524,0.0
Florida,UY-FD,2024,7,2024-02-12,2024-02-18,0,10405.572253242583,0.0
Lavalleja,UY-LA,2024,7,2024-02-12,2024-02-18,0,10031.272844140674,0.0
Maldonado,UY-MA,2024,7,2024-02-12,2024-02-18,0,4803.260185508939,0.0
Montevideo,UY-MO,2024,7,2024-02-12,2024-02-18,0,527.7536386520376,0.0
Paysandú,UY-PA,2024,7,2024-02-12,2024-02-18,0,14088.526169172621,0.0
Rivera,UY-RV,2024,7,2024-02-12,2024-02-18,0,9329.550532265199,0.0
Rocha,UY-RO,2024,7,2024-02-12,2024-02-18,0,10558.553826772255,0.0
Río Negro,UY-RN,2024,7,2024-02-12,2024-02-18,0,9810.67596839813,0.0
Salto,UY-SA,2024,7,2024-02-12,2024-02-18,0,14170.87435119916,0.0
San José,UY-SJ,2024,7,2024-02-12,2024-02-18,0,5002.920653176918,0.0
Soriano,UY-SO,2024,7,2024-02-12,2024-02-18,0,9122.538742945157,0.0
Tacuarembó,UY-TA,2024,7,2024-02-12,2024-02-18,0,15973.367767510354,0.0
Treinta y Tres,UY-TT,2024,7,2024-02-12,2024-02-18,0,9285.005878360264,0.0
Artigas,UY-AR,2024,8,2024-02-19,2024-02-25,0,12010.600679730765,0.0
Canelones,UY-CA,2024,8,2024-02-19,2024-02-25,0,4520.87871068126,0.0
Cerro Largo,UY-CL,2024,8,2024-02-19,2024-02-25,0,13655.557447815512,0.0
Colonia,UY-CO,2024,8,2024-02-19,2024-02-25,0,6112.026851866528,0.0
Durazno,UY-DU,2024,8,2024-02-19,2024-02-25,0,12228.10425056514,0.0
Flores,UY-FS,2024,8,2024-02-19,2024-02-25,0,5140.77049712524,0.0
Florida,UY-FD,2024,8,2024-02-19,2024-02-25,0,10405.572253242583,0.0
Lavalleja,UY-LA,2024,8,2024-02-19,2024-02-25,0,10031.272844140674,0.0
Maldonado,UY-MA,2024,8,2024-02-19,2024-02-25,0,4803.260185508939,0.0
Montevideo,UY-MO,2024,8,2024-02-19,2024-02-25,0,527.7536386520376,0.0
Paysandú,UY-PA,2024,8,2024-02-19,2024-02-25,0,14088.526169172621,0.0
Rivera,UY-RV,2024,8,2024-02-19,2024-02-25,0,9329.550532265199,0.0
Rocha,UY-RO,2024,8,2024-02-19,2024-02-25,0,10558.553826772255,0.0
Río Negro,UY-RN,2024,8,2024-02-19,2024-02-25,0,9810.67596839813,0.0
Salto,UY-SA,2024,8,2024-02-19,2024-02-25,0,14170.87435119916,0.0
San José,UY-SJ,2024,8,2024-02-19,2024-02-25,0,5002.920653176918,0.0
Soriano,UY-SO,2024,8,2024-02-19,2024-02-25,0,9122.538742945157,0.0
Tacuarembó,UY-TA,2024,8,2024-02-19,2024-02-25,0,15973.367767510354,0.0
Treinta y Tres,UY-TT,2024,8,2024-02-19,2024-02-25,0,9285.005878360264,0.0
Artigas,UY-AR,2024,9,2024-02-26,2024-03-03,0,12010.600679730765,0.0
Canelones,UY-CA,2024,9,2024-02-26,2024-03-03,1,4520.87871068126,0.22119593645309454
Cerro Largo,UY-CL,2024,9,2024-02-26,2024-03-03,1,13655.557447815512,0.07323025836341603
Colonia,UY-CO,2024,9,2024-02-26,2024-03-03,0,6112.026851866528,0.0
Durazno,UY-DU,2024,9,2024-02-26,2024-03-03,0,12228.10425056514,0.0
Flores,UY-FS,2024,9,2024-02-26,2024-03-03,0,5140.77049712524,0.0
Florida,UY-FD,2024,9,2024-02-26,2024-03-03,0,10405.572253242583,0.0
Lavalleja,UY-LA,2024,9,2024-02-26,2024-03-03,2,10031.272844140674,0.19937649300090682
Maldonado,UY-MA,2024,9,2024-02-26,2024-03-03,0,4803.260185508939,0.0
Montevideo,UY-MO,2024,9,2024-02-26,2024-03-03,0,527.7536386520376,0.0
Paysandú,UY-PA,2024,9,2024-02-26,2024-03-03,0,14088.526169172621,0.0
Rivera,UY-RV,2024,9,2024-02-26,2024-03-03,0,9329.550532265199,0.0
Rocha,UY-RO,2024,9,2024-02-26,2024-03-03,0,10558.553826772255,0.0
Río Negro,UY-RN,2024,9,2024-02-26,2024-03-03,0,9810.67596839813,0.0
Salto,UY-SA,2024,9,2024-02-26,2024-03-03,0,14170.87435119916,0.0
San José,UY-SJ,2024,9,2024-02-26,2024-03-03,0,5002.920653176918,0.0
Soriano,UY-SO,2024,9,2024-02-26,2024-03-03,0,9122.538742945157,0.0
Tacuarembó,UY-TA,2024,9,2024-02-26,2024-03-03,0,15973.367767510354,0.0
Treinta y Tres,UY-TT,2024,9,2024-02-26,2024-03-03,0,9285.005878360264,0.0
Artigas,UY-AR,2024,10,2024-03-04,2024-03-10,1,12010.600679730765,0.08325978247595993
Canelones,UY-CA,2024,10,2024-03-04,2024-03-10,0,4520.87871068126,0.0
Cerro Largo,UY-CL,2024,10,2024-03-04,2024-03-10,0,13655.557447815512,0.0
Colonia,UY-CO,2024,10,2024-03-04,2024-03-10,2,6112.026851866528,0.32722369329729434
Durazno,UY-DU,2024,10,2024-03-04,2024-03-10,0,12228.10425056514,0.0
Flores,UY-FS,2024,10,2024-03-04,2024-03-10,0,5140.77049712524,0.0
Florida,UY-FD,2024,10,2024-03-04,2024-03-10,0,10405.572253242583,0.0
Lavalleja,UY-LA,2024,10,2024-03-04,2024-03-10,0,10031.272844140674,0.0
Maldonado,UY-MA,2024,10,2024-03-04,2024-03-10,0,4803.260185508939,0.0
Montevideo,UY-MO,2024,10,2024-03-04,2024-03-10,0,527.7536386520376,0.0
Paysandú,UY-PA,2024,10,2024-03-04,2024-03-10,0,14088.526169172621,0.0
Rivera,UY-RV,2024,10,2024-03-04,2024-03-10,1,9329.550532265199,0.10718629976241757
Rocha,UY-RO,2024,10,2024-03-04,2024-03-10,0,10558.553826772255,0.0
Río Negro,UY-RN,2024,10,2024-03-04,2024-03-10,0,9810.67596839813,0.0
Salto,UY-SA,2024,10,2024-03-04,2024-03-10,0,14170.87435119916,0.0
San José,UY-SJ,2024,10,2024-03-04,2024-03-10,2,5002.920653176918,0.39976648414960864
Soriano,UY-SO,2024,10,2024-03-04,2024-03-10,0,9122.538742945157,0.0
Tacuarembó,UY-TA,2024,10,2024-03-04,2024-03-10,0,15973.367767510354,0.0
Treinta y Tres,UY-TT,2024,10,2024-03-04,2024-03-10,0,9285.005878360264,0.0
Artigas,UY-AR,2024,11,2024-03-11,2024-03-17,0,12010.600679730765,0.0
Canelones,UY-CA,2024,11,2024-03-11,2024-03-17,0,4520.87871068126,0.0
Cerro Largo,UY-CL,2024,11,2024-03-11,2024-03-17,0,13655.557447815512,0.0
Colonia,UY-CO,2024,11,2024-03-11,2024-03-17,0,6112.026851866528,0.0
Durazno,UY-DU,2024,11,2024-03-11,2024-03-17,0,12228.10425056514,0.0
Flores,UY-FS,2024,11,2024-03-11,2024-03-17,0,5140.77049712524,0.0
Florida,UY-FD,2024,11,2024-03-11,2024-03-17,0,10405.572253242583,0.0
Lavalleja,UY-LA,2024,11,2024-03-11,2024-03-17,0,10031.272844140674,0.0
Maldonado,UY-MA,2024,11,2024-03-11,2024-03-17,0,4803.260185508939,0.0
Montevideo,UY-MO,2024,11,2024-03-11,2024-03-17,0,527.7536386520376,0.0
Paysandú,UY-PA,2024,11,2024-03-11,2024-03-17,0,14088.526169172621,0.0
Rivera,UY-RV,2024,11,2024-03-11,2024-03-17,0,9329.550532265199,0.0
Rocha,UY-RO,2024,11,2024-03-11,2024-03-17,0,10558.553826772255,0.0
Río Negro,UY-RN,2024,11,2024-03-11,2024-03-17,0,9810.67596839813,0.0
Salto,UY-SA,2024,11,2024-03-11,2024-03-17,0,14170.87435119916,0.0
San José,UY-SJ,2024,11,2024-03-11,2024-03-17,0,5002.920653176918,0.0
Soriano,UY-SO,2024,11,2024-03-11,2024-03-17,0,9122.538742945157,0.0
Tacuarembó,UY-TA,2024,11,2024-03-11,2024-03-17,0,15973.367767510354,0.0
Treinta y Tres,UY-TT,2024,11,2024-03-11,2024-03-17,0,9285.005878360264,0.0
Artigas,UY-AR,2024,12,2024-03-18,2024-03-24,0,12010.600679730765,0.0
Canelones,UY-CA,2024,12,2024-03-18,2024-03-24,0,4520.87871068126,0.0
Cerro Largo,UY-CL,2024,12,2024-03-18,2024-03-24,0,13655.557447815512,0.0
Colonia,UY-CO,2024,12,2024-03-18,2024-03-24,0,6112.026851866528,0.0
Durazno,UY-DU,2024,12,2024-03-18,2024-03-24,0,12228.10425056514,0.0
Flores,UY-FS,2024,12,2024-03-18,2024-03-24,0,5140.77049712524,0.0
Florida,UY-FD,2024,12,2024-03-18,2024-03-24,0,10405.572253242583,0.0
Lavalleja,UY-LA,2024,12,2024-03-18,2024-03-24,0,10031.272844140674,0.0
Maldonado,UY-MA,2024,12,2024-03-18,2024-03-24,0,4803.260185508939,0.0
Montevideo,UY-MO,2024,12,2024-03-18,2024-03-24,0,527.7536386520376,0.0
Paysandú,UY-PA,2024,12,2024-03-18,2024-03-24,0,14088.526169172621,0.0
Rivera,UY-RV,2024,12,2024-03-18,2024-03-24,0,9329.550532265199,0.0
Rocha,UY-RO,2024,12,2024-03-18,2024-03-24,0,10558.553826772255,0.0
Río Negro,UY-RN,2024,12,2024-03-18,2024-03-24,0,9810.67596839813,0.0
Salto,UY-SA,2024,12,2024-03-18,2024-03-24,0,14170.87435119916,0.0
San José,UY-SJ,2024,12,2024-03-18,2024-03-24,0,5002.920653176918,0.0
Soriano,UY-SO,2024,12,2024-03-18,2024-03-24,0,9122.538742945157,0.0
Tacuarembó,UY-TA,2024,12,2024-03-18,2024-03-24,0,15973.367767510354,0.0
Treinta y Tres,UY-TT,2024,12,2024-03-18,2024-03-24,0,9285.005878360264,0.0
Artigas,UY-AR,2024,13,2024-03-25,2024-03-31,2,12010.600679730765,0.16651956495191986
Canelones,UY-CA,2024,13,2024-03-25,2024-03-31,0,4520.87871068126,0.0
Cerro Largo,UY-CL,2024,13,2024-03-25,2024-03-31,0,13655.557447815512,0.0
Colonia,UY-CO,2024,13,2024-03-25,2024-03-31,0,6112.026851866528,0.0
Durazno,UY-DU,2024,13,2024-03-25,2024-03-31,0,12228.10425056514,0.0
Flores,UY-FS,2024,13,2024-03-25,2024-03-31,0,5140.77049712524,0.0
Florida,UY-FD,2024,13,2024-03-25,2024-03-31,0,10405.572253242583,0.0
Lavalleja,UY-LA,2024,13,2024-03-25,2024-03-31,0,10031.272844140674,0.0
Maldonado,UY-MA,2024,13,2024-03-25,2024-03-31,0,4803.260185508939,0.0
Montevideo,UY-MO,2024,13,2024-03-25,2024-03-31,0,527.7536386520376,0.0
Paysandú,UY-PA,2024,13,2024-03-25,2024-03-31,1,14088.526169172621,0.0709797453610243
Rivera,UY-RV,2024,13,2024-03-25,2024-03-31,1,9329.550532265199,0.10718629976241757
Rocha,UY-RO,2024,13,2024-03-25,2024-03-31,0,10558.553826772255,0.0
Río Negro,UY-RN,2024,13,2024-03-25,2024-03-31,0,9810.67596839813,0.0
Salto,UY-SA,2024,13,2024-03-25,2024-03-31,1,14170.87435119916,0.07056727589398029
San José,UY-SJ,2024,13,2024-03-25,2024-03-31,0,5002.920653176918,0.0
Soriano,UY-SO,2024,13,2024-03-25,2024-03-31,0,9122.538742945157,0.0
Tacuarembó,UY-TA,2024,13,2024-03-25,2024-03-31,0,15973.367767510354,0.0
Treinta y Tres,UY-TT,2024,13,2024-03-25,2024-03-31,1,9285.005878360264,0.10770052416774566
Artigas,UY-AR,2024,14,2024-04-01,2024-04-07,0,12010.600679730765,0.0
Canelones,UY-CA,2024,14,2024-04-01,2024-04-07,0,4520.87871068126,0.0
Cerro Largo,UY-CL,2024,14,2024-04-01,2024-04-07,0,13655.557447815512,0.0
Colonia,UY-CO,2024,14,2024-04-01,2024-04-07,0,6112.026851866528,0.0
Durazno,UY-DU,2024,14,2024-04-01,2024-04-07,0,12228.10425056514,0.0
Flores,UY-FS,2024,14,2024-04-01,2024-04-07,0,5140.77049712524,0.0
Florida,UY-FD,2024,14,2024-04-01,2024-04-07,0,10405.572253242583,0.0
Lavalleja,UY-LA,2024,14,2024-04-01,2024-04-07,0,10031.272844140674,0.0
Maldonado,UY-MA,2024,14,2024-04-01,2024-04-07,0,4803.260185508939,0.0
Montevideo,UY-MO,2024,14,2024-04-01,2024-04-07,0,527.7536386520376,0.0
Paysandú,UY-PA,2024,14,2024-04-01,2024-04-07,0,14088.526169172621,0.0
Rivera,UY-RV,2024,14,2024-04-01,2024-04-07,0,9329.550532265199,0.0
Rocha,UY-RO,2024,14,2024-04-01,2024-04-07,0,10558.553826772255,0.0
Río Negro,UY-RN,2024,14,2024-04-01,2024-04-07,0,9810.67596839813,0.0
Salto,UY-SA,2024,14,2024-04-01,2024-04-07,0,14170.87435119916,0.0
San José,UY-SJ,2024,14,2024-04-01,2024-04-07,0,5002.920653176918,0.0
Soriano,UY-SO,2024,14,2024-04-01,2024-04-07,0,9122.538742945157,0.0
Tacuarembó,UY-TA,2024,14,2024-04-01,2024-04-07,0,15973.367767510354,0.0
Treinta y Tres,UY-TT,2024,14,2024-04-01,2024-04-07,0,9285.005878360264,0.0
Artigas,UY-AR,2024,15,2024-04-08,2024-04-14,0,12010.600679730765,0.0
Canelones,UY-CA,2024,15,2024-04-08,2024-04-14,0,4520.87871068126,0.0
Cerro Largo,UY-CL,2024,15,2024-04-08,2024-04-14,0,13655.557447815512,0.0
Colonia,UY-CO,2024,15,2024-04-08,2024-04-14,0,6112.026851866528,0.0
Durazno,UY-DU,2024,15,2024-04-08,2024-04-14,0,12228.10425056514,0.0
Flores,UY-FS,2024,15,2024-04-08,2024-04-14,0,5140.77049712524,0.0
Florida,UY-FD,2024,15,2024-04-08,2024-04-14,0,10405.572253242583,0.0
Lavalleja,UY-LA,2024,15,2024-04-08,2024-04-14,0,10031.272844140674,0.0
Maldonado,UY-MA,2024,15,2024-04-08,2024-04-14,0,4803.260185508939,0.0
Montevideo,UY-MO,2024,15,2024-04-08,2024-04-14,0,527.7536386520376,0.0
Paysandú,UY-PA,2024,15,2024-04-08,2024-04-14,0,14088.526169172621,0.0
Rivera,UY-RV,2024,15,2024-04-08,2024-04-14,0,9329.550532265199,0.0
Rocha,UY-RO,2024,15,2024-04-08,2024-04-14,0,10558.553826772255,0.0
Río Negro,UY-RN,2024,15,2024-04-08,2024-04-14,0,9810.67596839813,0.0
Salto,UY-SA,2024,15,2024-04-08,2024-04-14,0,14170.87435119916,0.0
San José,UY-SJ,2024,15,2024-04-08,2024-04-14,0,5002.920653176918,0.0
Soriano,UY-SO,2024,15,2024-04-08,2024-04-14,0,9122.538742945157,0.0
Tacuarembó,UY-TA,2024,15,2024-04-08,2024-04-14,0,15973.367767510354,0.0
Treinta y Tres,UY-TT,2024,15,2024-04-08,2024-04-14,0,9285.005878360264,0.0
Artigas,UY-AR,2024,16,2024-04-15,2024-04-21,0,12010.600679730765,0.0
Canelones,UY-CA,2024,16,2024-04-15,2024-04-21,0,4520.87871068126,0.0
Cerro Largo,UY-CL,2024,16,2024-04-15,2024-04-21,0,13655.557447815512,0.0
Colonia,UY-CO,2024,16,2024-04-15,2024-04-21,0,6112.026851866528,0.0
Durazno,UY-DU,2024,16,2024-04-15,2024-04-21,0,12228.10425056514,0.0
Flores,UY-FS,2024,16,2024-04-15,2024-04-21,0,5140.77049712524,0.0
Florida,UY-FD,2024,16,2024-04-15,2024-04-21,0,10405.572253242583,0.0
Lavalleja,UY-LA,2024,16,2024-04-15,2024-04-21,0,10031.272844140674,0.0
Maldonado,UY-MA,2024,16,2024-04-15,2024-04-21,0,4803.260185508939,0.0
Montevideo,UY-MO,2024,16,2024-04-15,2024-04-21,0,527.7536386520376,0.0
Paysandú,UY-PA,2024,16,2024-04-15,2024-04-21,0,14088.526169172621,0.0
Rivera,UY-RV,2024,16,2024-04-15,2024-04-21,0,9329.550532265199,0.0
Rocha,UY-RO,2024,16,2024-04-15,2024-04-21,1,10558.553826772255,0.09470994005489665
Río Negro,UY-RN,2024,16,2024-04-15,2024-04-21,0,9810.67596839813,0.0
Salto,UY-SA,2024,16,2024-04-15,2024-04-21,3,14170.87435119916,0.21170182768194087
San José,UY-SJ,2024,16,2024-04-15,2024-04-21,0,5002.920653176918,0.0
Soriano,UY-SO,2024,16,2024-04-15,2024-04-21,0,9122.538742945157,0.0
Tacuarembó,UY-TA,2024,16,2024-04-15,2024-04-21,0,15973.367767510354,0.0
Treinta y Tres,UY-TT,2024,16,2024-04-15,2024-04-21,1,9285.005878360264,0.10770052416774566
Artigas,UY-AR,2024,17,2024-04-22,2024-04-28,0,12010.600679730765,0.0
Canelones,UY-CA,2024,17,2024-04-22,2024-04-28,0,4520.87871068126,0.0
Cerro Largo,UY-CL,2024,17,2024-04-22,2024-04-28,0,13655.557447815512,0.0
Colonia,UY-CO,2024,17,2024-04-22,2024-04-28,0,6112.026851866528,0.0
Durazno,UY-DU,2024,17,2024-04-22,2024-04-28,0,12228.10425056514,0.0
Flores,UY-FS,2024,17,2024-04-22,2024-04-28,0,5140.77049712524,0.0
Florida,UY-FD,2024,17,2024-04-22,2024-04-28,0,10405.572253242583,0.0
Lavalleja,UY-LA,2024,17,2024-04-22,2024-04-28,0,10031.272844140674,0.0
Maldonado,UY-MA,2024,17,2024-04-22,2024-04-28,0,4803.260185508939,0.0
Montevideo,UY-MO,2024,17,2024-04-22,2024-04-28,0,527.7536386520376,0.0
Paysandú,UY-PA,2024,17,2024-04-22,2024-04-28,0,14088.526169172621,0.0
Rivera,UY-RV,2024,17,2024-04-22,2024-04-28,0,9329.550532265199,0.0
Rocha,UY-RO,2024,17,2024-04-22,2024-04-28,0,10558.553826772255,0.0
Río Negro,UY-RN,2024,17,2024-04-22,2024-04-28,0,9810.67596839813,0.0
Salto,UY-SA,2024,17,2024-04-22,2024-04-28,0,14170.87435119916,0.0
San José,UY-SJ,2024,17,2024-04-22,2024-04-28,0,5002.920653176918,0.0
Soriano,UY-SO,2024,17,2024-04-22,2024-04-28,0,9122.538742945157,0.0
Tacuarembó,UY-TA,2024,17,2024-04-22,2024-04-28,0,15973.367767510354,0.0
Treinta y Tres,UY-TT,2024,17,2024-04-22,2024-04-28,0,9285.005878360264,0.0
Artigas,UY-AR,2024,18,2024-04-29,2024-05-05,0,12010.600679730765,0.0
Canelones,UY-CA,2024,18,2024-04-29,2024-05-05,0,4520.87871068126,0.0
Cerro Largo,UY-CL,2024,18,2024-04-29,2024-05-05,0,13655.557447815512,0.0
Colonia,UY-CO,2024,18,2024-04-29,2024-05-05,0,6112.026851866528,0.0
Durazno,UY-DU,2024,18,2024-04-29,2024-05-05,0,12228.10425056514,0.0
Flores,UY-FS,2024,18,2024-04-29,2024-05-05,0,5140.77049712524,0.0
Florida,UY-FD,2024,18,2024-04-29,2024-05-05,0,10405.572253242583,0.0
Lavalleja,UY-LA,2024,18,2024-04-29,2024-05-05,0,10031.272844140674,0.0
Maldonado,UY-MA,2024,18,2024-04-29,2024-05-05,0,4803.260185508939,0.0
Montevideo,UY-MO,2024,18,2024-04-29,2024-05-05,0,527.7536386520376,0.0
Paysandú,UY-PA,2024,18,2024-04-29,2024-05-05,0,14088.526169172621,0.0
Rivera,UY-RV,2024,18,2024-04-29,2024-05-05,0,9329.550532265199,0.0
Rocha,UY-RO,2024,18,2024-04-29,2024-05-05,0,10558.553826772255,0.0
Río Negro,UY-RN,2024,18,2024-04-29,2024-05-05,0,9810.67596839813,0.0
Salto,UY-SA,2024,18,2024-04-29,2024-05-05,0,14170.87435119916,0.0
San José,UY-SJ,2024,18,2024-04-29,2024-05-05,0,5002.920653176918,0.0
Soriano,UY-SO,2024,18,2024-04-29,2024-05-05,0,9122.538742945157,0.0
Tacuarembó,UY-TA,2024,18,2024-04-29,2024-05-05,0,15973.367767510354,0.0
Treinta y Tres,UY-TT,2024,18,2024-04-29,2024-05-05,0,9285.005878360264,0.0
Artigas,UY-AR,2024,19,2024-05-06,2024-05-12,0,12010.600679730765,0.0
Canelones,UY-CA,2024,19,2024-05-06,2024-05-12,0,4520.87871068126,0.0
Cerro Largo,UY-CL,2024,19,2024-05-06,2024-05-12,0,13655.557447815512,0.0
Colonia,UY-CO,2024,19,2024-05-06,2024-05-12,0,6112.026851866528,0.0
Durazno,UY-DU,2024,19,2024-05-06,2024-05-12,0,12228.10425056514,0.0
Flores,UY-FS,2024,19,2024-05-06,2024-05-12,0,5140.77049712524,0.0
Florida,UY-FD,2024,19,2024-05-06,2024-05-12,0,10405.572253242583,0.0
Lavalleja,UY-LA,2024,19,2024-05-06,2024-05-12,0,10031.272844140674,0.0
Maldonado,UY-MA,2024,19,2024-05-06,2024-05-12,0,4803.260185508939,0.0
Montevideo,UY-MO,2024,19,2024-05-06,2024-05-12,0,527.7536386520376,0.0
Paysandú,UY-PA,2024,19,2024-05-06,2024-05-12,0,14088.526169172621,0.0
Rivera,UY-RV,2024,19,2024-05-06,2024-05-12,0,9329.550532265199,0.0
Rocha,UY-RO,2024,19,2024-05-06,2024-05-12,0,10558.553826772255,0.0
Río Negro,UY-RN,2024,19,2024-05-06,2024-05-12,0,9810.67596839813,0.0
Salto,UY-SA,2024,19,2024-05-06,2024-05-12,0,14170.87435119916,0.0
San José,UY-SJ,2024,19,2024-05-06,2024-05-12,0,5002.920653176918,0.0
Soriano,UY-SO,2024,19,2024-05-06,2024-05-12,0,9122.538742945157,0.0
Tacuarembó,UY-TA,2024,19,2024-05-06,2024-05-12,0,15973.367767510354,0.0
Treinta y Tres,UY-TT,2024,19,2024-05-06,2024-05-12,0,9285.005878360264,0.0
Artigas,UY-AR,2024,20,2024-05-13,2024-05-19,0,12010.600679730765,0.0
Canelones,UY-CA,2024,20,2024-05-13,2024-05-19,0,4520.87871068126,0.0
Cerro Largo,UY-CL,2024,20,2024-05-13,2024-05-19,0,13655.557447815512,0.0
Colonia,UY-CO,2024,20,2024-05-13,2024-05-19,1,6112.026851866528,0.16361184664864717
Durazno,UY-DU,2024,20,2024-05-13,2024-05-19,0,12228.10425056514,0.0
Flores,UY-FS,2024,20,2024-05-13,2024-05-19,0,5140.77049712524,0.0
Florida,UY-FD,2024,20,2024-05-13,2024-05-19,0,10405.572253242583,0.0
Lavalleja,UY-LA,2024,20,2024-05-13,2024-05-19,0,10031.272844140674,0.0
Maldonado,UY-MA,2024,20,2024-05-13,2024-05-19,0,4803.260185508939,0.0
Montevideo,UY-MO,2024,20,2024-05-13,2024-05-19,0,527.7536386520376,0.0
Paysandú,UY-PA,2024,20,2024-05-13,2024-05-19,0,14088.526169172621,0.0
Rivera,UY-RV,2024,20,2024-05-13,2024-05-19,2,9329.550532265199,0.21437259952483514
Rocha,UY-RO,2024,20,2024-05-13,2024-05-19,0,10558.553826772255,0.0
Río Negro,UY-RN,2024,20,2024-05-13,2024-05-19,0,9810.67596839813,0.0
Salto,UY-SA,2024,20,2024-05-13,2024-05-19,0,14170.87435119916,0.0
San José,UY-SJ,2024,20,2024-05-13,2024-05-19,0,5002.920653176918,0.0
Soriano,UY-SO,2024,20,2024-05-13,2024-05-19,0,9122.538742945157,0.0
Tacuarembó,UY-TA,2024,20,2024-05-13,2024-05-19,0,15973.367767510354,0.0
Treinta y Tres,UY-TT,2024,20,2024-05-13,2024-05-19,0,9285.005878360264,0.0
Artigas,UY-AR,2024,21,2024-05-20,2024-05-26,0,12010.600679730765,0.0
Canelones,UY-CA,2024,21,2024-05-20,2024-05-26,0,4520.87871068126,0.0
Cerro Largo,UY-CL,2024,21,2024-05-20,2024-05-26,0,13655.557447815512,0.0
Colonia,UY-CO,2024,21,2024-05-20,2024-05-26,0,6112.026851866528,0.0
Durazno,UY-DU,2024,21,2024-05-20,2024-05-26,0,12228.10425056514,0.0
Flores,UY-FS,2024,21,2024-05-20,2024-05-26,0,5140.77049712524,0.0
Florida,UY-FD,2024,21,2024-05-20,2024-05-26,0,10405.572253242583,0.0
Lavalleja,UY-LA,2024,21,2024-05-20,2024-05-26,0,10031.272844140674,0.0
Maldonado,UY-MA,2024,21,2024-05-20,2024-05-26,0,4803.260185508939,0.0
Montevideo,UY-MO,2024,21,2024-05-20,2024-05-26,0,527.7536386520376,0.0
Paysandú,UY-PA,2024,21,2024-05-20,2024-05-26,0,14088.526169172621,0.0
Rivera,UY-RV,2024,21,2024-05-20,2024-05-26,0,9329.550532265199,0.0
Rocha,UY-RO,2024,21,2024-05-20,2024-05-26,0,10558.553826772255,0.0
Río Negro,UY-RN,2024,21,2024-05-20,2024-05-26,0,9810.67596839813,0.0
Salto,UY-SA,2024,21,2024-05-20,2024-05-26,1,14170.87435119916,0.07056727589398029
San José,UY-SJ,2024,21,2024-05-20,2024-05-26,0,5002.920653176918,0.0
Soriano,UY-SO,2024,21,2024-05-20,2024-05-26,0,9122.538742945157,0.0
Tacuarembó,UY-TA,2024,21,2024-05-20,2024-05-26,0,15973.367767510354,0.0
Treinta y Tres,UY-TT,2024,21,2024-05-20,2024-05-26,0,9285.005878360264,0.0
Artigas,UY-AR,2024,22,2024-05-27,2024-06-02,0,12010.600679730765,0.0
Canelones,UY-CA,2024,22,2024-05-27,2024-06-02,0,4520.87871068126,0.0
Cerro Largo,UY-CL,2024,22,2024-05-27,2024-06-02,0,13655.557447815512,0.0
Colonia,UY-CO,2024,22,2024-05-27,2024-06-02,0,6112.026851866528,0.0
Durazno,UY-DU,2024,22,2024-05-27,2024-06-02,0,12228.10425056514,0.0
Flores,UY-FS,2024,22,2024-05-27,2024-06-02,0,5140.77049712524,0.0
Florida,UY-FD,2024,22,2024-05-27,2024-06-02,0,10405.572253242583,0.0
Lavalleja,UY-LA,2024,22,2024-05-27,2024-06-02,0,10031.272844140674,0.0
Maldonado,UY-MA,2024,22,2024-05-27,2024-06-02,0,4803.260185508939,0.0
Montevideo,UY-MO,2024,22,2024-05-27,2024-06-02,0,527.7536386520376,0.0
Paysandú,UY-PA,2024,22,2024-05-27,2024-06-02,0,14088.526169172621,0.0
Rivera,UY-RV,2024,22,2024-05-27,2024-06-02,0,9329.550532265199,0.0
Rocha,UY-RO,2024,22,2024-05-27,2024-06-02,0,10558.553826772255,0.0
Río Negro,UY-RN,2024,22,2024-05-27,2024-06-02,0,9810.67596839813,0.0
Salto,UY-SA,2024,22,2024-05-27,2024-06-02,0,14170.87435119916,0.0
San José,UY-SJ,2024,22,2024-05-27,2024-06-02,0,5002.920653176918,0.0
Soriano,UY-SO,2024,22,2024-05-27,2024-06-02,0,9122.538742945157,0.0
Tacuarembó,UY-TA,2024,22,2024-05-27,2024-06-02,0,15973.367767510354,0.0
Treinta y Tres,UY-TT,2024,22,2024-05-27,2024-06-02,0,9285.005878360264,0.0
Artigas,UY-AR,2024,23,2024-06-03,2024-06-09,4,12010.600679730765,0.3330391299038397
Canelones,UY-CA,2024,23,2024-06-03,2024-06-09,0,4520.87871068126,0.0
Cerro Largo,UY-CL,2024,23,2024-06-03,2024-06-09,0,13655.557447815512,0.0
Colonia,UY-CO,2024,23,2024-06-03,2024-06-09,0,6112.026851866528,0.0
Durazno,UY-DU,2024,23,2024-06-03,2024-06-09,0,12228.10425056514,0.0
Flores,UY-FS,2024,23,2024-06-03,2024-06-09,0,5140.77049712524,0.0
Florida,UY-FD,2024,23,2024-06-03,2024-06-09,0,10405.572253242583,0.0
Lavalleja,UY-LA,2024,23,2024-06-03,2024-06-09,0,10031.272844140674,0.0
Maldonado,UY-MA,2024,23,2024-06-03,2024-06-09,0,4803.260185508939,0.0
Montevideo,UY-MO,2024,23,2024-06-03,2024-06-09,0,527.7536386520376,0.0
Paysandú,UY-PA,2024,23,2024-06-03,2024-06-09,0,14088.526169172621,0.0
Rivera,UY-RV,2024,23,2024-06-03,2024-06-09,4,9329.550532265199,0.4287451990496703
Rocha,UY-RO,2024,23,2024-06-03,2024-06-09,0,10558.553826772255,0.0
Río Negro,UY-RN,2024,23,2024-06-03,2024-06-09,0,9810.67596839813,0.0
Salto,UY-SA,2024,23,2024-06-03,2024-06-09,0,14170.87435119916,0.0
San José,UY-SJ,2024,23,2024-06-03,2024-06-09,0,5002.920653176918,0.0
Soriano,UY-SO,2024,23,2024-06-03,2024-06-09,0,9122.538742945157,0.0
Tacuarembó,UY-TA,2024,23,2024-06-03,2024-06-09,0,15973.367767510354,0.0
Treinta y Tres,UY-TT,2024,23,2024-06-03,2024-06-09,0,9285.005878360264,0.0
Artigas,UY-AR,2024,24,2024-06-10,2024-06-16,6,12010.600679730765,0.4995586948557596
Canelones,UY-CA,2024,24,2024-06-10,2024-06-16,0,4520.87871068126,0.0
Cerro Largo,UY-CL,2024,24,2024-06-10,2024-06-16,0,13655.557447815512,0.0
Colonia,UY-CO,2024,24,2024-06-10,2024-06-16,2,6112.026851866528,0.32722369329729434
Durazno,UY-DU,2024,24,2024-06-10,2024-06-16,0,12228.10425056514,0.0
Flores,UY-FS,2024,24,2024-06-10,2024-06-16,0,5140.77049712524,0.0
Florida,UY-FD,2024,24,2024-06-10,2024-06-16,0,10405.572253242583,0.0
Lavalleja,UY-LA,2024,24,2024-06-10,2024-06-16,0,10031.272844140674,0.0
Maldonado,UY-MA,2024,24,2024-06-10,2024-06-16,0,4803.260185508939,0.0
Montevideo,UY-MO,2024,24,2024-06-10,2024-06-16,0,527.7536386520376,0.0
Paysandú,UY-PA,2024,24,2024-06-10,2024-06-16,0,14088.526169172621,0.0
Rivera,UY-RV,2024,24,2024-06-10,2024-06-16,0,9329.550532265199,0.0
Rocha,UY-RO,2024,24,2024-06-10,2024-06-16,0,10558.553826772255,0.0
Río Negro,UY-RN,2024,24,2024-06-10,2024-06-16,0,9810.67596839813,0.0
Salto,UY-SA,2024,24,2024-06-10,2024-06-16,1,14170.87435119916,0.07056727589398029
San José,UY-SJ,2024,24,2024-06-10,2024-06-16,0,5002.920653176918,0.0
Soriano,UY-SO,2024,24,2024-06-10,2024-06-16,0,9122.538742945157,0.0
Tacuarembó,UY-TA,2024,24,2024-06-10,2024-06-16,0,15973.367767510354,0.0
Treinta y Tres,UY-TT,2024,24,2024-06-10,2024-06-16,1,9285.005878360264,0.10770052416774566
Artigas,UY-AR,2024,25,2024-06-17,2024-06-23,0,12010.600679730765,0.0
Canelones,UY-CA,2024,25,2024-06-17,2024-06-23,0,4520.87871068126,0.0
Cerro Largo,UY-CL,2024,25,2024-06-17,2024-06-23,0,13655.557447815512,0.0
Colonia,UY-CO,2024,25,2024-06-17,2024-06-23,5,6112.026851866528,0.8180592332432358
Durazno,UY-DU,2024,25,2024-06-17,2024-06-23,0,12228.10425056514,0.0
Flores,UY-FS,2024,25,2024-06-17,2024-06-23,0,5140.77049712524,0.0
Florida,UY-FD,2024,25,2024-06-17,2024-06-23,0,10405.572253242583,0.0
Lavalleja,UY-LA,2024,25,2024-06-17,2024-06-23,0,10031.272844140674,0.0
Maldonado,UY-MA,2024,25,2024-06-17,2024-06-23,0,4803.260185508939,0.0
Montevideo,UY-MO,2024,25,2024-06-17,2024-06-23,0,527.7536386520376,0.0
Paysandú,UY-PA,2024,25,2024-06-17,2024-06-23,0,14088.526169172621,0.0
Rivera,UY-RV,2024,25,2024-06-17,2024-06-23,0,9329.550532265199,0.0
Rocha,UY-RO,2024,25,2024-06-17,2024-06-23,0,10558.553826772255,0.0
Río Negro,UY-RN,2024,25,2024-06-17,2024-06-23,0,9810.67596839813,0.0
Salto,UY-SA,2024,25,2024-06-17,2024-06-23,0,14170.87435119916,0.0
San José,UY-SJ,2024,25,2024-06-17,2024-06-23,0,5002.920653176918,0.0
Soriano,UY-SO,2024,25,2024-06-17,2024-06-23,0,9122.538742945157,0.0
Tacuarembó,UY-TA,2024,25,2024-06-17,2024-06-23,0,15973.367767510354,0.0
Treinta y Tres,UY-TT,2024,25,2024-06-17,2024-06-23,0,9285.005878360264,0.0
Artigas,UY-AR,2024,26,2024-06-24,2024-06-30,3,12010.600679730765,0.2497793474278798
Canelones,UY-CA,2024,26,2024-06-24,2024-06-30,0,4520.87871068126,0.0
Cerro Largo,UY-CL,2024,26,2024-06-24,2024-06-30,0,13655.557447815512,0.0
Colonia,UY-CO,2024,26,2024-06-24,2024-06-30,0,6112.026851866528,0.0
Durazno,UY-DU,2024,26,2024-06-24,2024-06-30,1,12228.10425056514,0.08177882519719143
Flores,UY-FS,2024,26,2024-06-24,2024-06-30,0,5140.77049712524,0.0
Florida,UY-FD,2024,26,2024-06-24,2024-06-30,0,10405.572253242583,0.0
Lavalleja,UY-LA,2024,26,2024-06-24,2024-06-30,0,10031.272844140674,0.0
Maldonado,UY-MA,2024,26,2024-06-24,2024-06-30,0,4803.260185508939,0.0
Montevideo,UY-MO,2024,26,2024-06-24,2024-06-30,0,527.7536386520376,0.0
Paysandú,UY-PA,2024,26,2024-06-24,2024-06-30,0,14088.526169172621,0.0
Rivera,UY-RV,2024,26,2024-06-24,2024-06-30,0,9329.550532265199,0.0
Rocha,UY-RO,2024,26,2024-06-24,2024-06-30,0,10558.553826772255,0.0
Río Negro,UY-RN,2024,26,2024-06-24,2024-06-30,0,9810.67596839813,0.0
Salto,UY-SA,2024,26,2024-06-24,2024-06-30,0,14170.87435119916,0.0
San José,UY-SJ,2024,26,2024-06-24,2024-06-30,0,5002.920653176918,0.0
Soriano,UY-SO,2024,26,2024-06-24,2024-06-30,1,9122.538742945157,0.10961860817235138
Tacuarembó,UY-TA,2024,26,2024-06-24,2024-06-30,0,15973.367767510354,0.0
Treinta y Tres,UY-TT,2024,26,2024-06-24,2024-06-30,0,9285.005878360264,0.0
Artigas,UY-AR,2024,27,2024-07-01,2024-07-07,1,12010.600679730765,0.08325978247595993
Canelones,UY-CA,2024,27,2024-07-01,2024-07-07,0,4520.87871068126,0.0
Cerro Largo,UY-CL,2024,27,2024-07-01,2024-07-07,0,13655.557447815512,0.0
Colonia,UY-CO,2024,27,2024-07-01,2024-07-07,0,6112.026851866528,0.0
Durazno,UY-DU,2024,27,2024-07-01,2024-07-07,0,12228.10425056514,0.0
Flores,UY-FS,2024,27,2024-07-01,2024-07-07,0,5140.77049712524,0.0
Florida,UY-FD,2024,27,2024-07-01,2024-07-07,0,10405.572253242583,0.0
Lavalleja,UY-LA,2024,27,2024-07-01,2024-07-07,14,10031.272844140674,1.3956354510063478
Maldonado,UY-MA,2024,27,2024-07-01,2024-07-07,0,4803.260185508939,0.0
Montevideo,UY-MO,2024,27,2024-07-01,2024-07-07,0,527.7536386520376,0.0
Paysandú,UY-PA,2024,27,2024-07-01,2024-07-07,1,14088.526169172621,0.0709797453610243
Rivera,UY-RV,2024,27,2024-07-01,2024-07-07,1,9329.550532265199,0.10718629976241757
Rocha,UY-RO,2024,27,2024-07-01,2024-07-07,7,10558.553826772255,0.6629695803842766
Río Negro,UY-RN,2024,27,2024-07-01,2024-07-07,0,9810.67596839813,0.0
Salto,UY-SA,2024,27,2024-07-01,2024-07-07,0,14170.87435119916,0.0
San José,UY-SJ,2024,27,2024-07-01,2024-07-07,0,5002.920653176918,0.0
Soriano,UY-SO,2024,27,2024-07-01,2024-07-07,0,9122.538742945157,0.0
Tacuarembó,UY-TA,2024,27,2024-07-01,2024-07-07,1,15973.367767510354,0.06260420560991455
Treinta y Tres,UY-TT,2024,27,2024-07-01,2024-07-07,0,9285.005878360264,0.0
Artigas,UY-AR,2024,28,2024-07-08,2024-07-14,0,12010.600679730765,0.0
Canelones,UY-CA,2024,28,2024-07-08,2024-07-14,0,4520.87871068126,0.0
Cerro Largo,UY-CL,2024,28,2024-07-08,2024-07-14,0,13655.557447815512,0.0
Colonia,UY-CO,2024,28,2024-07-08,2024-07-14,0,6112.026851866528,0.0
Durazno,UY-DU,2024,28,2024-07-08,2024-07-14,1,12228.10425056514,0.08177882519719143
Flores,UY-FS,2024,28,2024-07-08,2024-07-14,1,5140.77049712524,0.1945233697087252
Florida,UY-FD,2024,28,2024-07-08,2024-07-14,0,10405.572253242583,0.0
Lavalleja,UY-LA,2024,28,2024-07-08,2024-07-14,1,10031.272844140674,0.09968824650045341
Maldonado,UY-MA,2024,28,2024-07-08,2024-07-14,0,4803.260185508939,0.0
Montevideo,UY-MO,2024,28,2024-07-08,2024-07-14,0,527.7536386520376,0.0
Paysandú,UY-PA,2024,28,2024-07-08,2024-07-14,0,14088.526169172621,0.0
Rivera,UY-RV,2024,28,2024-07-08,2024-07-14,0,9329.550532265199,0.0
Rocha,UY-RO,2024,28,2024-07-08,2024-07-14,2,10558.553826772255,0.1894198801097933
Río Negro,UY-RN,2024,28,2024-07-08,2024-07-14,1,9810.67596839813,0.10192977560579633
Salto,UY-SA,2024,28,2024-07-08,2024-07-14,0,14170.87435119916,0.0
San José,UY-SJ,2024,28,2024-07-08,2024-07-14,0,5002.920653176918,0.0
Soriano,UY-SO,2024,28,2024-07-08,2024-07-14,0,9122.538742945157,0.0
Tacuarembó,UY-TA,2024,28,2024-07-08,2024-07-14,0,15973.367767510354,0.0
Treinta y Tres,UY-TT,2024,28,2024-07-08,2024-07-14,0,9285.005878360264,0.0
Artigas,UY-AR,2024,29,2024-07-15,2024-07-21,2,12010.600679730765,0.16651956495191986
Canelones,UY-CA,2024,29,2024-07-15,2024-07-21,0,4520.87871068126,0.0
Cerro Largo,UY-CL,2024,29,2024-07-15,2024-07-21,0,13655.557447815512,0.0
Colonia,UY-CO,2024,29,2024-07-15,2024-07-21,0,6112.026851866528,0.0
Durazno,UY-DU,2024,29,2024-07-15,2024-07-21,0,12228.10425056514,0.0
Flores,UY-FS,2024,29,2024-07-15,2024-07-21,0,5140.77049712524,0.0
Florida,UY-FD,2024,29,2024-07-15,2024-07-21,1,10405.572253242583,0.09610235512884745
Lavalleja,UY-LA,2024,29,2024-07-15,2024-07-21,6,10031.272844140674,0.5981294790027205
Maldonado,UY-MA,2024,29,2024-07-15,2024-07-21,0,4803.260185508939,0.0
Montevideo,UY-MO,2024,29,2024-07-15,2024-07-21,0,527.7536386520376,0.0
Paysandú,UY-PA,2024,29,2024-07-15,2024-07-21,0,14088.526169172621,0.0
Rivera,UY-RV,2024,29,2024-07-15,2024-07-21,0,9329.550532265199,0.0
Rocha,UY-RO,2024,29,2024-07-15,2024-07-21,0,10558.553826772255,0.0
Río Negro,UY-RN,2024,29,2024-07-15,2024-07-21,2,9810.67596839813,0.20385955121159266
Salto,UY-SA,2024,29,2024-07-15,2024-07-21,2,14170.87435119916,0.14113455178796058
San José,UY-SJ,2024,29,2024-07-15,2024-07-21,0,5002.920653176918,0.0
Soriano,UY-SO,2024,29,2024-07-15,2024-07-21,3,9122.538742945157,0.32885582451705414
Tacuarembó,UY-TA,2024,29,2024-07-15,2024-07-21,2,15973.367767510354,0.1252084112198291
Treinta y Tres,UY-TT,2024,29,2024-07-15,2024-07-21,0,9285.005878360264,0.0
Artigas,UY-AR,2024,30,2024-07-22,2024-07-28,0,12010.600679730765,0.0
Canelones,UY-CA,2024,30,2024-07-22,2024-07-28,0,4520.87871068126,0.0
Cerro Largo,UY-CL,2024,30,2024-07-22,2024-07-28,1,13655.557447815512,0.07323025836341603
Colonia,UY-CO,2024,30,2024-07-22,2024-07-28,0,6112.026851866528,0.0
Durazno,UY-DU,2024,30,2024-07-22,2024-07-28,0,12228.10425056514,0.0
Flores,UY-FS,2024,30,2024-07-22,2024-07-28,0,5140.77049712524,0.0
Florida,UY-FD,2024,30,2024-07-22,2024-07-28,0,10405.572253242583,0.0
Lavalleja,UY-LA,2024,30,2024-07-22,2024-07-28,2,10031.272844140674,0.19937649300090682
Maldonado,UY-MA,2024,30,2024-07-22,2024-07-28,0,4803.260185508939,0.0
Montevideo,UY-MO,2024,30,2024-07-22,2024-07-28,0,527.7536386520376,0.0
Paysandú,UY-PA,2024,30,2024-07-22,2024-07-28,1,14088.526169172621,0.0709797453610243
Rivera,UY-RV,2024,30,2024-07-22,2024-07-28,0,9329.550532265199,0.0
Rocha,UY-RO,2024,30,2024-07-22,2024-07-28,0,10558.553826772255,0.0
Río Negro,UY-RN,2024,30,2024-07-22,2024-07-28,0,9810.67596839813,0.0
Salto,UY-SA,2024,30,2024-07-22,2024-07-28,0,14170.87435119916,0.0
San José,UY-SJ,2024,30,2024-07-22,2024-07-28,2,5002.920653176918,0.39976648414960864
Soriano,UY-SO,2024,30,2024-07-22,2024-07-28,1,9122.538742945157,0.10961860817235138
Tacuarembó,UY-TA,2024,30,2024-07-22,2024-07-28,6,15973.367767510354,0.3756252336594873
Treinta y Tres,UY-TT,2024,30,2024-07-22,2024-07-28,0,9285.005878360264,0.0
Artigas,UY-AR,2024,31,2024-07-29,2024-08-04,3,12010.600679730765,0.2497793474278798
Canelones,UY-CA,2024,31,2024-07-29,2024-08-04,0,4520.87871068126,0.0
Cerro Largo,UY-CL,2024,31,2024-07-29,2024-08-04,5,13655.557447815512,0.36615129181708017
Colonia,UY-CO,2024,31,2024-07-29,2024-08-04,4,6112.026851866528,0.6544473865945887
Durazno,UY-DU,2024,31,2024-07-29,2024-08-04,0,12228.10425056514,0.0
Flores,UY-FS,2024,31,2024-07-29,2024-08-04,0,5140.77049712524,0.0
Florida,UY-FD,2024,31,2024-07-29,2024-08-04,0,10405.572253242583,0.0
Lavalleja,UY-LA,2024,31,2024-07-29,2024-08-04,0,10031.272844140674,0.0
Maldonado,UY-MA,2024,31,2024-07-29,2024-08-04,3,4803.260185508939,0.6245757848077367
Montevideo,UY-MO,2024,31,2024-07-29,2024-08-04,0,527.7536386520376,0.0
Paysandú,UY-PA,2024,31,2024-07-29,2024-08-04,0,14088.526169172621,0.0
Rivera,UY-RV,2024,31,2024-07-29,2024-08-04,3,9329.550532265199,0.32155889928725273
Rocha,UY-RO,2024,31,2024-07-29,2024-08-04,1,10558.553826772255,0.09470994005489665
Río Negro,UY-RN,2024,31,2024-07-29,2024-08-04,0,9810.67596839813,0.0
Salto,UY-SA,2024,31,2024-07-29,2024-08-04,1,14170.87435119916,0.07056727589398029
San José,UY-SJ,2024,31,2024-07-29,2024-08-04,1,5002.920653176918,0.19988324207480432
Soriano,UY-SO,2024,31,2024-07-29,2024-08-04,3,9122.538742945157,0.32885582451705414
Tacuarembó,UY-TA,2024,31,2024-07-29,2024-08-04,3,15973.367767510354,0.18781261682974365
Treinta y Tres,UY-TT,2024,31,2024-07-29,2024-08-04,2,9285.005878360264,0.2154010483354913
Artigas,UY-AR,2024,32,2024-08-05,2024-08-11,2,12010.600679730765,0.16651956495191986
Canelones,UY-CA,2024,32,2024-08-05,2024-08-11,0,4520.87871068126,0.0
Cerro Largo,UY-CL,2024,32,2024-08-05,2024-08-11,0,13655.557447815512,0.0
Colonia,UY-CO,2024,32,2024-08-05,2024-08-11,0,6112.026851866528,0.0
Durazno,UY-DU,2024,32,2024-08-05,2024-08-11,0,12228.10425056514,0.0
Flores,UY-FS,2024,32,2024-08-05,2024-08-11,0,5140.77049712524,0.0
Florida,UY-FD,2024,32,2024-08-05,2024-08-11,0,10405.572253242583,0.0
Lavalleja,UY-LA,2024,32,2024-08-05,2024-08-11,0,10031.272844140674,0.0
Maldonado,UY-MA,2024,32,2024-08-05,2024-08-11,0,4803.260185508939,0.0
Montevideo,UY-MO,2024,32,2024-08-05,2024-08-11,0,527.7536386520376,0.0
Paysandú,UY-PA,2024,32,2024-08-05,2024-08-11,0,14088.526169172621,0.0
Rivera,UY-RV,2024,32,2024-08-05,2024-08-11,0,9329.550532265199,0.0
Rocha,UY-RO,2024,32,2024-08-05,2024-08-11,0,10558.553826772255,0.0
Río Negro,UY-RN,2024,32,2024-08-05,2024-08-11,0,9810.67596839813,0.0
Salto,UY-SA,2024,32,2024-08-05,2024-08-11,0,14170.87435119916,0.0
San José,UY-SJ,2024,32,2024-08-05,2024-08-11,0,5002.920653176918,0.0
Soriano,UY-SO,2024,32,2024-08-05,2024-08-11,0,9122.538742945157,0.0
Tacuarembó,UY-TA,2024,32,2024-08-05,2024-08-11,0,15973.367767510354,0.0
Treinta y Tres,UY-TT,2024,32,2024-08-05,2024-08-11,0,9285.005878360264,0.0
Artigas,UY-AR,2024,33,2024-08-12,2024-08-18,5,12010.600679730765,0.41629891237979966
Canelones,UY-CA,2024,33,2024-08-12,2024-08-18,0,4520.87871068126,0.0
Cerro Largo,UY-CL,2024,33,2024-08-12,2024-08-18,2,13655.557447815512,0.14646051672683205
Colonia,UY-CO,2024,33,2024-08-12,2024-08-18,3,6112.026851866528,0.4908355399459415
Durazno,UY-DU,2024,33,2024-08-12,2024-08-18,2,12228.10425056514,0.16355765039438286
Flores,UY-FS,2024,33,2024-08-12,2024-08-18,0,5140.77049712524,0.0
Florida,UY-FD,2024,33,2024-08-12,2024-08-18,0,10405.572253242583,0.0
Lavalleja,UY-LA,2024,33,2024-08-12,2024-08-18,7,10031.272844140674,0.6978177255031739
Maldonado,UY-MA,2024,33,2024-08-12,2024-08-18,1,4803.260185508939,0.20819192826924554
Montevideo,UY-MO,2024,33,2024-08-12,2024-08-18,0,527.7536386520376,0.0
Paysandú,UY-PA,2024,33,2024-08-12,2024-08-18,6,14088.526169172621,0.4258784721661459
Rivera,UY-RV,2024,33,2024-08-12,2024-08-18,0,9329.550532265199,0.0
Rocha,UY-RO,2024,33,2024-08-12,2024-08-18,0,10558.553826772255,0.0
Río Negro,UY-RN,2024,33,2024-08-12,2024-08-18,3,9810.67596839813,0.30578932681738896
Salto,UY-SA,2024,33,2024-08-12,2024-08-18,0,14170.87435119916,0.0
San José,UY-SJ,2024,33,2024-08-12,2024-08-18,1,5002.920653176918,0.19988324207480432
Soriano,UY-SO,2024,33,2024-08-12,2024-08-18,0,9122.538742945157,0.0
Tacuarembó,UY-TA,2024,33,2024-08-12,2024-08-18,0,15973.367767510354,0.0
Treinta y Tres,UY-TT,2024,33,2024-08-12,2024-08-18,1,9285.005878360264,0.10770052416774566
Artigas,UY-AR,2024,34,2024-08-19,2024-08-25,0,12010.600679730765,0.0
Canelones,UY-CA,2024,34,2024-08-19,2024-08-25,0,4520.87871068126,0.0
Cerro Largo,UY-CL,2024,34,2024-08-19,2024-08-25,0,13655.557447815512,0.0
Colonia,UY-CO,2024,34,2024-08-19,2024-08-25,0,6112.026851866528,0.0
Durazno,UY-DU,2024,34,2024-08-19,2024-08-25,0,12228.10425056514,0.0
Flores,UY-FS,2024,34,2024-08-19,2024-08-25,0,5140.77049712524,0.0
Florida,UY-FD,2024,34,2024-08-19,2024-08-25,0,10405.572253242583,0.0
Lavalleja,UY-LA,2024,34,2024-08-19,2024-08-25,0,10031.272844140674,0.0
Maldonado,UY-MA,2024,34,2024-08-19,2024-08-25,0,4803.260185508939,0.0
Montevideo,UY-MO,2024,34,2024-08-19,2024-08-25,0,527.7536386520376,0.0
Paysandú,UY-PA,2024,34,2024-08-19,2024-08-25,0,14088.526169172621,0.0
Rivera,UY-RV,2024,34,2024-08-19,2024-08-25,0,9329.550532265199,0.0
Rocha,UY-RO,2024,34,2024-08-19,2024-08-25,0,10558.553826772255,0.0
Río Negro,UY-RN,2024,34,2024-08-19,2024-08-25,0,9810.67596839813,0.0
Salto,UY-SA,2024,34,2024-08-19,2024-08-25,0,14170.87435119916,0.0
San José,UY-SJ,2024,34,2024-08-19,2024-08-25,0,5002.920653176918,0.0
Soriano,UY-SO,2024,34,2024-08-19,2024-08-25,0,9122.538742945157,0.0
Tacuarembó,UY-TA,2024,34,2024-08-19,2024-08-25,0,15973.367767510354,0.0
Treinta y Tres,UY-TT,2024,34,2024-08-19,2024-08-25,0,9285.005878360264,0.0
Artigas,UY-AR,2024,35,2024-08-26,2024-09-01,4,12010.600679730765,0.3330391299038397
Canelones,UY-CA,2024,35,2024-08-26,2024-09-01,0,4520.87871068126,0.0
Cerro Largo,UY-CL,2024,35,2024-08-26,2024-09-01,1,13655.557447815512,0.07323025836341603
Colonia,UY-CO,2024,35,2024-08-26,2024-09-01,2,6112.026851866528,0.32722369329729434
Durazno,UY-DU,2024,35,2024-08-26,2024-09-01,0,12228.10425056514,0.0
Flores,UY-FS,2024,35,2024-08-26,2024-09-01,0,5140.77049712524,0.0
Florida,UY-FD,2024,35,2024-08-26,2024-09-01,0,10405.572253242583,0.0
Lavalleja,UY-LA,2024,35,2024-08-26,2024-09-01,2,10031.272844140674,0.19937649300090682
Maldonado,UY-MA,2024,35,2024-08-26,2024-09-01,1,4803.260185508939,0.20819192826924554
Montevideo,UY-MO,2024,35,2024-08-26,2024-09-01,0,527.7536386520376,0.0
Paysandú,UY-PA,2024,35,2024-08-26,2024-09-01,1,14088.526169172621,0.0709797453610243
Rivera,UY-RV,2024,35,2024-08-26,2024-09-01,0,9329.550532265199,0.0
Rocha,UY-RO,2024,35,2024-08-26,2024-09-01,2,10558.553826772255,0.1894198801097933
Río Negro,UY-RN,2024,35,2024-08-26,2024-09-01,0,9810.67596839813,0.0
Salto,UY-SA,2024,35,2024-08-26,2024-09-01,0,14170.87435119916,0.0
San José,UY-SJ,2024,35,2024-08-26,2024-09-01,0,5002.920653176918,0.0
Soriano,UY-SO,2024,35,2024-08-26,2024-09-01,7,9122.538742945157,0.7673302572064596
Tacuarembó,UY-TA,2024,35,2024-08-26,2024-09-01,1,15973.367767510354,0.06260420560991455
Treinta y Tres,UY-TT,2024,35,2024-08-26,2024-09-01,2,9285.005878360264,0.2154010483354913
Artigas,UY-AR,2024,36,2024-09-02,2024-09-08,4,12010.600679730765,0.3330391299038397
Canelones,UY-CA,2024,36,2024-09-02,2024-09-08,0,4520.87871068126,0.0
Cerro Largo,UY-CL,2024,36,2024-09-02,2024-09-08,3,13655.557447815512,0.2196907750902481
Colonia,UY-CO,2024,36,2024-09-02,2024-09-08,2,6112.026851866528,0.32722369329729434
Durazno,UY-DU,2024,36,2024-09-02,2024-09-08,0,12228.10425056514,0.0
Flores,UY-FS,2024,36,2024-09-02,2024-09-08,1,5140.77049712524,0.1945233697087252
Florida,UY-FD,2024,36,2024-09-02,2024-09-08,0,10405.572253242583,0.0
Lavalleja,UY-LA,2024,36,2024-09-02,2024-09-08,2,10031.272844140674,0.19937649300090682
Maldonado,UY-MA,2024,36,2024-09-02,2024-09-08,2,4803.260185508939,0.4163838565384911
Montevideo,UY-MO,2024,36,2024-09-02,2024-09-08,0,527.7536386520376,0.0
Paysandú,UY-PA,2024,36,2024-09-02,2024-09-08,2,14088.526169172621,0.1419594907220486
Rivera,UY-RV,2024,36,2024-09-02,2024-09-08,0,9329.550532265199,0.0
Rocha,UY-RO,2024,36,2024-09-02,2024-09-08,0,10558.553826772255,0.0
Río Negro,UY-RN,2024,36,2024-09-02,2024-09-08,3,9810.67596839813,0.30578932681738896
Salto,UY-SA,2024,36,2024-09-02,2024-09-08,0,14170.87435119916,0.0
San José,UY-SJ,2024,36,2024-09-02,2024-09-08,2,5002.920653176918,0.39976648414960864
Soriano,UY-SO,2024,36,2024-09-02,2024-09-08,0,9122.538742945157,0.0
Tacuarembó,UY-TA,2024,36,2024-09-02,2024-09-08,2,15973.367767510354,0.1252084112198291
Treinta y Tres,UY-TT,2024,36,2024-09-02,2024-09-08,5,9285.005878360264,0.5385026208387282
Artigas,UY-AR,2024,37,2024-09-09,2024-09-15,0,12010.600679730765,0.0
Canelones,UY-CA,2024,37,2024-09-09,2024-09-15,0,4520.87871068126,0.0
Cerro Largo,UY-CL,2024,37,2024-09-09,2024-09-15,0,13655.557447815512,0.0
Colonia,UY-CO,2024,37,2024-09-09,2024-09-15,1,6112.026851866528,0.16361184664864717
Durazno,UY-DU,2024,37,2024-09-09,2024-09-15,0,12228.10425056514,0.0
Flores,UY-FS,2024,37,2024-09-09,2024-09-15,0,5140.77049712524,0.0
Florida,UY-FD,2024,37,2024-09-09,2024-09-15,0,10405.572253242583,0.0
Lavalleja,UY-LA,2024,37,2024-09-09,2024-09-15,2,10031.272844140674,0.19937649300090682
Maldonado,UY-MA,2024,37,2024-09-09,2024-09-15,0,4803.260185508939,0.0
Montevideo,UY-MO,2024,37,2024-09-09,2024-09-15,0,527.7536386520376,0.0
Paysandú,UY-PA,2024,37,2024-09-09,2024-09-15,0,14088.526169172621,0.0
Rivera,UY-RV,2024,37,2024-09-09,2024-09-15,0,9329.550532265199,0.0
Rocha,UY-RO,2024,37,2024-09-09,2024-09-15,0,10558.553826772255,0.0
Río Negro,UY-RN,2024,37,2024-09-09,2024-09-15,1,9810.67596839813,0.10192977560579633
Salto,UY-SA,2024,37,2024-09-09,2024-09-15,0,14170.87435119916,0.0
San José,UY-SJ,2024,37,2024-09-09,2024-09-15,0,5002.920653176918,0.0
Soriano,UY-SO,2024,37,2024-09-09,2024-09-15,0,9122.538742945157,0.0
Tacuarembó,UY-TA,2024,37,2024-09-09,2024-09-15,0,15973.367767510354,0.0
Treinta y Tres,UY-TT,2024,37,2024-09-09,2024-09-15,0,9285.005878360264,0.0
Artigas,UY-AR,2024,38,2024-09-16,2024-09-22,4,12010.600679730765,0.3330391299038397
Canelones,UY-CA,2024,38,2024-09-16,2024-09-22,0,4520.87871068126,0.0
Cerro Largo,UY-CL,2024,38,2024-09-16,2024-09-22,2,13655.557447815512,0.14646051672683205
Colonia,UY-CO,2024,38,2024-09-16,2024-09-22,1,6112.026851866528,0.16361184664864717
Durazno,UY-DU,2024,38,2024-09-16,2024-09-22,0,12228.10425056514,0.0
Flores,UY-FS,2024,38,2024-09-16,2024-09-22,0,5140.77049712524,0.0
Florida,UY-FD,2024,38,2024-09-16,2024-09-22,1,10405.572253242583,0.09610235512884745
Lavalleja,UY-LA,2024,38,2024-09-16,2024-09-22,1,10031.272844140674,0.09968824650045341
Maldonado,UY-MA,2024,38,2024-09-16,2024-09-22,0,4803.260185508939,0.0
Montevideo,UY-MO,2024,38,2024-09-16,2024-09-22,0,527.7536386520376,0.0
Paysandú,UY-PA,2024,38,2024-09-16,2024-09-22,2,14088.526169172621,0.1419594907220486
Rivera,UY-RV,2024,38,2024-09-16,2024-09-22,0,9329.550532265199,0.0
Rocha,UY-RO,2024,38,2024-09-16,2024-09-22,0,10558.553826772255,0.0
Río Negro,UY-RN,2024,38,2024-09-16,2024-09-22,1,9810.67596839813,0.10192977560579633
Salto,UY-SA,2024,38,2024-09-16,2024-09-22,1,14170.87435119916,0.07056727589398029
San José,UY-SJ,2024,38,2024-09-16,2024-09-22,4,5002.920653176918,0.7995329682992173
Soriano,UY-SO,2024,38,2024-09-16,2024-09-22,4,9122.538742945157,0.4384744326894055
Tacuarembó,UY-TA,2024,38,2024-09-16,2024-09-22,0,15973.367767510354,0.0
Treinta y Tres,UY-TT,2024,38,2024-09-16,2024-09-22,0,9285.005878360264,0.0
Artigas,UY-AR,2024,39,2024-09-23,2024-09-29,2,12010.600679730765,0.16651956495191986
Canelones,UY-CA,2024,39,2024-09-23,2024-09-29,0,4520.87871068126,0.0
Cerro Largo,UY-CL,2024,39,2024-09-23,2024-09-29,0,13655.557447815512,0.0
Colonia,UY-CO,2024,39,2024-09-23,2024-09-29,0,6112.026851866528,0.0
Durazno,UY-DU,2024,39,2024-09-23,2024-09-29,0,12228.10425056514,0.0
Flores,UY-FS,2024,39,2024-09-23,2024-09-29,0,5140.77049712524,0.0
Florida,UY-FD,2024,39,2024-09-23,2024-09-29,0,10405.572253242583,0.0
Lavalleja,UY-LA,2024,39,2024-09-23,2024-09-29,0,10031.272844140674,0.0
Maldonado,UY-MA,2024,39,2024-09-23,2024-09-29,2,4803.260185508939,0.4163838565384911
Montevideo,UY-MO,2024,39,2024-09-23,2024-09-29,0,527.7536386520376,0.0
Paysandú,UY-PA,2024,39,2024-09-23,2024-09-29,0,14088.526169172621,0.0
Rivera,UY-RV,2024,39,2024-09-23,2024-09-29,0,9329.550532265199,0.0
Rocha,UY-RO,2024,39,2024-09-23,2024-09-29,0,10558.553826772255,0.0
Río Negro,UY-RN,2024,39,2024-09-23,2024-09-29,0,9810.67596839813,0.0
Salto,UY-SA,2024,39,2024-09-23,2024-09-29,1,14170.87435119916,0.07056727589398029
San José,UY-SJ,2024,39,2024-09-23,2024-09-29,0,5002.920653176918,0.0
Soriano,UY-SO,2024,39,2024-09-23,2024-09-29,1,9122.538742945157,0.10961860817235138
Tacuarembó,UY-TA,2024,39,2024-09-23,2024-09-29,0,15973.367767510354,0.0
Treinta y Tres,UY-TT,2024,39,2024-09-23,2024-09-29,0,9285.005878360264,0.0
Artigas,UY-AR,2024,40,2024-09-30,2024-10-06,1,12010.600679730765,0.08325978247595993
Canelones,UY-CA,2024,40,2024-09-30,2024-10-06,1,4520.87871068126,0.22119593645309454
Cerro Largo,UY-CL,2024,40,2024-09-30,2024-10-06,0,13655.557447815512,0.0
Colonia,UY-CO,2024,40,2024-09-30,2024-10-06,3,6112.026851866528,0.4908355399459415
Durazno,UY-DU,2024,40,2024-09-30,2024-10-06,0,12228.10425056514,0.0
Flores,UY-FS,2024,40,2024-09-30,2024-10-06,0,5140.77049712524,0.0
Florida,UY-FD,2024,40,2024-09-30,2024-10-06,0,10405.572253242583,0.0
Lavalleja,UY-LA,2024,40,2024-09-30,2024-10-06,0,10031.272844140674,0.0
Maldonado,UY-MA,2024,40,2024-09-30,2024-10-06,0,4803.260185508939,0.0
Montevideo,UY-MO,2024,40,2024-09-30,2024-10-06,0,527.7536386520376,0.0
Paysandú,UY-PA,2024,40,2024-09-30,2024-10-06,3,14088.526169172621,0.21293923608307294
Rivera,UY-RV,2024,40,2024-09-30,2024-10-06,0,9329.550532265199,0.0
Rocha,UY-RO,2024,40,2024-09-30,2024-10-06,1,10558.553826772255,0.09470994005489665
Río Negro,UY-RN,2024,40,2024-09-30,2024-10-06,0,9810.67596839813,0.0
Salto,UY-SA,2024,40,2024-09-30,2024-10-06,3,14170.87435119916,0.21170182768194087
San José,UY-SJ,2024,40,2024-09-30,2024-10-06,1,5002.920653176918,0.19988324207480432
Soriano,UY-SO,2024,40,2024-09-30,2024-10-06,1,9122.538742945157,0.10961860817235138
Tacuarembó,UY-TA,2024,40,2024-09-30,2024-10-06,0,15973.367767510354,0.0
Treinta y Tres,UY-TT,2024,40,2024-09-30,2024-10-06,2,9285.005878360264,0.2154010483354913
Artigas,UY-AR,2024,41,2024-10-07,2024-10-13,3,12010.600679730765,0.2497793474278798
Canelones,UY-CA,2024,41,2024-10-07,2024-10-13,0,4520.87871068126,0.0
Cerro Largo,UY-CL,2024,41,2024-10-07,2024-10-13,0,13655.557447815512,0.0
Colonia,UY-CO,2024,41,2024-10-07,2024-10-13,0,6112.026851866528,0.0
Durazno,UY-DU,2024,41,2024-10-07,2024-10-13,0,12228.10425056514,0.0
Flores,UY-FS,2024,41,2024-10-07,2024-10-13,0,5140.77049712524,0.0
Florida,UY-FD,2024,41,2024-10-07,2024-10-13,0,10405.572253242583,0.0
Lavalleja,UY-LA,2024,41,2024-10-07,2024-10-13,0,10031.272844140674,0.0
Maldonado,UY-MA,2024,41,2024-10-07,2024-10-13,0,4803.260185508939,0.0
Montevideo,UY-MO,2024,41,2024-10-07,2024-10-13,0,527.7536386520376,0.0
Paysandú,UY-PA,2024,41,2024-10-07,2024-10-13,0,14088.526169172621,0.0
Rivera,UY-RV,2024,41,2024-10-07,2024-10-13,0,9329.550532265199,0.0
Rocha,UY-RO,2024,41,2024-10-07,2024-10-13,0,10558.553826772255,0.0
Río Negro,UY-RN,2024,41,2024-10-07,2024-10-13,0,9810.67596839813,0.0
Salto,UY-SA,2024,41,2024-10-07,2024-10-13,0,14170.87435119916,0.0
San José,UY-SJ,2024,41,2024-10-07,2024-10-13,0,5002.920653176918,0.0
Soriano,UY-SO,2024,41,2024-10-07,2024-10-13,0,9122.538742945157,0.0
Tacuarembó,UY-TA,2024,41,2024-10-07,2024-10-13,0,15973.367767510354,0.0
Treinta y Tres,UY-TT,2024,41,2024-10-07,2024-10-13,0,9285.005878360264,0.0
Artigas,UY-AR,2024,42,2024-10-14,2024-10-20,0,12010.600679730765,0.0
Canelones,UY-CA,2024,42,2024-10-14,2024-10-20,0,4520.87871068126,0.0
Cerro Largo,UY-CL,2024,42,2024-10-14,2024-10-20,1,13655.557447815512,0.07323025836341603
Colonia,UY-CO,2024,42,2024-10-14,2024-10-20,2,6112.026851866528,0.32722369329729434
Durazno,UY-DU,2024,42,2024-10-14,2024-10-20,1,12228.10425056514,0.08177882519719143
Flores,UY-FS,2024,42,2024-10-14,2024-10-20,0,5140.77049712524,0.0
Florida,UY-FD,2024,42,2024-10-14,2024-10-20,0,10405.572253242583,0.0
Lavalleja,UY-LA,2024,42,2024-10-14,2024-10-20,1,10031.272844140674,0.09968824650045341
Maldonado,UY-MA,2024,42,2024-10-14,2024-10-20,2,4803.260185508939,0.4163838565384911
Montevideo,UY-MO,2024,42,2024-10-14,2024-10-20,0,527.7536386520376,0.0
Paysandú,UY-PA,2024,42,2024-10-14,2024-10-20,0,14088.526169172621,0.0
Rivera,UY-RV,2024,42,2024-10-14,2024-10-20,0,9329.550532265199,0.0
Rocha,UY-RO,2024,42,2024-10-14,2024-10-20,0,10558.553826772255,0.0
Río Negro,UY-RN,2024,42,2024-10-14,2024-10-20,0,9810.67596839813,0.0
Salto,UY-SA,2024,42,2024-10-14,2024-10-20,0,14170.87435119916,0.0
San José,UY-SJ,2024,42,2024-10-14,2024-10-20,0,5002.920653176918,0.0
Soriano,UY-SO,2024,42,2024-10-14,2024-10-20,1,9122.538742945157,0.10961860817235138
Tacuarembó,UY-TA,2024,42,2024-10-14,2024-10-20,0,15973.367767510354,0.0
Treinta y Tres,UY-TT,2024,42,2024-10-14,2024-10-20,0,9285.005878360264,0.0
Artigas,UY-AR,2024,43,2024-10-21,2024-10-27,4,12010.600679730765,0.3330391299038397
Canelones,UY-CA,2024,43,2024-10-21,2024-10-27,1,4520.87871068126,0.22119593645309454
Cerro Largo,UY-CL,2024,43,2024-10-21,2024-10-27,0,13655.557447815512,0.0
Colonia,UY-CO,2024,43,2024-10-21,2024-10-27,1,6112.026851866528,0.16361184664864717
Durazno,UY-DU,2024,43,2024-10-21,2024-10-27,0,12228.10425056514,0.0
Flores,UY-FS,2024,43,2024-10-21,2024-10-27,0,5140.77049712524,0.0
Florida,UY-FD,2024,43,2024-10-21,2024-10-27,0,10405.572253242583,0.0
Lavalleja,UY-LA,2024,43,2024-10-21,2024-10-27,1,10031.272844140674,0.09968824650045341
Maldonado,UY-MA,2024,43,2024-10-21,2024-10-27,0,4803.260185508939,0.0
Montevideo,UY-MO,2024,43,2024-10-21,2024-10-27,0,527.7536386520376,0.0
Paysandú,UY-PA,2024,43,2024-10-21,2024-10-27,0,14088.526169172621,0.0
Rivera,UY-RV,2024,43,2024-10-21,2024-10-27,0,9329.550532265199,0.0
Rocha,UY-RO,2024,43,2024-10-21,2024-10-27,0,10558.553826772255,0.0
Río Negro,UY-RN,2024,43,2024-10-21,2024-10-27,1,9810.67596839813,0.10192977560579633
Salto,UY-SA,2024,43,2024-10-21,2024-10-27,0,14170.87435119916,0.0
San José,UY-SJ,2024,43,2024-10-21,2024-10-27,1,5002.920653176918,0.19988324207480432
Soriano,UY-SO,2024,43,2024-10-21,2024-10-27,0,9122.538742945157,0.0
Tacuarembó,UY-TA,2024,43,2024-10-21,2024-10-27,0,15973.367767510354,0.0
Treinta y Tres,UY-TT,2024,43,2024-10-21,2024-10-27,0,9285.005878360264,0.0
Artigas,UY-AR,2024,44,2024-10-28,2024-11-03,0,12010.600679730765,0.0
Canelones,UY-CA,2024,44,2024-10-28,2024-11-03,3,4520.87871068126,0.6635878093592836
Cerro Largo,UY-CL,2024,44,2024-10-28,2024-11-03,1,13655.557447815512,0.07323025836341603
Colonia,UY-CO,2024,44,2024-10-28,2024-11-03,1,6112.026851866528,0.16361184664864717
Durazno,UY-DU,2024,44,2024-10-28,2024-11-03,0,12228.10425056514,0.0
Flores,UY-FS,2024,44,2024-10-28,2024-11-03,1,5140.77049712524,0.1945233697087252
Florida,UY-FD,2024,44,2024-10-28,2024-11-03,1,10405.572253242583,0.09610235512884745
Lavalleja,UY-LA,2024,44,2024-10-28,2024-11-03,7,10031.272844140674,0.6978177255031739
Maldonado,UY-MA,2024,44,2024-10-28,2024-11-03,1,4803.260185508939,0.20819192826924554
Montevideo,UY-MO,2024,44,2024-10-28,2024-11-03,0,527.7536386520376,0.0
Paysandú,UY-PA,2024,44,2024-10-28,2024-11-03,1,14088.526169172621,0.0709797453610243
Rivera,UY-RV,2024,44,2024-10-28,2024-11-03,3,9329.550532265199,0.32155889928725273
Rocha,UY-RO,2024,44,2024-10-28,2024-11-03,0,10558.553826772255,0.0
Río Negro,UY-RN,2024,44,2024-10-28,2024-11-03,2,9810.67596839813,0.20385955121159266
Salto,UY-SA,2024,44,2024-10-28,2024-11-03,0,14170.87435119916,0.0
San José,UY-SJ,2024,44,2024-10-28,2024-11-03,0,5002.920653176918,0.0
Soriano,UY-SO,2024,44,2024-10-28,2024-11-03,1,9122.538742945157,0.10961860817235138
Tacuarembó,UY-TA,2024,44,2024-10-28,2024-11-03,2,15973.367767510354,0.1252084112198291
Treinta y Tres,UY-TT,2024,44,2024-10-28,2024-11-03,2,9285.005878360264,0.2154010483354913
Artigas,UY-AR,2024,45,2024-11-04,2024-11-10,1,12010.600679730765,0.08325978247595993
Canelones,UY-CA,2024,45,2024-11-04,2024-11-10,1,4520.87871068126,0.22119593645309454
Cerro Largo,UY-CL,2024,45,2024-11-04,2024-11-10,0,13655.557447815512,0.0
Colonia,UY-CO,2024,45,2024-11-04,2024-11-10,0,6112.026851866528,0.0
Durazno,UY-DU,2024,45,2024-11-04,2024-11-10,0,12228.10425056514,0.0
Flores,UY-FS,2024,45,2024-11-04,2024-11-10,0,5140.77049712524,0.0
Florida,UY-FD,2024,45,2024-11-04,2024-11-10,0,10405.572253242583,0.0
Lavalleja,UY-LA,2024,45,2024-11-04,2024-11-10,3,10031.272844140674,0.29906473950136025
Maldonado,UY-MA,2024,45,2024-11-04,2024-11-10,2,4803.260185508939,0.4163838565384911
Montevideo,UY-MO,2024,45,2024-11-04,2024-11-10,0,527.7536386520376,0.0
Paysandú,UY-PA,2024,45,2024-11-04,2024-11-10,0,14088.526169172621,0.0
Rivera,UY-RV,2024,45,2024-11-04,2024-11-10,0,9329.550532265199,0.0
Rocha,UY-RO,2024,45,2024-11-04,2024-11-10,1,10558.553826772255,0.09470994005489665
Río Negro,UY-RN,2024,45,2024-11-04,2024-11-10,2,9810.67596839813,0.20385955121159266
Salto,UY-SA,2024,45,2024-11-04,2024-11-10,0,14170.87435119916,0.0
San José,UY-SJ,2024,45,2024-11-04,2024-11-10,1,5002.920653176918,0.19988324207480432
Soriano,UY-SO,2024,45,2024-11-04,2024-11-10,1,9122.538742945157,0.10961860817235138
Tacuarembó,UY-TA,2024,45,2024-11-04,2024-11-10,0,15973.367767510354,0.0
Treinta y Tres,UY-TT,2024,45,2024-11-04,2024-11-10,3,9285.005878360264,0.32310157250323696
Artigas,UY-AR,2024,46,2024-11-11,2024-11-17,0,12010.600679730765,0.0
Canelones,UY-CA,2024,46,2024-11-11,2024-11-17,3,4520.87871068126,0.6635878093592836
Cerro Largo,UY-CL,2024,46,2024-11-11,2024-11-17,1,13655.557447815512,0.07323025836341603
Colonia,UY-CO,2024,46,2024-11-11,2024-11-17,1,6112.026851866528,0.16361184664864717
Durazno,UY-DU,2024,46,2024-11-11,2024-11-17,0,12228.10425056514,0.0
Flores,UY-FS,2024,46,2024-11-11,2024-11-17,1,5140.77049712524,0.1945233697087252
Florida,UY-FD,2024,46,2024-11-11,2024-11-17,1,10405.572253242583,0.09610235512884745
Lavalleja,UY-LA,2024,46,2024-11-11,2024-11-17,3,10031.272844140674,0.29906473950136025
Maldonado,UY-MA,2024,46,2024-11-11,2024-11-17,1,4803.260185508939,0.20819192826924554
Montevideo,UY-MO,2024,46,2024-11-11,2024-11-17,1,527.7536386520376,1.8948235061991252
Paysandú,UY-PA,2024,46,2024-11-11,2024-11-17,1,14088.526169172621,0.0709797453610243
Rivera,UY-RV,2024,46,2024-11-11,2024-11-17,0,9329.550532265199,0.0
Rocha,UY-RO,2024,46,2024-11-11,2024-11-17,3,10558.553826772255,0.28412982016469
Río Negro,UY-RN,2024,46,2024-11-11,2024-11-17,2,9810.67596839813,0.20385955121159266
Salto,UY-SA,2024,46,2024-11-11,2024-11-17,0,14170.87435119916,0.0
San José,UY-SJ,2024,46,2024-11-11,2024-11-17,3,5002.920653176918,0.5996497262244129
Soriano,UY-SO,2024,46,2024-11-11,2024-11-17,1,9122.538742945157,0.10961860817235138
Tacuarembó,UY-TA,2024,46,2024-11-11,2024-11-17,2,15973.367767510354,0.1252084112198291
Treinta y Tres,UY-TT,2024,46,2024-11-11,2024-11-17,3,9285.005878360264,0.32310157250323696
Artigas,UY-AR,2024,47,2024-11-18,2024-11-24,0,12010.600679730765,0.0
Canelones,UY-CA,2024,47,2024-11-18,2024-11-24,8,4520.87871068126,1.7695674916247564
Cerro Largo,UY-CL,2024,47,2024-11-18,2024-11-24,0,13655.557447815512,0.0
Colonia,UY-CO,2024,47,2024-11-18,2024-11-24,2,6112.026851866528,0.32722369329729434
Durazno,UY-DU,2024,47,2024-11-18,2024-11-24,0,12228.10425056514,0.0
Flores,UY-FS,2024,47,2024-11-18,2024-11-24,1,5140.77049712524,0.1945233697087252
Florida,UY-FD,2024,47,2024-11-18,2024-11-24,2,10405.572253242583,0.1922047102576949
Lavalleja,UY-LA,2024,47,2024-11-18,2024-11-24,1,10031.272844140674,0.09968824650045341
Maldonado,UY-MA,2024,47,2024-11-18,2024-11-24,1,4803.260185508939,0.20819192826924554
Montevideo,UY-MO,2024,47,2024-11-18,2024-11-24,0,527.7536386520376,0.0
Paysandú,UY-PA,2024,47,2024-11-18,2024-11-24,1,14088.526169172621,0.0709797453610243
Rivera,UY-RV,2024,47,2024-11-18,2024-11-24,2,9329.550532265199,0.21437259952483514
Rocha,UY-RO,2024,47,2024-11-18,2024-11-24,2,10558.553826772255,0.1894198801097933
Río Negro,UY-RN,2024,47,2024-11-18,2024-11-24,0,9810.67596839813,0.0
Salto,UY-SA,2024,47,2024-11-18,2024-11-24,0,14170.87435119916,0.0
San José,UY-SJ,2024,47,2024-11-18,2024-11-24,1,5002.920653176918,0.19988324207480432
Soriano,UY-SO,2024,47,2024-11-18,2024-11-24,1,9122.538742945157,0.10961860817235138
Tacuarembó,UY-TA,2024,47,2024-11-18,2024-11-24,1,15973.367767510354,0.06260420560991455
Treinta y Tres,UY-TT,2024,47,2024-11-18,2024-11-24,0,9285.005878360264,0.0
Artigas,UY-AR,2024,48,2024-11-25,2024-12-01,0,12010.600679730765,0.0
Canelones,UY-CA,2024,48,2024-11-25,2024-12-01,0,4520.87871068126,0.0
Cerro Largo,UY-CL,2024,48,2024-11-25,2024-12-01,0,13655.557447815512,0.0
Colonia,UY-CO,2024,48,2024-11-25,2024-12-01,0,6112.026851866528,0.0
Durazno,UY-DU,2024,48,2024-11-25,2024-12-01,0,12228.10425056514,0.0
Flores,UY-FS,2024,48,2024-11-25,2024-12-01,0,5140.77049712524,0.0
Florida,UY-FD,2024,48,2024-11-25,2024-12-01,0,10405.572253242583,0.0
Lavalleja,UY-LA,2024,48,2024-11-25,2024-12-01,1,10031.272844140674,0.09968824650045341
Maldonado,UY-MA,2024,48,2024-11-25,2024-12-01,0,4803.260185508939,0.0
Montevideo,UY-MO,2024,48,2024-11-25,2024-12-01,0,527.7536386520376,0.0
Paysandú,UY-PA,2024,48,2024-11-25,2024-12-01,0,14088.526169172621,0.0
Rivera,UY-RV,2024,48,2024-11-25,2024-12-01,0,9329.550532265199,0.0
Rocha,UY-RO,2024,48,2024-11-25,2024-12-01,17,10558.553826772255,1.6100689809332431
Río Negro,UY-RN,2024,48,2024-11-25,2024-12-01,0,9810.67596839813,0.0
Salto,UY-SA,2024,48,2024-11-25,2024-12-01,0,14170.87435119916,0.0
San José,UY-SJ,2024,48,2024-11-25,2024-12-01,0,5002.920653176918,0.0
Soriano,UY-SO,2024,48,2024-11-25,2024-12-01,0,9122.538742945157,0.0
Tacuarembó,UY-TA,2024,48,2024-11-25,2024-12-01,0,15973.367767510354,0.0
Treinta y Tres,UY-TT,2024,48,2024-11-25,2024-12-01,0,9285.005878360264,0.0
Artigas,UY-AR,2024,49,2024-12-02,2024-12-08,3,12010.600679730765,0.2497793474278798
Canelones,UY-CA,2024,49,2024-12-02,2024-12-08,5,4520.87871068126,1.1059796822654728
Cerro Largo,UY-CL,2024,49,2024-12-02,2024-12-08,2,13655.557447815512,0.14646051672683205
Colonia,UY-CO,2024,49,2024-12-02,2024-12-08,0,6112.026851866528,0.0
Durazno,UY-DU,2024,49,2024-12-02,2024-12-08,2,12228.10425056514,0.16355765039438286
Flores,UY-FS,2024,49,2024-12-02,2024-12-08,1,5140.77049712524,0.1945233697087252
Florida,UY-FD,2024,49,2024-12-02,2024-12-08,2,10405.572253242583,0.1922047102576949
Lavalleja,UY-LA,2024,49,2024-12-02,2024-12-08,2,10031.272844140674,0.19937649300090682
Maldonado,UY-MA,2024,49,2024-12-02,2024-12-08,1,4803.260185508939,0.20819192826924554
Montevideo,UY-MO,2024,49,2024-12-02,2024-12-08,0,527.7536386520376,0.0
Paysandú,UY-PA,2024,49,2024-12-02,2024-12-08,0,14088.526169172621,0.0
Rivera,UY-RV,2024,49,2024-12-02,2024-12-08,0,9329.550532265199,0.0
Rocha,UY-RO,2024,49,2024-12-02,2024-12-08,2,10558.553826772255,0.1894198801097933
Río Negro,UY-RN,2024,49,2024-12-02,2024-12-08,0,9810.67596839813,0.0
Salto,UY-SA,2024,49,2024-12-02,2024-12-08,0,14170.87435119916,0.0
San José,UY-SJ,2024,49,2024-12-02,2024-12-08,4,5002.920653176918,0.7995329682992173
Soriano,UY-SO,2024,49,2024-12-02,2024-12-08,2,9122.538742945157,0.21923721634470275
Tacuarembó,UY-TA,2024,49,2024-12-02,2024-12-08,2,15973.367767510354,0.1252084112198291
Treinta y Tres,UY-TT,2024,49,2024-12-02,2024-12-08,2,9285.005878360264,0.2154010483354913
Artigas,UY-AR,2024,50,2024-12-09,2024-12-15,0,12010.600679730765,0.0
Canelones,UY-CA,2024,50,2024-12-09,2024-12-15,5,4520.87871068126,1.1059796822654728
Cerro Largo,UY-CL,2024,50,2024-12-09,2024-12-15,0,13655.557447815512,0.0
Colonia,UY-CO,2024,50,2024-12-09,2024-12-15,0,6112.026851866528,0.0
Durazno,UY-DU,2024,50,2024-12-09,2024-12-15,1,12228.10425056514,0.08177882519719143
Flores,UY-FS,2024,50,2024-12-09,2024-12-15,1,5140.77049712524,0.1945233697087252
Florida,UY-FD,2024,50,2024-12-09,2024-12-15,3,10405.572253242583,0.2883070653865423
Lavalleja,UY-LA,2024,50,2024-12-09,2024-12-15,4,10031.272844140674,0.39875298600181364
Maldonado,UY-MA,2024,50,2024-12-09,2024-12-15,3,4803.260185508939,0.6245757848077367
Montevideo,UY-MO,2024,50,2024-12-09,2024-12-15,1,527.7536386520376,1.8948235061991252
Paysandú,UY-PA,2024,50,2024-12-09,2024-12-15,1,14088.526169172621,0.0709797453610243
Rivera,UY-RV,2024,50,2024-12-09,2024-12-15,0,9329.550532265199,0.0
Rocha,UY-RO,2024,50,2024-12-09,2024-12-15,2,10558.553826772255,0.1894198801097933
Río Negro,UY-RN,2024,50,2024-12-09,2024-12-15,0,9810.67596839813,0.0
Salto,UY-SA,2024,50,2024-12-09,2024-12-15,0,14170.87435119916,0.0
San José,UY-SJ,2024,50,2024-12-09,2024-12-15,1,5002.920653176918,0.19988324207480432
Soriano,UY-SO,2024,50,2024-12-09,2024-12-15,1,9122.538742945157,0.10961860817235138
Tacuarembó,UY-TA,2024,50,2024-12-09,2024-12-15,0,15973.367767510354,0.0
Treinta y Tres,UY-TT,2024,50,2024-12-09,2024-12-15,0,9285.005878360264,0.0
Artigas,UY-AR,2024,51,2024-12-16,2024-12-22,0,12010.600679730765,0.0
Canelones,UY-CA,2024,51,2024-12-16,2024-12-22,5,4520.87871068126,1.1059796822654728
Cerro Largo,UY-CL,2024,51,2024-12-16,2024-12-22,0,13655.557447815512,0.0
Colonia,UY-CO,2024,51,2024-12-16,2024-12-22,0,6112.026851866528,0.0
Durazno,UY-DU,2024,51,2024-12-16,2024-12-22,1,12228.10425056514,0.08177882519719143
Flores,UY-FS,2024,51,2024-12-16,2024-12-22,1,5140.77049712524,0.1945233697087252
Florida,UY-FD,2024,51,2024-12-16,2024-12-22,1,10405.572253242583,0.09610235512884745
Lavalleja,UY-LA,2024,51,2024-12-16,2024-12-22,0,10031.272844140674,0.0
Maldonado,UY-MA,2024,51,2024-12-16,2024-12-22,3,4803.260185508939,0.6245757848077367
Montevideo,UY-MO,2024,51,2024-12-16,2024-12-22,0,527.7536386520376,0.0
Paysandú,UY-PA,2024,51,2024-12-16,2024-12-22,2,14088.526169172621,0.1419594907220486
Rivera,UY-RV,2024,51,2024-12-16,2024-12-22,0,9329.550532265199,0.0
Rocha,UY-RO,2024,51,2024-12-16,2024-12-22,1,10558.553826772255,0.09470994005489665
Río Negro,UY-RN,2024,51,2024-12-16,2024-12-22,0,9810.67596839813,0.0
Salto,UY-SA,2024,51,2024-12-16,2024-12-22,0,14170.87435119916,0.0
San José,UY-SJ,2024,51,2024-12-16,2024-12-22,1,5002.920653176918,0.19988324207480432
Soriano,UY-SO,2024,51,2024-12-16,2024-12-22,0,9122.538742945157,0.0
Tacuarembó,UY-TA,2024,51,2024-12-16,2024-12-22,0,15973.367767510354,0.0
Treinta y Tres,UY-TT,2024,51,2024-12-16,2024-12-22,0,9285.005878360264,0.0
Artigas,UY-AR,2024,52,2024-12-23,2024-12-29,0,12010.600679730765,0.0
Canelones,UY-CA,2024,52,2024-12-23,2024-12-29,0,4520.87871068126,0.0
Cerro Largo,UY-CL,2024,52,2024-12-23,2024-12-29,0,13655.557447815512,0.0
Colonia,UY-CO,2024,52,2024-12-23,2024-12-29,0,6112.026851866528,0.0
Durazno,UY-DU,2024,52,2024-12-23,2024-12-29,0,12228.10425056514,0.0
Flores,UY-FS,2024,52,2024-12-23,2024-12-29,1,5140.77049712524,0.1945233697087252
Florida,UY-FD,2024,52,2024-12-23,2024-12-29,0,10405.572253242583,0.0
Lavalleja,UY-LA,2024,52,2024-12-23,2024-12-29,0,10031.272844140674,0.0
Maldonado,UY-MA,2024,52,2024-12-23,2024-12-29,0,4803.260185508939,0.0
Montevideo,UY-MO,2024,52,2024-12-23,2024-12-29,0,527.7536386520376,0.0
Paysandú,UY-PA,2024,52,2024-12-23,2024-12-29,1,14088.526169172621,0.0709797453610243
Rivera,UY-RV,2024,52,2024-12-23,2024-12-29,0,9329.550532265199,0.0
Rocha,UY-RO,2024,52,2024-12-23,2024-12-29,0,10558.553826772255,0.0
Río Negro,UY-RN,2024,52,2024-12-23,2024-12-29,0,9810.67596839813,0.0
Salto,UY-SA,2024,52,2024-12-23,2024-12-29,0,14170.87435119916,0.0
San José,UY-SJ,2024,52,2024-12-23,2024-12-29,1,5002.920653176918,0.19988324207480432
Soriano,UY-SO,2024,52,2024-12-23,2024-12-29,0,9122.538742945157,0.0
Tacuarembó,UY-TA,2024,52,2024-12-23,2024-12-29,0,15973.367767510354,0.0
Treinta y Tres,UY-TT,2024,52,2024-12-23,2024-12-29,2,9285.005878360264,0.2154010483354913
Artigas,UY-AR,2024,53,2024-12-30,2025-01-05,1,12010.600679730765,0.08325978247595993
Canelones,UY-CA,2024,53,2024-12-30,2025-01-05,1,4520.87871068126,0.22119593645309454
Cerro Largo,UY-CL,2024,53,2024-12-30,2025-01-05,1,13655.557447815512,0.07323025836341603
Colonia,UY-CO,2024,53,2024-12-30,2025-01-05,0,6112.026851866528,0.0
Durazno,UY-DU,2024,53,2024-12-30,2025-01-05,2,12228.10425056514,0.16355765039438286
Flores,UY-FS,2024,53,2024-12-30,2025-01-05,1,5140.77049712524,0.1945233697087252
Florida,UY-FD,2024,53,2024-12-30,2025-01-05,0,10405.572253242583,0.0
Lavalleja,UY-LA,2024,53,2024-12-30,2025-01-05,1,10031.272844140674,0.09968824650045341
Maldonado,UY-MA,2024,53,2024-12-30,2025-01-05,2,4803.260185508939,0.4163838565384911
Montevideo,UY-MO,2024,53,2024-12-30,2025-01-05,0,527.7536386520376,0.0
Paysandú,UY-PA,2024,53,2024-12-30,2025-01-05,0,14088.526169172621,0.0
Rivera,UY-RV,2024,53,2024-12-30,2025-01-05,0,9329.550532265199,0.0
Rocha,UY-RO,2024,53,2024-12-30,2025-01-05,1,10558.553826772255,0.09470994005489665
Río Negro,UY-RN,2024,53,2024-12-30,2025-01-05,0,9810.67596839813,0.0
Salto,UY-SA,2024,53,2024-12-30,2025-01-05,0,14170.87435119916,0.0
San José,UY-SJ,2024,53,2024-12-30,2025-01-05,1,5002.920653176918,0.19988324207480432
Soriano,UY-SO,2024,53,2024-12-30,2025-01-05,0,9122.538742945157,0.0
Tacuarembó,UY-TA,2024,53,2024-12-30,2025-01-05,0,15973.367767510354,0.0
Treinta y Tres,UY-TT,2024,53,2024-12-30,2025-01-05,2,9285.005878360264,0.2154010483354913
Artigas,UY-AR,2025,1,2025-01-06,2025-01-12,1,12010.600679730765,0.08325978247595993
Canelones,UY-CA,2025,1,2025-01-06,2025-01-12,7,4520.87871068126,1.548371555171662
Cerro Largo,UY-CL,2025,1,2025-01-06,2025-01-12,1,13655.557447815512,0.07323025836341603
Colonia,UY-CO,2025,1,2025-01-06,2025-01-12,0,6112.026851866528,0.0
Durazno,UY-DU,2025,1,2025-01-06,2025-01-12,0,12228.10425056514,0.0
Flores,UY-FS,2025,1,2025-01-06,2025-01-12,0,5140.77049712524,0.0
Florida,UY-FD,2025,1,2025-01-06,2025-01-12,0,10405.572253242583,0.0
Lavalleja,UY-LA,2025,1,2025-01-06,2025-01-12,6,10031.272844140674,0.5981294790027205
Maldonado,UY-MA,2025,1,2025-01-06,2025-01-12,4,4803.260185508939,0.8327677130769822
Montevideo,UY-MO,2025,1,2025-01-06,2025-01-12,0,527.7536386520376,0.0
Paysandú,UY-PA,2025,1,2025-01-06,2025-01-12,0,14088.526169172621,0.0
Rivera,UY-RV,2025,1,2025-01-06,2025-01-12,0,9329.550532265199,0.0
Rocha,UY-RO,2025,1,2025-01-06,2025-01-12,0,10558.553826772255,0.0
Río Negro,UY-RN,2025,1,2025-01-06,2025-01-12,0,9810.67596839813,0.0
Salto,UY-SA,2025,1,2025-01-06,2025-01-12,0,14170.87435119916,0.0
San José,UY-SJ,2025,1,2025-01-06,2025-01-12,0,5002.920653176918,0.0
Soriano,UY-SO,2025,1,2025-01-06,2025-01-12,0,9122.538742945157,0.0
Tacuarembó,UY-TA,2025,1,2025-01-06,2025-01-12,0,15973.367767510354,0.0
Treinta y Tres,UY-TT,2025,1,2025-01-06,2025-01-12,1,9285.005878360264,0.10770052416774566
Artigas,UY-AR,2025,2,2025-01-13,2025-01-19,5,12010.600679730765,0.41629891237979966
Canelones,UY-CA,2025,2,2025-01-13,2025-01-19,0,4520.87871068126,0.0
Cerro Largo,UY-CL,2025,2,2025-01-13,2025-01-19,0,13655.557447815512,0.0
Colonia,UY-CO,2025,2,2025-01-13,2025-01-19,0,6112.026851866528,0.0
Durazno,UY-DU,2025,2,2025-01-13,2025-01-19,0,12228.10425056514,0.0
Flores,UY-FS,2025,2,2025-01-13,2025-01-19,1,5140.77049712524,0.1945233697087252
Florida,UY-FD,2025,2,2025-01-13,2025-01-19,0,10405.572253242583,0.0
Lavalleja,UY-LA,2025,2,2025-01-13,2025-01-19,0,10031.272844140674,0.0
Maldonado,UY-MA,2025,2,2025-01-13,2025-01-19,2,4803.260185508939,0.4163838565384911
Montevideo,UY-MO,2025,2,2025-01-13,2025-01-19,0,527.7536386520376,0.0
Paysandú,UY-PA,2025,2,2025-01-13,2025-01-19,0,14088.526169172621,0.0
Rivera,UY-RV,2025,2,2025-01-13,2025-01-19,1,9329.550532265199,0.10718629976241757
Rocha,UY-RO,2025,2,2025-01-13,2025-01-19,0,10558.553826772255,0.0
Río Negro,UY-RN,2025,2,2025-01-13,2025-01-19,0,9810.67596839813,0.0
Salto,UY-SA,2025,2,2025-01-13,2025-01-19,5,14170.87435119916,0.35283637946990143
San José,UY-SJ,2025,2,2025-01-13,2025-01-19,1,5002.920653176918,0.19988324207480432
Soriano,UY-SO,2025,2,2025-01-13,2025-01-19,0,9122.538742945157,0.0
Tacuarembó,UY-TA,2025,2,2025-01-13,2025-01-19,2,15973.367767510354,0.1252084112198291
Treinta y Tres,UY-TT,2025,2,2025-01-13,2025-01-19,0,9285.005878360264,0.0
Artigas,UY-AR,2025,3,2025-01-20,2025-01-26,2,12010.600679730765,0.16651956495191986
Canelones,UY-CA,2025,3,2025-01-20,2025-01-26,3,4520.87871068126,0.6635878093592836
Cerro Largo,UY-CL,2025,3,2025-01-20,2025-01-26,2,13655.557447815512,0.14646051672683205
Colonia,UY-CO,2025,3,2025-01-20,2025-01-26,0,6112.026851866528,0.0
Durazno,UY-DU,2025,3,2025-01-20,2025-01-26,0,12228.10425056514,0.0
Flores,UY-FS,2025,3,2025-01-20,2025-01-26,0,5140.77049712524,0.0
Florida,UY-FD,2025,3,2025-01-20,2025-01-26,3,10405.572253242583,0.2883070653865423
Lavalleja,UY-LA,2025,3,2025-01-20,2025-01-26,1,10031.272844140674,0.09968824650045341
Maldonado,UY-MA,2025,3,2025-01-20,2025-01-26,1,4803.260185508939,0.20819192826924554
Montevideo,UY-MO,2025,3,2025-01-20,2025-01-26,3,527.7536386520376,5.684470518597376
Paysandú,UY-PA,2025,3,2025-01-20,2025-01-26,0,14088.526169172621,0.0
Rivera,UY-RV,2025,3,2025-01-20,2025-01-26,1,9329.550532265199,0.10718629976241757
Rocha,UY-RO,2025,3,2025-01-20,2025-01-26,0,10558.553826772255,0.0
Río Negro,UY-RN,2025,3,2025-01-20,2025-01-26,0,9810.67596839813,0.0
Salto,UY-SA,2025,3,2025-01-20,2025-01-26,0,14170.87435119916,0.0
San José,UY-SJ,2025,3,2025-01-20,2025-01-26,0,5002.920653176918,0.0
Soriano,UY-SO,2025,3,2025-01-20,2025-01-26,0,9122.538742945157,0.0
Tacuarembó,UY-TA,2025,3,2025-01-20,2025-01-26,1,15973.367767510354,0.06260420560991455
Treinta y Tres,UY-TT,2025,3,2025-01-20,2025-01-26,2,9285.005878360264,0.2154010483354913
Artigas,UY-AR,2025,4,2025-01-27,2025-02-02,0,12010.600679730765,0.0
Canelones,UY-CA,2025,4,2025-01-27,2025-02-02,1,4520.87871068126,0.22119593645309454
Cerro Largo,UY-CL,2025,4,2025-01-27,2025-02-02,1,13655.557447815512,0.07323025836341603
Colonia,UY-CO,2025,4,2025-01-27,2025-02-02,0,6112.026851866528,0.0
Durazno,UY-DU,2025,4,2025-01-27,2025-02-02,0,12228.10425056514,0.0
Flores,UY-FS,2025,4,2025-01-27,2025-02-02,0,5140.77049712524,0.0
Florida,UY-FD,2025,4,2025-01-27,2025-02-02,0,10405.572253242583,0.0
Lavalleja,UY-LA,2025,4,2025-01-27,2025-02-02,1,10031.272844140674,0.09968824650045341
Maldonado,UY-MA,2025,4,2025-01-27,2025-02-02,0,4803.260185508939,0.0
Montevideo,UY-MO,2025,4,2025-01-27,2025-02-02,0,527.7536386520376,0.0
Paysandú,UY-PA,2025,4,2025-01-27,2025-02-02,1,14088.526169172621,0.0709797453610243
Rivera,UY-RV,2025,4,2025-01-27,2025-02-02,0,9329.550532265199,0.0
Rocha,UY-RO,2025,4,2025-01-27,2025-02-02,1,10558.553826772255,0.09470994005489665
Río Negro,UY-RN,2025,4,2025-01-27,2025-02-02,0,9810.67596839813,0.0
Salto,UY-SA,2025,4,2025-01-27,2025-02-02,2,14170.87435119916,0.14113455178796058
San José,UY-SJ,2025,4,2025-01-27,2025-02-02,1,5002.920653176918,0.19988324207480432
Soriano,UY-SO,2025,4,2025-01-27,2025-02-02,0,9122.538742945157,0.0
Tacuarembó,UY-TA,2025,4,2025-01-27,2025-02-02,0,15973.367767510354,0.0
Treinta y Tres,UY-TT,2025,4,2025-01-27,2025-02-02,0,9285.005878360264,0.0
Artigas,UY-AR,2025,5,2025-02-03,2025-02-09,5,12010.600679730765,0.41629891237979966
Canelones,UY-CA,2025,5,2025-02-03,2025-02-09,0,4520.87871068126,0.0
Cerro Largo,UY-CL,2025,5,2025-02-03,2025-02-09,2,13655.557447815512,0.14646051672683205
Colonia,UY-CO,2025,5,2025-02-03,2025-02-09,0,6112.026851866528,0.0
Durazno,UY-DU,2025,5,2025-02-03,2025-02-09,0,12228.10425056514,0.0
Flores,UY-FS,2025,5,2025-02-03,2025-02-09,0,5140.77049712524,0.0
Florida,UY-FD,2025,5,2025-02-03,2025-02-09,0,10405.572253242583,0.0
Lavalleja,UY-LA,2025,5,2025-02-03,2025-02-09,1,10031.272844140674,0.09968824650045341
Maldonado,UY-MA,2025,5,2025-02-03,2025-02-09,1,4803.260185508939,0.20819192826924554
Montevideo,UY-MO,2025,5,2025-02-03,2025-02-09,0,527.7536386520376,0.0
Paysandú,UY-PA,2025,5,2025-02-03,2025-02-09,0,14088.526169172621,0.0
Rivera,UY-RV,2025,5,2025-02-03,2025-02-09,0,9329.550532265199,0.0
Rocha,UY-RO,2025,5,2025-02-03,2025-02-09,0,10558.553826772255,0.0
Río Negro,UY-RN,2025,5,2025-02-03,2025-02-09,1,9810.67596839813,0.10192977560579633
Salto,UY-SA,2025,5,2025-02-03,2025-02-09,5,14170.87435119916,0.35283637946990143
San José,UY-SJ,2025,5,2025-02-03,2025-02-09,0,5002.920653176918,0.0
Soriano,UY-SO,2025,5,2025-02-03,2025-02-09,0,9122.538742945157,0.0
Tacuarembó,UY-TA,2025,5,2025-02-03,2025-02-09,0,15973.367767510354,0.0
Treinta y Tres,UY-TT,2025,5,2025-02-03,2025-02-09,0,9285.005878360264,0.0
Artigas,UY-AR,2025,6,2025-02-10,2025-02-16,3,12010.600679730765,0.2497793474278798
Canelones,UY-CA,2025,6,2025-02-10,2025-02-16,0,4520.87871068126,0.0
Cerro Largo,UY-CL,2025,6,2025-02-10,2025-02-16,1,13655.557447815512,0.07323025836341603
Colonia,UY-CO,2025,6,2025-02-10,2025-02-16,0,6112.026851866528,0.0
Durazno,UY-DU,2025,6,2025-02-10,2025-02-16,0,12228.10425056514,0.0
Flores,UY-FS,2025,6,2025-02-10,2025-02-16,0,5140.77049712524,0.0
Florida,UY-FD,2025,6,2025-02-10,2025-02-16,0,10405.572253242583,0.0
Lavalleja,UY-LA,2025,6,2025-02-10,2025-02-16,1,10031.272844140674,0.09968824650045341
Maldonado,UY-MA,2025,6,2025-02-10,2025-02-16,0,4803.260185508939,0.0
Montevideo,UY-MO,2025,6,2025-02-10,2025-02-16,0,527.7536386520376,0.0
Paysandú,UY-PA,2025,6,2025-02-10,2025-02-16,0,14088.526169172621,0.0
Rivera,UY-RV,2025,6,2025-02-10,2025-02-16,1,9329.550532265199,0.10718629976241757
Rocha,UY-RO,2025,6,2025-02-10,2025-02-16,1,10558.553826772255,0.09470994005489665
Río Negro,UY-RN,2025,6,2025-02-10,2025-02-16,0,9810.67596839813,0.0
Salto,UY-SA,2025,6,2025-02-10,2025-02-16,3,14170.87435119916,0.21170182768194087
San José,UY-SJ,2025,6,2025-02-10,2025-02-16,0,5002.920653176918,0.0
Soriano,UY-SO,2025,6,2025-02-10,2025-02-16,0,9122.538742945157,0.0
Tacuarembó,UY-TA,2025,6,2025-02-10,2025-02-16,0,15973.367767510354,0.0
Treinta y Tres,UY-TT,2025,6,2025-02-10,2025-02-16,1,9285.005878360264,0.10770052416774566
Artigas,UY-AR,2025,7,2025-02-17,2025-02-23,0,12010.600679730765,0.0
Canelones,UY-CA,2025,7,2025-02-17,2025-02-23,0,4520.87871068126,0.0
Cerro Largo,UY-CL,2025,7,2025-02-17,2025-02-23,0,13655.557447815512,0.0
Colonia,UY-CO,2025,7,2025-02-17,2025-02-23,0,6112.026851866528,0.0
Durazno,UY-DU,2025,7,2025-02-17,2025-02-23,0,12228.10425056514,0.0
Flores,UY-FS,2025,7,2025-02-17,2025-02-23,0,5140.77049712524,0.0
Florida,UY-FD,2025,7,2025-02-17,2025-02-23,0,10405.572253242583,0.0
Lavalleja,UY-LA,2025,7,2025-02-17,2025-02-23,1,10031.272844140674,0.09968824650045341
Maldonado,UY-MA,2025,7,2025-02-17,2025-02-23,0,4803.260185508939,0.0
Montevideo,UY-MO,2025,7,2025-02-17,2025-02-23,0,527.7536386520376,0.0
Paysandú,UY-PA,2025,7,2025-02-17,2025-02-23,0,14088.526169172621,0.0
Rivera,UY-RV,2025,7,2025-02-17,2025-02-23,1,9329.550532265199,0.10718629976241757
Rocha,UY-RO,2025,7,2025-02-17,2025-02-23,1,10558.553826772255,0.09470994005489665
Río Negro,UY-RN,2025,7,2025-02-17,2025-02-23,0,9810.67596839813,0.0
Salto,UY-SA,2025,7,2025-02-17,2025-02-23,0,14170.87435119916,0.0
San José,UY-SJ,2025,7,2025-02-17,2025-02-23,0,5002.920653176918,0.0
Soriano,UY-SO,2025,7,2025-02-17,2025-02-23,0,9122.538742945157,0.0
Tacuarembó,UY-TA,2025,7,2025-02-17,2025-02-23,0,15973.367767510354,0.0
Treinta y Tres,UY-TT,2025,7,2025-02-17,2025-02-23,1,9285.005878360264,0.10770052416774566
Artigas,UY-AR,2025,8,2025-02-24,2025-03-02,0,12010.600679730765,0.0
Canelones,UY-CA,2025,8,2025-02-24,2025-03-02,0,4520.87871068126,0.0
Cerro Largo,UY-CL,2025,8,2025-02-24,2025-03-02,0,13655.557447815512,0.0
Colonia,UY-CO,2025,8,2025-02-24,2025-03-02,0,6112.026851866528,0.0
Durazno,UY-DU,2025,8,2025-02-24,2025-03-02,0,12228.10425056514,0.0
Flores,UY-FS,2025,8,2025-02-24,2025-03-02,0,5140.77049712524,0.0
Florida,UY-FD,2025,8,2025-02-24,2025-03-02,0,10405.572253242583,0.0
Lavalleja,UY-LA,2025,8,2025-02-24,2025-03-02,0,10031.272844140674,0.0
Maldonado,UY-MA,2025,8,2025-02-24,2025-03-02,0,4803.260185508939,0.0
Montevideo,UY-MO,2025,8,2025-02-24,2025-03-02,0,527.7536386520376,0.0
Paysandú,UY-PA,2025,8,2025-02-24,2025-03-02,0,14088.526169172621,0.0
Rivera,UY-RV,2025,8,2025-02-24,2025-03-02,0,9329.550532265199,0.0
Rocha,UY-RO,2025,8,2025-02-24,2025-03-02,0,10558.553826772255,0.0
Río Negro,UY-RN,2025,8,2025-02-24,2025-03-02,0,9810.67596839813,0.0
Salto,UY-SA,2025,8,2025-02-24,2025-03-02,0,14170.87435119916,0.0
San José,UY-SJ,2025,8,2025-02-24,2025-03-02,0,5002.920653176918,0.0
Soriano,UY-SO,2025,8,2025-02-24,2025-03-02,0,9122.538742945157,0.0
Tacuarembó,UY-TA,2025,8,2025-02-24,2025-03-02,0,15973.367767510354,0.0
Treinta y Tres,UY-TT,2025,8,2025-02-24,2025-03-02,0,9285.005878360264,0.0
Artigas,UY-AR,2025,9,2025-03-03,2025-03-09,0,12010.600679730765,0.0
Canelones,UY-CA,2025,9,2025-03-03,2025-03-09,0,4520.87871068126,0.0
Cerro Largo,UY-CL,2025,9,2025-03-03,2025-03-09,1,13655.557447815512,0.07323025836341603
Colonia,UY-CO,2025,9,2025-03-03,2025-03-09,0,6112.026851866528,0.0
Durazno,UY-DU,2025,9,2025-03-03,2025-03-09,0,12228.10425056514,0.0
Flores,UY-FS,2025,9,2025-03-03,2025-03-09,0,5140.77049712524,0.0
Florida,UY-FD,2025,9,2025-03-03,2025-03-09,0,10405.572253242583,0.0
Lavalleja,UY-LA,2025,9,2025-03-03,2025-03-09,0,10031.272844140674,0.0
Maldonado,UY-MA,2025,9,2025-03-03,2025-03-09,0,4803.260185508939,0.0
Montevideo,UY-MO,2025,9,2025-03-03,2025-03-09,0,527.7536386520376,0.0
Paysandú,UY-PA,2025,9,2025-03-03,2025-03-09,0,14088.526169172621,0.0
Rivera,UY-RV,2025,9,2025-03-03,2025-03-09,0,9329.550532265199,0.0
Rocha,UY-RO,2025,9,2025-03-03,2025-03-09,0,10558.553826772255,0.0
Río Negro,UY-RN,2025,9,2025-03-03,2025-03-09,0,9810.67596839813,0.0
Salto,UY-SA,2025,9,2025-03-03,2025-03-09,0,14170.87435119916,0.0
San José,UY-SJ,2025,9,2025-03-03,2025-03-09,0,5002.920653176918,0.0
Soriano,UY-SO,2025,9,2025-03-03,2025-03-09,0,9122.538742945157,0.0
Tacuarembó,UY-TA,2025,9,2025-03-03,2025-03-09,1,15973.367767510354,0.06260420560991455
Treinta y Tres,UY-TT,2025,9,2025-03-03,2025-03-09,0,9285.005878360264,0.0
Artigas,UY-AR,2025,10,2025-03-10,2025-03-16,4,12010.600679730765,0.3330391299038397
Canelones,UY-CA,2025,10,2025-03-10,2025-03-16,0,4520.87871068126,0.0
Cerro Largo,UY-CL,2025,10,2025-03-10,2025-03-16,0,13655.557447815512,0.0
Colonia,UY-CO,2025,10,2025-03-10,2025-03-16,0,6112.026851866528,0.0
Durazno,UY-DU,2025,10,2025-03-10,2025-03-16,0,12228.10425056514,0.0
Flores,UY-FS,2025,10,2025-03-10,2025-03-16,0,5140.77049712524,0.0
Florida,UY-FD,2025,10,2025-03-10,2025-03-16,0,10405.572253242583,0.0
Lavalleja,UY-LA,2025,10,2025-03-10,2025-03-16,0,10031.272844140674,0.0
Maldonado,UY-MA,2025,10,2025-03-10,2025-03-16,0,4803.260185508939,0.0
Montevideo,UY-MO,2025,10,2025-03-10,2025-03-16,0,527.7536386520376,0.0
Paysandú,UY-PA,2025,10,2025-03-10,2025-03-16,0,14088.526169172621,0.0
Rivera,UY-RV,2025,10,2025-03-10,2025-03-16,1,9329.550532265199,0.10718629976241757
Rocha,UY-RO,2025,10,2025-03-10,2025-03-16,2,10558.553826772255,0.1894198801097933
Río Negro,UY-RN,2025,10,2025-03-10,2025-03-16,0,9810.67596839813,0.0
Salto,UY-SA,2025,10,2025-03-10,2025-03-16,0,14170.87435119916,0.0
San José,UY-SJ,2025,10,2025-03-10,2025-03-16,0,5002.920653176918,0.0
Soriano,UY-SO,2025,10,2025-03-10,2025-03-16,1,9122.538742945157,0.10961860817235138
Tacuarembó,UY-TA,2025,10,2025-03-10,2025-03-16,0,15973.367767510354,0.0
Treinta y Tres,UY-TT,2025,10,2025-03-10,2025-03-16,0,9285.005878360264,0.0
Artigas,UY-AR,2025,11,2025-03-17,2025-03-23,4,12010.600679730765,0.3330391299038397
Canelones,UY-CA,2025,11,2025-03-17,2025-03-23,0,4520.87871068126,0.0
Cerro Largo,UY-CL,2025,11,2025-03-17,2025-03-23,0,13655.557447815512,0.0
Colonia,UY-CO,2025,11,2025-03-17,2025-03-23,0,6112.026851866528,0.0
Durazno,UY-DU,2025,11,2025-03-17,2025-03-23,1,12228.10425056514,0.08177882519719143
Flores,UY-FS,2025,11,2025-03-17,2025-03-23,0,5140.77049712524,0.0
Florida,UY-FD,2025,11,2025-03-17,2025-03-23,0,10405.572253242583,0.0
Lavalleja,UY-LA,2025,11,2025-03-17,2025-03-23,0,10031.272844140674,0.0
Maldonado,UY-MA,2025,11,2025-03-17,2025-03-23,0,4803.260185508939,0.0
Montevideo,UY-MO,2025,11,2025-03-17,2025-03-23,0,527.7536386520376,0.0
Paysandú,UY-PA,2025,11,2025-03-17,2025-03-23,2,14088.526169172621,0.1419594907220486
Rivera,UY-RV,2025,11,2025-03-17,2025-03-23,0,9329.550532265199,0.0
Rocha,UY-RO,2025,11,2025-03-17,2025-03-23,0,10558.553826772255,0.0
Río Negro,UY-RN,2025,11,2025-03-17,2025-03-23,0,9810.67596839813,0.0
Salto,UY-SA,2025,11,2025-03-17,2025-03-23,0,14170.87435119916,0.0
San José,UY-SJ,2025,11,2025-03-17,2025-03-23,0,5002.920653176918,0.0
Soriano,UY-SO,2025,11,2025-03-17,2025-03-23,0,9122.538742945157,0.0
Tacuarembó,UY-TA,2025,11,2025-03-17,2025-03-23,0,15973.367767510354,0.0
Treinta y Tres,UY-TT,2025,11,2025-03-17,2025-03-23,0,9285.005878360264,0.0
Artigas,UY-AR,2025,12,2025-03-24,2025-03-30,2,12010.600679730765,0.16651956495191986
Canelones,UY-CA,2025,12,2025-03-24,2025-03-30,0,4520.87871068126,0.0
Cerro Largo,UY-CL,2025,12,2025-03-24,2025-03-30,0,13655.557447815512,0.0
Colonia,UY-CO,2025,12,2025-03-24,2025-03-30,0,6112.026851866528,0.0
Durazno,UY-DU,2025,12,2025-03-24,2025-03-30,0,12228.10425056514,0.0
Flores,UY-FS,2025,12,2025-03-24,2025-03-30,0,5140.77049712524,0.0
Florida,UY-FD,2025,12,2025-03-24,2025-03-30,0,10405.572253242583,0.0
Lavalleja,UY-LA,2025,12,2025-03-24,2025-03-30,0,10031.272844140674,0.0
Maldonado,UY-MA,2025,12,2025-03-24,2025-03-30,0,4803.260185508939,0.0
Montevideo,UY-MO,2025,12,2025-03-24,2025-03-30,0,527.7536386520376,0.0
Paysandú,UY-PA,2025,12,2025-03-24,2025-03-30,0,14088.526169172621,0.0
Rivera,UY-RV,2025,12,2025-03-24,2025-03-30,0,9329.550532265199,0.0
Rocha,UY-RO,2025,12,2025-03-24,2025-03-30,1,10558.553826772255,0.09470994005489665
Río Negro,UY-RN,2025,12,2025-03-24,2025-03-30,0,9810.67596839813,0.0
Salto,UY-SA,2025,12,2025-03-24,2025-03-30,0,14170.87435119916,0.0
San José,UY-SJ,2025,12,2025-03-24,2025-03-30,0,5002.920653176918,0.0
Soriano,UY-SO,2025,12,2025-03-24,2025-03-30,0,9122.538742945157,0.0
Tacuarembó,UY-TA,2025,12,2025-03-24,2025-03-30,1,15973.367767510354,0.06260420560991455
Treinta y Tres,UY-TT,2025,12,2025-03-24,2025-03-30,3,9285.005878360264,0.32310157250323696
Artigas,UY-AR,2025,13,2025-03-31,2025-04-06,1,12010.600679730765,0.08325978247595993
Canelones,UY-CA,2025,13,2025-03-31,2025-04-06,0,4520.87871068126,0.0
Cerro Largo,UY-CL,2025,13,2025-03-31,2025-04-06,0,13655.557447815512,0.0
Colonia,UY-CO,2025,13,2025-03-31,2025-04-06,0,6112.026851866528,0.0
Durazno,UY-DU,2025,13,2025-03-31,2025-04-06,0,12228.10425056514,0.0
Flores,UY-FS,2025,13,2025-03-31,2025-04-06,0,5140.77049712524,0.0
Florida,UY-FD,2025,13,2025-03-31,2025-04-06,0,10405.572253242583,0.0
Lavalleja,UY-LA,2025,13,2025-03-31,2025-04-06,0,10031.272844140674,0.0
Maldonado,UY-MA,2025,13,2025-03-31,2025-04-06,0,4803.260185508939,0.0
Montevideo,UY-MO,2025,13,2025-03-31,2025-04-06,0,527.7536386520376,0.0
Paysandú,UY-PA,2025,13,2025-03-31,2025-04-06,0,14088.526169172621,0.0
Rivera,UY-RV,2025,13,2025-03-31,2025-04-06,0,9329.550532265199,0.0
Rocha,UY-RO,2025,13,2025-03-31,2025-04-06,0,10558.553826772255,0.0
Río Negro,UY-RN,2025,13,2025-03-31,2025-04-06,0,9810.67596839813,0.0
Salto,UY-SA,2025,13,2025-03-31,2025-04-06,1,14170.87435119916,0.07056727589398029
San José,UY-SJ,2025,13,2025-03-31,2025-04-06,0,5002.920653176918,0.0
Soriano,UY-SO,2025,13,2025-03-31,2025-04-06,0,9122.538742945157,0.0
Tacuarembó,UY-TA,2025,13,2025-03-31,2025-04-06,0,15973.367767510354,0.0
Treinta y Tres,UY-TT,2025,13,2025-03-31,2025-04-06,2,9285.005878360264,0.2154010483354913
Artigas,UY-AR,2025,14,2025-04-07,2025-04-13,0,12010.600679730765,0.0
Canelones,UY-CA,2025,14,2025-04-07,2025-04-13,0,4520.87871068126,0.0
Cerro Largo,UY-CL,2025,14,2025-04-07,2025-04-13,0,13655.557447815512,0.0
Colonia,UY-CO,2025,14,2025-04-07,2025-04-13,0,6112.026851866528,0.0
Durazno,UY-DU,2025,14,2025-04-07,2025-04-13,0,12228.10425056514,0.0
Flores,UY-FS,2025,14,2025-04-07,2025-04-13,0,5140.77049712524,0.0
Florida,UY-FD,2025,14,2025-04-07,2025-04-13,0,10405.572253242583,0.0
Lavalleja,UY-LA,2025,14,2025-04-07,2025-04-13,0,10031.272844140674,0.0
Maldonado,UY-MA,2025,14,2025-04-07,2025-04-13,0,4803.260185508939,0.0
Montevideo,UY-MO,2025,14,2025-04-07,2025-04-13,0,527.7536386520376,0.0
Paysandú,UY-PA,2025,14,2025-04-07,2025-04-13,0,14088.526169172621,0.0
Rivera,UY-RV,2025,14,2025-04-07,2025-04-13,0,9329.550532265199,0.0
Rocha,UY-RO,2025,14,2025-04-07,2025-04-13,0,10558.553826772255,0.0
Río Negro,UY-RN,2025,14,2025-04-07,2025-04-13,0,9810.67596839813,0.0
Salto,UY-SA,2025,14,2025-04-07,2025-04-13,0,14170.87435119916,0.0
San José,UY-SJ,2025,14,2025-04-07,2025-04-13,0,5002.920653176918,0.0
Soriano,UY-SO,2025,14,2025-04-07,2025-04-13,0,9122.538742945157,0.0
Tacuarembó,UY-TA,2025,14,2025-04-07,2025-04-13,0,15973.367767510354,0.0
Treinta y Tres,UY-TT,2025,14,2025-04-07,2025-04-13,0,9285.005878360264,0.0
Artigas,UY-AR,2025,15,2025-04-14,2025-04-20,3,12010.600679730765,0.2497793474278798
Canelones,UY-CA,2025,15,2025-04-14,2025-04-20,0,4520.87871068126,0.0
Cerro Largo,UY-CL,2025,15,2025-04-14,2025-04-20,1,13655.557447815512,0.07323025836341603
Colonia,UY-CO,2025,15,2025-04-14,2025-04-20,0,6112.026851866528,0.0
Durazno,UY-DU,2025,15,2025-04-14,2025-04-20,3,12228.10425056514,0.2453364755915743
Flores,UY-FS,2025,15,2025-04-14,2025-04-20,0,5140.77049712524,0.0
Florida,UY-FD,2025,15,2025-04-14,2025-04-20,2,10405.572253242583,0.1922047102576949
Lavalleja,UY-LA,2025,15,2025-04-14,2025-04-20,0,10031.272844140674,0.0
Maldonado,UY-MA,2025,15,2025-04-14,2025-04-20,0,4803.260185508939,0.0
Montevideo,UY-MO,2025,15,2025-04-14,2025-04-20,0,527.7536386520376,0.0
Paysandú,UY-PA,2025,15,2025-04-14,2025-04-20,3,14088.526169172621,0.21293923608307294
Rivera,UY-RV,2025,15,2025-04-14,2025-04-20,1,9329.550532265199,0.10718629976241757
Rocha,UY-RO,2025,15,2025-04-14,2025-04-20,0,10558.553826772255,0.0
Río Negro,UY-RN,2025,15,2025-04-14,2025-04-20,1,9810.67596839813,0.10192977560579633
Salto,UY-SA,2025,15,2025-04-14,2025-04-20,2,14170.87435119916,0.14113455178796058
San José,UY-SJ,2025,15,2025-04-14,2025-04-20,3,5002.920653176918,0.5996497262244129
Soriano,UY-SO,2025,15,2025-04-14,2025-04-20,0,9122.538742945157,0.0
Tacuarembó,UY-TA,2025,15,2025-04-14,2025-04-20,2,15973.367767510354,0.1252084112198291
Treinta y Tres,UY-TT,2025,15,2025-04-14,2025-04-20,0,9285.005878360264,0.0
Artigas,UY-AR,2025,16,2025-04-21,2025-04-27,5,12010.600679730765,0.41629891237979966
Canelones,UY-CA,2025,16,2025-04-21,2025-04-27,0,4520.87871068126,0.0
Cerro Largo,UY-CL,2025,16,2025-04-21,2025-04-27,1,13655.557447815512,0.07323025836341603
Colonia,UY-CO,2025,16,2025-04-21,2025-04-27,1,6112.026851866528,0.16361184664864717
Durazno,UY-DU,2025,16,2025-04-21,2025-04-27,0,12228.10425056514,0.0
Flores,UY-FS,2025,16,2025-04-21,2025-04-27,0,5140.77049712524,0.0
Florida,UY-FD,2025,16,2025-04-21,2025-04-27,0,10405.572253242583,0.0
Lavalleja,UY-LA,2025,16,2025-04-21,2025-04-27,0,10031.272844140674,0.0
Maldonado,UY-MA,2025,16,2025-04-21,2025-04-27,0,4803.260185508939,0.0
Montevideo,UY-MO,2025,16,2025-04-21,2025-04-27,0,527.7536386520376,0.0
Paysandú,UY-PA,2025,16,2025-04-21,2025-04-27,1,14088.526169172621,0.0709797453610243
Rivera,UY-RV,2025,16,2025-04-21,2025-04-27,0,9329.550532265199,0.0
Rocha,UY-RO,2025,16,2025-04-21,2025-04-27,3,10558.553826772255,0.28412982016469
Río Negro,UY-RN,2025,16,2025-04-21,2025-04-27,0,9810.67596839813,0.0
Salto,UY-SA,2025,16,2025-04-21,2025-04-27,0,14170.87435119916,0.0
San José,UY-SJ,2025,16,2025-04-21,2025-04-27,1,5002.920653176918,0.19988324207480432
Soriano,UY-SO,2025,16,2025-04-21,2025-04-27,0,9122.538742945157,0.0
Tacuarembó,UY-TA,2025,16,2025-04-21,2025-04-27,4,15973.367767510354,0.2504168224396582
Treinta y Tres,UY-TT,2025,16,2025-04-21,2025-04-27,1,9285.005878360264,0.10770052416774566
Artigas,UY-AR,2025,17,2025-04-28,2025-05-04,11,12010.600679730765,0.9158576072355592
Canelones,UY-CA,2025,17,2025-04-28,2025-05-04,1,4520.87871068126,0.22119593645309454
Cerro Largo,UY-CL,2025,17,2025-04-28,2025-05-04,1,13655.557447815512,0.07323025836341603
Colonia,UY-CO,2025,17,2025-04-28,2025-05-04,1,6112.026851866528,0.16361184664864717
Durazno,UY-DU,2025,17,2025-04-28,2025-05-04,0,12228.10425056514,0.0
Flores,UY-FS,2025,17,2025-04-28,2025-05-04,0,5140.77049712524,0.0
Florida,UY-FD,2025,17,2025-04-28,2025-05-04,0,10405.572253242583,0.0
Lavalleja,UY-LA,2025,17,2025-04-28,2025-05-04,0,10031.272844140674,0.0
Maldonado,UY-MA,2025,17,2025-04-28,2025-05-04,0,4803.260185508939,0.0
Montevideo,UY-MO,2025,17,2025-04-28,2025-05-04,0,527.7536386520376,0.0
Paysandú,UY-PA,2025,17,2025-04-28,2025-05-04,2,14088.526169172621,0.1419594907220486
Rivera,UY-RV,2025,17,2025-04-28,2025-05-04,2,9329.550532265199,0.21437259952483514
Rocha,UY-RO,2025,17,2025-04-28,2025-05-04,0,10558.553826772255,0.0
Río Negro,UY-RN,2025,17,2025-04-28,2025-05-04,0,9810.67596839813,0.0
Salto,UY-SA,2025,17,2025-04-28,2025-05-04,1,14170.87435119916,0.07056727589398029
San José,UY-SJ,2025,17,2025-04-28,2025-05-04,1,5002.920653176918,0.19988324207480432
Soriano,UY-SO,2025,17,2025-04-28,2025-05-04,1,9122.538742945157,0.10961860817235138
Tacuarembó,UY-TA,2025,17,2025-04-28,2025-05-04,4,15973.367767510354,0.2504168224396582
Treinta y Tres,UY-TT,2025,17,2025-04-28,2025-05-04,2,9285.005878360264,0.2154010483354913
Artigas,UY-AR,2025,18,2025-05-05,2025-05-11,0,12010.600679730765,0.0
Canelones,UY-CA,2025,18,2025-05-05,2025-05-11,0,4520.87871068126,0.0
Cerro Largo,UY-CL,2025,18,2025-05-05,2025-05-11,0,13655.557447815512,0.0
Colonia,UY-CO,2025,18,2025-05-05,2025-05-11,0,6112.026851866528,0.0
Durazno,UY-DU,2025,18,2025-05-05,2025-05-11,0,12228.10425056514,0.0
Flores,UY-FS,2025,18,2025-05-05,2025-05-11,0,5140.77049712524,0.0
Florida,UY-FD,2025,18,2025-05-05,2025-05-11,0,10405.572253242583,0.0
Lavalleja,UY-LA,2025,18,2025-05-05,2025-05-11,0,10031.272844140674,0.0
Maldonado,UY-MA,2025,18,2025-05-05,2025-05-11,0,4803.260185508939,0.0
Montevideo,UY-MO,2025,18,2025-05-05,2025-05-11,0,527.7536386520376,0.0
Paysandú,UY-PA,2025,18,2025-05-05,2025-05-11,0,14088.526169172621,0.0
Rivera,UY-RV,2025,18,2025-05-05,2025-05-11,2,9329.550532265199,0.21437259952483514
Rocha,UY-RO,2025,18,2025-05-05,2025-05-11,1,10558.553826772255,0.09470994005489665
Río Negro,UY-RN,2025,18,2025-05-05,2025-05-11,0,9810.67596839813,0.0
Salto,UY-SA,2025,18,2025-05-05,2025-05-11,0,14170.87435119916,0.0
San José,UY-SJ,2025,18,2025-05-05,2025-05-11,0,5002.920653176918,0.0
Soriano,UY-SO,2025,18,2025-05-05,2025-05-11,0,9122.538742945157,0.0
Tacuarembó,UY-TA,2025,18,2025-05-05,2025-05-11,0,15973.367767510354,0.0
Treinta y Tres,UY-TT,2025,18,2025-05-05,2025-05-11,0,9285.005878360264,0.0
Artigas,UY-AR,2025,19,2025-05-12,2025-05-18,5,12010.600679730765,0.41629891237979966
Canelones,UY-CA,2025,19,2025-05-12,2025-05-18,0,4520.87871068126,0.0
Cerro Largo,UY-CL,2025,19,2025-05-12,2025-05-18,1,13655.557447815512,0.07323025836341603
Colonia,UY-CO,2025,19,2025-05-12,2025-05-18,0,6112.026851866528,0.0
Durazno,UY-DU,2025,19,2025-05-12,2025-05-18,0,12228.10425056514,0.0
Flores,UY-FS,2025,19,2025-05-12,2025-05-18,0,5140.77049712524,0.0
Florida,UY-FD,2025,19,2025-05-12,2025-05-18,0,10405.572253242583,0.0
Lavalleja,UY-LA,2025,19,2025-05-12,2025-05-18,0,10031.272844140674,0.0
Maldonado,UY-MA,2025,19,2025-05-12,2025-05-18,0,4803.260185508939,0.0
Montevideo,UY-MO,2025,19,2025-05-12,2025-05-18,0,527.7536386520376,0.0
Paysandú,UY-PA,2025,19,2025-05-12,2025-05-18,1,14088.526169172621,0.0709797453610243
Rivera,UY-RV,2025,19,2025-05-12,2025-05-18,6,9329.550532265199,0.6431177985745055
Rocha,UY-RO,2025,19,2025-05-12,2025-05-18,0,10558.553826772255,0.0
Río Negro,UY-RN,2025,19,2025-05-12,2025-05-18,0,9810.67596839813,0.0
Salto,UY-SA,2025,19,2025-05-12,2025-05-18,2,14170.87435119916,0.14113455178796058
San José,UY-SJ,2025,19,2025-05-12,2025-05-18,1,5002.920653176918,0.19988324207480432
Soriano,UY-SO,2025,19,2025-05-12,2025-05-18,0,9122.538742945157,0.0
Tacuarembó,UY-TA,2025,19,2025-05-12,2025-05-18,9,15973.367767510354,0.563437850489231
Treinta y Tres,UY-TT,2025,19,2025-05-12,2025-05-18,1,9285.005878360264,0.10770052416774566
Artigas,UY-AR,2025,20,2025-05-19,2025-05-25,2,12010.600679730765,0.16651956495191986
Canelones,UY-CA,2025,20,2025-05-19,2025-05-25,0,4520.87871068126,0.0
Cerro Largo,UY-CL,2025,20,2025-05-19,2025-05-25,0,13655.557447815512,0.0
Colonia,UY-CO,2025,20,2025-05-19,2025-05-25,0,6112.026851866528,0.0
Durazno,UY-DU,2025,20,2025-05-19,2025-05-25,0,12228.10425056514,0.0
Flores,UY-FS,2025,20,2025-05-19,2025-05-25,0,5140.77049712524,0.0
Florida,UY-FD,2025,20,2025-05-19,2025-05-25,0,10405.572253242583,0.0
Lavalleja,UY-LA,2025,20,2025-05-19,2025-05-25,0,10031.272844140674,0.0
Maldonado,UY-MA,2025,20,2025-05-19,2025-05-25,0,4803.260185508939,0.0
Montevideo,UY-MO,2025,20,2025-05-19,2025-05-25,0,527.7536386520376,0.0
Paysandú,UY-PA,2025,20,2025-05-19,2025-05-25,0,14088.526169172621,0.0
Rivera,UY-RV,2025,20,2025-05-19,2025-05-25,0,9329.550532265199,0.0
Rocha,UY-RO,2025,20,2025-05-19,2025-05-25,0,10558.553826772255,0.0
Río Negro,UY-RN,2025,20,2025-05-19,2025-05-25,0,9810.67596839813,0.0
Salto,UY-SA,2025,20,2025-05-19,2025-05-25,0,14170.87435119916,0.0
San José,UY-SJ,2025,20,2025-05-19,2025-05-25,0,5002.920653176918,0.0
Soriano,UY-SO,2025,20,2025-05-19,2025-05-25,1,9122.538742945157,0.10961860817235138
Tacuarembó,UY-TA,2025,20,2025-05-19,2025-05-25,0,15973.367767510354,0.0
Treinta y Tres,UY-TT,2025,20,2025-05-19,2025-05-25,0,9285.005878360264,0.0
Artigas,UY-AR,2025,21,2025-05-26,2025-06-01,0,12010.600679730765,0.0
Canelones,UY-CA,2025,21,2025-05-26,2025-06-01,0,4520.87871068126,0.0
Cerro Largo,UY-CL,2025,21,2025-05-26,2025-06-01,1,13655.557447815512,0.07323025836341603
Colonia,UY-CO,2025,21,2025-05-26,2025-06-01,0,6112.026851866528,0.0
Durazno,UY-DU,2025,21,2025-05-26,2025-06-01,0,12228.10425056514,0.0
Flores,UY-FS,2025,21,2025-05-26,2025-06-01,0,5140.77049712524,0.0
Florida,UY-FD,2025,21,2025-05-26,2025-06-01,0,10405.572253242583,0.0
Lavalleja,UY-LA,2025,21,2025-05-26,2025-06-01,0,10031.272844140674,0.0
Maldonado,UY-MA,2025,21,2025-05-26,2025-06-01,0,4803.260185508939,0.0
Montevideo,UY-MO,2025,21,2025-05-26,2025-06-01,0,527.7536386520376,0.0
Paysandú,UY-PA,2025,21,2025-05-26,2025-06-01,0,14088.526169172621,0.0
Rivera,UY-RV,2025,21,2025-05-26,2025-06-01,0,9329.550532265199,0.0
Rocha,UY-RO,2025,21,2025-05-26,2025-06-01,0,10558.553826772255,0.0
Río Negro,UY-RN,2025,21,2025-05-26,2025-06-01,0,9810.67596839813,0.0
Salto,UY-SA,2025,21,2025-05-26,2025-06-01,0,14170.87435119916,0.0
San José,UY-SJ,2025,21,2025-05-26,2025-06-01,0,5002.920653176918,0.0
Soriano,UY-SO,2025,21,2025-05-26,2025-06-01,0,9122.538742945157,0.0
Tacuarembó,UY-TA,2025,21,2025-05-26,2025-06-01,0,15973.367767510354,0.0
Treinta y Tres,UY-TT,2025,21,2025-05-26,2025-06-01,0,9285.005878360264,0.0
Artigas,UY-AR,2025,22,2025-06-02,2025-06-08,1,12010.600679730765,0.08325978247595993
Canelones,UY-CA,2025,22,2025-06-02,2025-06-08,0,4520.87871068126,0.0
Cerro Largo,UY-CL,2025,22,2025-06-02,2025-06-08,0,13655.557447815512,0.0
Colonia,UY-CO,2025,22,2025-06-02,2025-06-08,2,6112.026851866528,0.32722369329729434
Durazno,UY-DU,2025,22,2025-06-02,2025-06-08,0,12228.10425056514,0.0
Flores,UY-FS,2025,22,2025-06-02,2025-06-08,0,5140.77049712524,0.0
Florida,UY-FD,2025,22,2025-06-02,2025-06-08,0,10405.572253242583,0.0
Lavalleja,UY-LA,2025,22,2025-06-02,2025-06-08,2,10031.272844140674,0.19937649300090682
Maldonado,UY-MA,2025,22,2025-06-02,2025-06-08,0,4803.260185508939,0.0
Montevideo,UY-MO,2025,22,2025-06-02,2025-06-08,0,527.7536386520376,0.0
Paysandú,UY-PA,2025,22,2025-06-02,2025-06-08,2,14088.526169172621,0.1419594907220486
Rivera,UY-RV,2025,22,2025-06-02,2025-06-08,1,9329.550532265199,0.10718629976241757
Rocha,UY-RO,2025,22,2025-06-02,2025-06-08,0,10558.553826772255,0.0
Río Negro,UY-RN,2025,22,2025-06-02,2025-06-08,0,9810.67596839813,0.0
Salto,UY-SA,2025,22,2025-06-02,2025-06-08,0,14170.87435119916,0.0
San José,UY-SJ,2025,22,2025-06-02,2025-06-08,0,5002.920653176918,0.0
Soriano,UY-SO,2025,22,2025-06-02,2025-06-08,0,9122.538742945157,0.0
Tacuarembó,UY-TA,2025,22,2025-06-02,2025-06-08,0,15973.367767510354,0.0
Treinta y Tres,UY-TT,2025,22,2025-06-02,2025-06-08,0,9285.005878360264,0.0
Artigas,UY-AR,2025,23,2025-06-09,2025-06-15,2,12010.600679730765,0.16651956495191986
Canelones,UY-CA,2025,23,2025-06-09,2025-06-15,0,4520.87871068126,0.0
Cerro Largo,UY-CL,2025,23,2025-06-09,2025-06-15,1,13655.557447815512,0.07323025836341603
Colonia,UY-CO,2025,23,2025-06-09,2025-06-15,1,6112.026851866528,0.16361184664864717
Durazno,UY-DU,2025,23,2025-06-09,2025-06-15,0,12228.10425056514,0.0
Flores,UY-FS,2025,23,2025-06-09,2025-06-15,0,5140.77049712524,0.0
Florida,UY-FD,2025,23,2025-06-09,2025-06-15,0,10405.572253242583,0.0
Lavalleja,UY-LA,2025,23,2025-06-09,2025-06-15,1,10031.272844140674,0.09968824650045341
Maldonado,UY-MA,2025,23,2025-06-09,2025-06-15,0,4803.260185508939,0.0
Montevideo,UY-MO,2025,23,2025-06-09,2025-06-15,0,527.7536386520376,0.0
Paysandú,UY-PA,2025,23,2025-06-09,2025-06-15,0,14088.526169172621,0.0
Rivera,UY-RV,2025,23,2025-06-09,2025-06-15,9,9329.550532265199,0.9646766978617581
Rocha,UY-RO,2025,23,2025-06-09,2025-06-15,0,10558.553826772255,0.0
Río Negro,UY-RN,2025,23,2025-06-09,2025-06-15,0,9810.67596839813,0.0
Salto,UY-SA,2025,23,2025-06-09,2025-06-15,0,14170.87435119916,0.0
San José,UY-SJ,2025,23,2025-06-09,2025-06-15,0,5002.920653176918,0.0
Soriano,UY-SO,2025,23,2025-06-09,2025-06-15,0,9122.538742945157,0.0
Tacuarembó,UY-TA,2025,23,2025-06-09,2025-06-15,1,15973.367767510354,0.06260420560991455
Treinta y Tres,UY-TT,2025,23,2025-06-09,2025-06-15,2,9285.005878360264,0.2154010483354913
Artigas,UY-AR,2025,24,2025-06-16,2025-06-22,0,12010.600679730765,0.0
Canelones,UY-CA,2025,24,2025-06-16,2025-06-22,0,4520.87871068126,0.0
Cerro Largo,UY-CL,2025,24,2025-06-16,2025-06-22,0,13655.557447815512,0.0
Colonia,UY-CO,2025,24,2025-06-16,2025-06-22,0,6112.026851866528,0.0
Durazno,UY-DU,2025,24,2025-06-16,2025-06-22,0,12228.10425056514,0.0
Flores,UY-FS,2025,24,2025-06-16,2025-06-22,0,5140.77049712524,0.0
Florida,UY-FD,2025,24,2025-06-16,2025-06-22,0,10405.572253242583,0.0
Lavalleja,UY-LA,2025,24,2025-06-16,2025-06-22,0,10031.272844140674,0.0
Maldonado,UY-MA,2025,24,2025-06-16,2025-06-22,0,4803.260185508939,0.0
Montevideo,UY-MO,2025,24,2025-06-16,2025-06-22,0,527.7536386520376,0.0
Paysandú,UY-PA,2025,24,2025-06-16,2025-06-22,0,14088.526169172621,0.0
Rivera,UY-RV,2025,24,2025-06-16,2025-06-22,2,9329.550532265199,0.21437259952483514
Rocha,UY-RO,2025,24,2025-06-16,2025-06-22,0,10558.553826772255,0.0
Río Negro,UY-RN,2025,24,2025-06-16,2025-06-22,0,9810.67596839813,0.0
Salto,UY-SA,2025,24,2025-06-16,2025-06-22,0,14170.87435119916,0.0
San José,UY-SJ,2025,24,2025-06-16,2025-06-22,0,5002.920653176918,0.0
Soriano,UY-SO,2025,24,2025-06-16,2025-06-22,0,9122.538742945157,0.0
Tacuarembó,UY-TA,2025,24,2025-06-16,2025-06-22,0,15973.367767510354,0.0
Treinta y Tres,UY-TT,2025,24,2025-06-16,2025-06-22,0,9285.005878360264,0.0
Artigas,UY-AR,2025,25,2025-06-23,2025-06-29,4,12010.600679730765,0.3330391299038397
Canelones,UY-CA,2025,25,2025-06-23,2025-06-29,0,4520.87871068126,0.0
Cerro Largo,UY-CL,2025,25,2025-06-23,2025-06-29,1,13655.557447815512,0.07323025836341603
Colonia,UY-CO,2025,25,2025-06-23,2025-06-29,0,6112.026851866528,0.0
Durazno,UY-DU,2025,25,2025-06-23,2025-06-29,0,12228.10425056514,0.0
Flores,UY-FS,2025,25,2025-06-23,2025-06-29,0,5140.77049712524,0.0
Florida,UY-FD,2025,25,2025-06-23,2025-06-29,0,10405.572253242583,0.0
Lavalleja,UY-LA,2025,25,2025-06-23,2025-06-29,0,10031.272844140674,0.0
Maldonado,UY-MA,2025,25,2025-06-23,2025-06-29,0,4803.260185508939,0.0
Montevideo,UY-MO,2025,25,2025-06-23,2025-06-29,0,527.7536386520376,0.0
Paysandú,UY-PA,2025,25,2025-06-23,2025-06-29,0,14088.526169172621,0.0
Rivera,UY-RV,2025,25,2025-06-23,2025-06-29,0,9329.550532265199,0.0
Rocha,UY-RO,2025,25,2025-06-23,2025-06-29,0,10558.553826772255,0.0
Río Negro,UY-RN,2025,25,2025-06-23,2025-06-29,0,9810.67596839813,0.0
Salto,UY-SA,2025,25,2025-06-23,2025-06-29,0,14170.87435119916,0.0
San José,UY-SJ,2025,25,2025-06-23,2025-06-29,0,5002.920653176918,0.0
Soriano,UY-SO,2025,25,2025-06-23,2025-06-29,2,9122.538742945157,0.21923721634470275
Tacuarembó,UY-TA,2025,25,2025-06-23,2025-06-29,5,15973.367767510354,0.31302102804957277
Treinta y Tres,UY-TT,2025,25,2025-06-23,2025-06-29,0,9285.005878360264,0.0
Artigas,UY-AR,2025,26,2025-06-30,2025-07-06,3,12010.600679730765,0.2497793474278798
Canelones,UY-CA,2025,26,2025-06-30,2025-07-06,0,4520.87871068126,0.0
Cerro Largo,UY-CL,2025,26,2025-06-30,2025-07-06,4,13655.557447815512,0.2929210334536641
Colonia,UY-CO,2025,26,2025-06-30,2025-07-06,6,6112.026851866528,0.981671079891883
Durazno,UY-DU,2025,26,2025-06-30,2025-07-06,0,12228.10425056514,0.0
Flores,UY-FS,2025,26,2025-06-30,2025-07-06,0,5140.77049712524,0.0
Florida,UY-FD,2025,26,2025-06-30,2025-07-06,0,10405.572253242583,0.0
Lavalleja,UY-LA,2025,26,2025-06-30,2025-07-06,0,10031.272844140674,0.0
Maldonado,UY-MA,2025,26,2025-06-30,2025-07-06,0,4803.260185508939,0.0
Montevideo,UY-MO,2025,26,2025-06-30,2025-07-06,0,527.7536386520376,0.0
Paysandú,UY-PA,2025,26,2025-06-30,2025-07-06,0,14088.526169172621,0.0
Rivera,UY-RV,2025,26,2025-06-30,2025-07-06,1,9329.550532265199,0.10718629976241757
Rocha,UY-RO,2025,26,2025-06-30,2025-07-06,0,10558.553826772255,0.0
Río Negro,UY-RN,2025,26,2025-06-30,2025-07-06,0,9810.67596839813,0.0
Salto,UY-SA,2025,26,2025-06-30,2025-07-06,0,14170.87435119916,0.0
San José,UY-SJ,2025,26,2025-06-30,2025-07-06,0,5002.920653176918,0.0
Soriano,UY-SO,2025,26,2025-06-30,2025-07-06,0,9122.538742945157,0.0
Tacuarembó,UY-TA,2025,26,2025-06-30,2025-07-06,2,15973.367767510354,0.1252084112198291
Treinta y Tres,UY-TT,2025,26,2025-06-30,2025-07-06,0,9285.005878360264,0.0
Artigas,UY-AR,2025,27,2025-07-07,2025-07-13,12,12010.600679730765,0.9991173897115192
Canelones,UY-CA,2025,27,2025-07-07,2025-07-13,0,4520.87871068126,0.0
Cerro Largo,UY-CL,2025,27,2025-07-07,2025-07-13,0,13655.557447815512,0.0
Colonia,UY-CO,2025,27,2025-07-07,2025-07-13,0,6112.026851866528,0.0
Durazno,UY-DU,2025,27,2025-07-07,2025-07-13,0,12228.10425056514,0.0
Flores,UY-FS,2025,27,2025-07-07,2025-07-13,0,5140.77049712524,0.0
Florida,UY-FD,2025,27,2025-07-07,2025-07-13,0,10405.572253242583,0.0
Lavalleja,UY-LA,2025,27,2025-07-07,2025-07-13,1,10031.272844140674,0.09968824650045341
Maldonado,UY-MA,2025,27,2025-07-07,2025-07-13,0,4803.260185508939,0.0
Montevideo,UY-MO,2025,27,2025-07-07,2025-07-13,0,527.7536386520376,0.0
Paysandú,UY-PA,2025,27,2025-07-07,2025-07-13,1,14088.526169172621,0.0709797453610243
Rivera,UY-RV,2025,27,2025-07-07,2025-07-13,1,9329.550532265199,0.10718629976241757
Rocha,UY-RO,2025,27,2025-07-07,2025-07-13,0,10558.553826772255,0.0
Río Negro,UY-RN,2025,27,2025-07-07,2025-07-13,5,9810.67596839813,0.5096488780289816
Salto,UY-SA,2025,27,2025-07-07,2025-07-13,2,14170.87435119916,0.14113455178796058
San José,UY-SJ,2025,27,2025-07-07,2025-07-13,0,5002.920653176918,0.0
Soriano,UY-SO,2025,27,2025-07-07,2025-07-13,2,9122.538742945157,0.21923721634470275
Tacuarembó,UY-TA,2025,27,2025-07-07,2025-07-13,0,15973.367767510354,0.0
Treinta y Tres,UY-TT,2025,27,2025-07-07,2025-07-13,0,9285.005878360264,0.0
Artigas,UY-AR,2025,28,2025-07-14,2025-07-20,4,12010.600679730765,0.3330391299038397
Canelones,UY-CA,2025,28,2025-07-14,2025-07-20,0,4520.87871068126,0.0
Cerro Largo,UY-CL,2025,28,2025-07-14,2025-07-20,0,13655.557447815512,0.0
Colonia,UY-CO,2025,28,2025-07-14,2025-07-20,0,6112.026851866528,0.0
Durazno,UY-DU,2025,28,2025-07-14,2025-07-20,0,12228.10425056514,0.0
Flores,UY-FS,2025,28,2025-07-14,2025-07-20,0,5140.77049712524,0.0
Florida,UY-FD,2025,28,2025-07-14,2025-07-20,0,10405.572253242583,0.0
Lavalleja,UY-LA,2025,28,2025-07-14,2025-07-20,0,10031.272844140674,0.0
Maldonado,UY-MA,2025,28,2025-07-14,2025-07-20,0,4803.260185508939,0.0
Montevideo,UY-MO,2025,28,2025-07-14,2025-07-20,0,527.7536386520376,0.0
Paysandú,UY-PA,2025,28,2025-07-14,2025-07-20,1,14088.526169172621,0.0709797453610243
Rivera,UY-RV,2025,28,2025-07-14,2025-07-20,0,9329.550532265199,0.0
Rocha,UY-RO,2025,28,2025-07-14,2025-07-20,0,10558.553826772255,0.0
Río Negro,UY-RN,2025,28,2025-07-14,2025-07-20,0,9810.67596839813,0.0
Salto,UY-SA,2025,28,2025-07-14,2025-07-20,2,14170.87435119916,0.14113455178796058
San José,UY-SJ,2025,28,2025-07-14,2025-07-20,0,5002.920653176918,0.0
Soriano,UY-SO,2025,28,2025-07-14,2025-07-20,0,9122.538742945157,0.0
Tacuarembó,UY-TA,2025,28,2025-07-14,2025-07-20,0,15973.367767510354,0.0
Treinta y Tres,UY-TT,2025,28,2025-07-14,2025-07-20,0,9285.005878360264,0.0
Artigas,UY-AR,2025,29,2025-07-21,2025-07-27,4,12010.600679730765,0.3330391299038397
Canelones,UY-CA,2025,29,2025-07-21,2025-07-27,0,4520.87871068126,0.0
Cerro Largo,UY-CL,2025,29,2025-07-21,2025-07-27,0,13655.557447815512,0.0
Colonia,UY-CO,2025,29,2025-07-21,2025-07-27,1,6112.026851866528,0.16361184664864717
Durazno,UY-DU,2025,29,2025-07-21,2025-07-27,0,12228.10425056514,0.0
Flores,UY-FS,2025,29,2025-07-21,2025-07-27,0,5140.77049712524,0.0
Florida,UY-FD,2025,29,2025-07-21,2025-07-27,1,10405.572253242583,0.09610235512884745
Lavalleja,UY-LA,2025,29,2025-07-21,2025-07-27,2,10031.272844140674,0.19937649300090682
Maldonado,UY-MA,2025,29,2025-07-21,2025-07-27,0,4803.260185508939,0.0
Montevideo,UY-MO,2025,29,2025-07-21,2025-07-27,0,527.7536386520376,0.0
Paysandú,UY-PA,2025,29,2025-07-21,2025-07-27,0,14088.526169172621,0.0
Rivera,UY-RV,2025,29,2025-07-21,2025-07-27,5,9329.550532265199,0.5359314988120879
Rocha,UY-RO,2025,29,2025-07-21,2025-07-27,0,10558.553826772255,0.0
Río Negro,UY-RN,2025,29,2025-07-21,2025-07-27,2,9810.67596839813,0.20385955121159266
Salto,UY-SA,2025,29,2025-07-21,2025-07-27,9,14170.87435119916,0.6351054830458226
San José,UY-SJ,2025,29,2025-07-21,2025-07-27,0,5002.920653176918,0.0
Soriano,UY-SO,2025,29,2025-07-21,2025-07-27,0,9122.538742945157,0.0
Tacuarembó,UY-TA,2025,29,2025-07-21,2025-07-27,10,15973.367767510354,0.6260420560991455
Treinta y Tres,UY-TT,2025,29,2025-07-21,2025-07-27,1,9285.005878360264,0.10770052416774566
Artigas,UY-AR,2025,30,2025-07-28,2025-08-03,17,12010.600679730765,1.4154163020913189
Canelones,UY-CA,2025,30,2025-07-28,2025-08-03,0,4520.87871068126,0.0
Cerro Largo,UY-CL,2025,30,2025-07-28,2025-08-03,4,13655.557447815512,0.2929210334536641
Colonia,UY-CO,2025,30,2025-07-28,2025-08-03,0,6112.026851866528,0.0
Durazno,UY-DU,2025,30,2025-07-28,2025-08-03,1,12228.10425056514,0.08177882519719143
Flores,UY-FS,2025,30,2025-07-28,2025-08-03,0,5140.77049712524,0.0
Florida,UY-FD,2025,30,2025-07-28,2025-08-03,0,10405.572253242583,0.0
Lavalleja,UY-LA,2025,30,2025-07-28,2025-08-03,1,10031.272844140674,0.09968824650045341
Maldonado,UY-MA,2025,30,2025-07-28,2025-08-03,0,4803.260185508939,0.0
Montevideo,UY-MO,2025,30,2025-07-28,2025-08-03,0,527.7536386520376,0.0
Paysandú,UY-PA,2025,30,2025-07-28,2025-08-03,0,14088.526169172621,0.0
Rivera,UY-RV,2025,30,2025-07-28,2025-08-03,0,9329.550532265199,0.0
Rocha,UY-RO,2025,30,2025-07-28,2025-08-03,1,10558.553826772255,0.09470994005489665
Río Negro,UY-RN,2025,30,2025-07-28,2025-08-03,0,9810.67596839813,0.0
Salto,UY-SA,2025,30,2025-07-28,2025-08-03,0,14170.87435119916,0.0
San José,UY-SJ,2025,30,2025-07-28,2025-08-03,0,5002.920653176918,0.0
Soriano,UY-SO,2025,30,2025-07-28,2025-08-03,0,9122.538742945157,0.0
Tacuarembó,UY-TA,2025,30,2025-07-28,2025-08-03,1,15973.367767510354,0.06260420560991455
Treinta y Tres,UY-TT,2025,30,2025-07-28,2025-08-03,0,9285.005878360264,0.0
Artigas,UY-AR,2025,31,2025-08-04,2025-08-10,8,12010.600679730765,0.6660782598076794
Canelones,UY-CA,2025,31,2025-08-04,2025-08-10,0,4520.87871068126,0.0
Cerro Largo,UY-CL,2025,31,2025-08-04,2025-08-10,3,13655.557447815512,0.2196907750902481
Colonia,UY-CO,2025,31,2025-08-04,2025-08-10,0,6112.026851866528,0.0
Durazno,UY-DU,2025,31,2025-08-04,2025-08-10,1,12228.10425056514,0.08177882519719143
Flores,UY-FS,2025,31,2025-08-04,2025-08-10,0,5140.77049712524,0.0
Florida,UY-FD,2025,31,2025-08-04,2025-08-10,0,10405.572253242583,0.0
Lavalleja,UY-LA,2025,31,2025-08-04,2025-08-10,1,10031.272844140674,0.09968824650045341
Maldonado,UY-MA,2025,31,2025-08-04,2025-08-10,0,4803.260185508939,0.0
Montevideo,UY-MO,2025,31,2025-08-04,2025-08-10,0,527.7536386520376,0.0
Paysandú,UY-PA,2025,31,2025-08-04,2025-08-10,2,14088.526169172621,0.1419594907220486
Rivera,UY-RV,2025,31,2025-08-04,2025-08-10,1,9329.550532265199,0.10718629976241757
Rocha,UY-RO,2025,31,2025-08-04,2025-08-10,0,10558.553826772255,0.0
Río Negro,UY-RN,2025,31,2025-08-04,2025-08-10,0,9810.67596839813,0.0
Salto,UY-SA,2025,31,2025-08-04,2025-08-10,2,14170.87435119916,0.14113455178796058
San José,UY-SJ,2025,31,2025-08-04,2025-08-10,0,5002.920653176918,0.0
Soriano,UY-SO,2025,31,2025-08-04,2025-08-10,2,9122.538742945157,0.21923721634470275
Tacuarembó,UY-TA,2025,31,2025-08-04,2025-08-10,1,15973.367767510354,0.06260420560991455
Treinta y Tres,UY-TT,2025,31,2025-08-04,2025-08-10,0,9285.005878360264,0.0
Artigas,UY-AR,2025,32,2025-08-11,2025-08-17,13,12010.600679730765,1.082377172187479
Canelones,UY-CA,2025,32,2025-08-11,2025-08-17,0,4520.87871068126,0.0
Cerro Largo,UY-CL,2025,32,2025-08-11,2025-08-17,9,13655.557447815512,0.6590723252707443
Colonia,UY-CO,2025,32,2025-08-11,2025-08-17,0,6112.026851866528,0.0
Durazno,UY-DU,2025,32,2025-08-11,2025-08-17,3,12228.10425056514,0.2453364755915743
Flores,UY-FS,2025,32,2025-08-11,2025-08-17,1,5140.77049712524,0.1945233697087252
Florida,UY-FD,2025,32,2025-08-11,2025-08-17,3,10405.572253242583,0.2883070653865423
Lavalleja,UY-LA,2025,32,2025-08-11,2025-08-17,3,10031.272844140674,0.29906473950136025
Maldonado,UY-MA,2025,32,2025-08-11,2025-08-17,5,4803.260185508939,1.0409596413462279
Montevideo,UY-MO,2025,32,2025-08-11,2025-08-17,0,527.7536386520376,0.0
Paysandú,UY-PA,2025,32,2025-08-11,2025-08-17,3,14088.526169172621,0.21293923608307294
Rivera,UY-RV,2025,32,2025-08-11,2025-08-17,4,9329.550532265199,0.4287451990496703
Rocha,UY-RO,2025,32,2025-08-11,2025-08-17,6,10558.553826772255,0.56825964032938
Río Negro,UY-RN,2025,32,2025-08-11,2025-08-17,3,9810.67596839813,0.30578932681738896
Salto,UY-SA,2025,32,2025-08-11,2025-08-17,5,14170.87435119916,0.35283637946990143
San José,UY-SJ,2025,32,2025-08-11,2025-08-17,0,5002.920653176918,0.0
Soriano,UY-SO,2025,32,2025-08-11,2025-08-17,0,9122.538742945157,0.0
Tacuarembó,UY-TA,2025,32,2025-08-11,2025-08-17,5,15973.367767510354,0.31302102804957277
Treinta y Tres,UY-TT,2025,32,2025-08-11,2025-08-17,3,9285.005878360264,0.32310157250323696
Artigas,UY-AR,2025,33,2025-08-18,2025-08-24,7,12010.600679730765,0.5828184773317195
Canelones,UY-CA,2025,33,2025-08-18,2025-08-24,0,4520.87871068126,0.0
Cerro Largo,UY-CL,2025,33,2025-08-18,2025-08-24,4,13655.557447815512,0.2929210334536641
Colonia,UY-CO,2025,33,2025-08-18,2025-08-24,0,6112.026851866528,0.0
Durazno,UY-DU,2025,33,2025-08-18,2025-08-24,1,12228.10425056514,0.08177882519719143
Flores,UY-FS,2025,33,2025-08-18,2025-08-24,0,5140.77049712524,0.0
Florida,UY-FD,2025,33,2025-08-18,2025-08-24,0,10405.572253242583,0.0
Lavalleja,UY-LA,2025,33,2025-08-18,2025-08-24,0,10031.272844140674,0.0
Maldonado,UY-MA,2025,33,2025-08-18,2025-08-24,0,4803.260185508939,0.0
Montevideo,UY-MO,2025,33,2025-08-18,2025-08-24,0,527.7536386520376,0.0
Paysandú,UY-PA,2025,33,2025-08-18,2025-08-24,2,14088.526169172621,0.1419594907220486
Rivera,UY-RV,2025,33,2025-08-18,2025-08-24,1,9329.550532265199,0.10718629976241757
Rocha,UY-RO,2025,33,2025-08-18,2025-08-24,1,10558.553826772255,0.09470994005489665
Río Negro,UY-RN,2025,33,2025-08-18,2025-08-24,0,9810.67596839813,0.0
Salto,UY-SA,2025,33,2025-08-18,2025-08-24,1,14170.87435119916,0.07056727589398029
San José,UY-SJ,2025,33,2025-08-18,2025-08-24,2,5002.920653176918,0.39976648414960864
Soriano,UY-SO,2025,33,2025-08-18,2025-08-24,0,9122.538742945157,0.0
Tacuarembó,UY-TA,2025,33,2025-08-18,2025-08-24,1,15973.367767510354,0.06260420560991455
Treinta y Tres,UY-TT,2025,33,2025-08-18,2025-08-24,1,9285.005878360264,0.10770052416774566
Artigas,UY-AR,2025,34,2025-08-25,2025-08-31,9,12010.600679730765,0.7493380422836394
Canelones,UY-CA,2025,34,2025-08-25,2025-08-31,1,4520.87871068126,0.22119593645309454
Cerro Largo,UY-CL,2025,34,2025-08-25,2025-08-31,10,13655.557447815512,0.7323025836341603
Colonia,UY-CO,2025,34,2025-08-25,2025-08-31,0,6112.026851866528,0.0
Durazno,UY-DU,2025,34,2025-08-25,2025-08-31,6,12228.10425056514,0.4906729511831486
Flores,UY-FS,2025,34,2025-08-25,2025-08-31,2,5140.77049712524,0.3890467394174504
Florida,UY-FD,2025,34,2025-08-25,2025-08-31,2,10405.572253242583,0.1922047102576949
Lavalleja,UY-LA,2025,34,2025-08-25,2025-08-31,3,10031.272844140674,0.29906473950136025
Maldonado,UY-MA,2025,34,2025-08-25,2025-08-31,0,4803.260185508939,0.0
Montevideo,UY-MO,2025,34,2025-08-25,2025-08-31,0,527.7536386520376,0.0
Paysandú,UY-PA,2025,34,2025-08-25,2025-08-31,9,14088.526169172621,0.6388177082492188
Rivera,UY-RV,2025,34,2025-08-25,2025-08-31,5,9329.550532265199,0.5359314988120879
Rocha,UY-RO,2025,34,2025-08-25,2025-08-31,2,10558.553826772255,0.1894198801097933
Río Negro,UY-RN,2025,34,2025-08-25,2025-08-31,3,9810.67596839813,0.30578932681738896
Salto,UY-SA,2025,34,2025-08-25,2025-08-31,2,14170.87435119916,0.14113455178796058
San José,UY-SJ,2025,34,2025-08-25,2025-08-31,3,5002.920653176918,0.5996497262244129
Soriano,UY-SO,2025,34,2025-08-25,2025-08-31,5,9122.538742945157,0.5480930408617568
Tacuarembó,UY-TA,2025,34,2025-08-25,2025-08-31,10,15973.367767510354,0.6260420560991455
Treinta y Tres,UY-TT,2025,34,2025-08-25,2025-08-31,7,9285.005878360264,0.7539036691742196
Artigas,UY-AR,2025,35,2025-09-01,2025-09-07,4,12010.600679730765,0.3330391299038397
Canelones,UY-CA,2025,35,2025-09-01,2025-09-07,0,4520.87871068126,0.0
Cerro Largo,UY-CL,2025,35,2025-09-01,2025-09-07,0,13655.557447815512,0.0
Colonia,UY-CO,2025,35,2025-09-01,2025-09-07,0,6112.026851866528,0.0
Durazno,UY-DU,2025,35,2025-09-01,2025-09-07,1,12228.10425056514,0.08177882519719143
Flores,UY-FS,2025,35,2025-09-01,2025-09-07,0,5140.77049712524,0.0
Florida,UY-FD,2025,35,2025-09-01,2025-09-07,0,10405.572253242583,0.0
Lavalleja,UY-LA,2025,35,2025-09-01,2025-09-07,0,10031.272844140674,0.0
Maldonado,UY-MA,2025,35,2025-09-01,2025-09-07,0,4803.260185508939,0.0
Montevideo,UY-MO,2025,35,2025-09-01,2025-09-07,0,527.7536386520376,0.0
Paysandú,UY-PA,2025,35,2025-09-01,2025-09-07,0,14088.526169172621,0.0
Rivera,UY-RV,2025,35,2025-09-01,2025-09-07,1,9329.550532265199,0.10718629976241757
Rocha,UY-RO,2025,35,2025-09-01,2025-09-07,0,10558.553826772255,0.0
Río Negro,UY-RN,2025,35,2025-09-01,2025-09-07,1,9810.67596839813,0.10192977560579633
Salto,UY-SA,2025,35,2025-09-01,2025-09-07,3,14170.87435119916,0.21170182768194087
San José,UY-SJ,2025,35,2025-09-01,2025-09-07,0,5002.920653176918,0.0
Soriano,UY-SO,2025,35,2025-09-01,2025-09-07,2,9122.538742945157,0.21923721634470275
Tacuarembó,UY-TA,2025,35,2025-09-01,2025-09-07,0,15973.367767510354,0.0
Treinta y Tres,UY-TT,2025,35,2025-09-01,2025-09-07,0,9285.005878360264,0.0
Artigas,UY-AR,2025,36,2025-09-08,2025-09-14,7,12010.600679730765,0.5828184773317195
Canelones,UY-CA,2025,36,2025-09-08,2025-09-14,0,4520.87871068126,0.0
Cerro Largo,UY-CL,2025,36,2025-09-08,2025-09-14,5,13655.557447815512,0.36615129181708017
Colonia,UY-CO,2025,36,2025-09-08,2025-09-14,3,6112.026851866528,0.4908355399459415
Durazno,UY-DU,2025,36,2025-09-08,2025-09-14,17,12228.10425056514,1.3902400283522542
Flores,UY-FS,2025,36,2025-09-08,2025-09-14,0,5140.77049712524,0.0
Florida,UY-FD,2025,36,2025-09-08,2025-09-14,3,10405.572253242583,0.2883070653865423
Lavalleja,UY-LA,2025,36,2025-09-08,2025-09-14,8,10031.272844140674,0.7975059720036273
Maldonado,UY-MA,2025,36,2025-09-08,2025-09-14,0,4803.260185508939,0.0
Montevideo,UY-MO,2025,36,2025-09-08,2025-09-14,0,527.7536386520376,0.0
Paysandú,UY-PA,2025,36,2025-09-08,2025-09-14,4,14088.526169172621,0.2839189814440972
Rivera,UY-RV,2025,36,2025-09-08,2025-09-14,1,9329.550532265199,0.10718629976241757
Rocha,UY-RO,2025,36,2025-09-08,2025-09-14,0,10558.553826772255,0.0
Río Negro,UY-RN,2025,36,2025-09-08,2025-09-14,3,9810.67596839813,0.30578932681738896
Salto,UY-SA,2025,36,2025-09-08,2025-09-14,2,14170.87435119916,0.14113455178796058
San José,UY-SJ,2025,36,2025-09-08,2025-09-14,3,5002.920653176918,0.5996497262244129
Soriano,UY-SO,2025,36,2025-09-08,2025-09-14,1,9122.538742945157,0.10961860817235138
Tacuarembó,UY-TA,2025,36,2025-09-08,2025-09-14,12,15973.367767510354,0.7512504673189746
Treinta y Tres,UY-TT,2025,36,2025-09-08,2025-09-14,0,9285.005878360264,0.0
Artigas,UY-AR,2025,37,2025-09-15,2025-09-21,0,12010.600679730765,0.0
Canelones,UY-CA,2025,37,2025-09-15,2025-09-21,0,4520.87871068126,0.0
Cerro Largo,UY-CL,2025,37,2025-09-15,2025-09-21,2,13655.557447815512,0.14646051672683205
Colonia,UY-CO,2025,37,2025-09-15,2025-09-21,0,6112.026851866528,0.0
Durazno,UY-DU,2025,37,2025-09-15,2025-09-21,0,12228.10425056514,0.0
Flores,UY-FS,2025,37,2025-09-15,2025-09-21,1,5140.77049712524,0.1945233697087252
Florida,UY-FD,2025,37,2025-09-15,2025-09-21,0,10405.572253242583,0.0
Lavalleja,UY-LA,2025,37,2025-09-15,2025-09-21,0,10031.272844140674,0.0
Maldonado,UY-MA,2025,37,2025-09-15,2025-09-21,0,4803.260185508939,0.0
Montevideo,UY-MO,2025,37,2025-09-15,2025-09-21,0,527.7536386520376,0.0
Paysandú,UY-PA,2025,37,2025-09-15,2025-09-21,0,14088.526169172621,0.0
Rivera,UY-RV,2025,37,2025-09-15,2025-09-21,1,9329.550532265199,0.10718629976241757
Rocha,UY-RO,2025,37,2025-09-15,2025-09-21,0,10558.553826772255,0.0
Río Negro,UY-RN,2025,37,2025-09-15,2025-09-21,1,9810.67596839813,0.10192977560579633
Salto,UY-SA,2025,37,2025-09-15,2025-09-21,0,14170.87435119916,0.0
San José,UY-SJ,2025,37,2025-09-15,2025-09-21,1,5002.920653176918,0.19988324207480432
Soriano,UY-SO,2025,37,2025-09-15,2025-09-21,0,9122.538742945157,0.0
Tacuarembó,UY-TA,2025,37,2025-09-15,2025-09-21,1,15973.367767510354,0.06260420560991455
Treinta y Tres,UY-TT,2025,37,2025-09-15,2025-09-21,0,9285.005878360264,0.0
Artigas,UY-AR,2025,38,2025-09-22,2025-09-28,13,12010.600679730765,1.082377172187479
Canelones,UY-CA,2025,38,2025-09-22,2025-09-28,0,4520.87871068126,0.0
Cerro Largo,UY-CL,2025,38,2025-09-22,2025-09-28,9,13655.557447815512,0.6590723252707443
Colonia,UY-CO,2025,38,2025-09-22,2025-09-28,0,6112.026851866528,0.0
Durazno,UY-DU,2025,38,2025-09-22,2025-09-28,9,12228.10425056514,0.7360094267747228
Flores,UY-FS,2025,38,2025-09-22,2025-09-28,0,5140.77049712524,0.0
Florida,UY-FD,2025,38,2025-09-22,2025-09-28,1,10405.572253242583,0.09610235512884745
Lavalleja,UY-LA,2025,38,2025-09-22,2025-09-28,2,10031.272844140674,0.19937649300090682
Maldonado,UY-MA,2025,38,2025-09-22,2025-09-28,2,4803.260185508939,0.4163838565384911
Montevideo,UY-MO,2025,38,2025-09-22,2025-09-28,0,527.7536386520376,0.0
Paysandú,UY-PA,2025,38,2025-09-22,2025-09-28,5,14088.526169172621,0.3548987268051216
Rivera,UY-RV,2025,38,2025-09-22,2025-09-28,0,9329.550532265199,0.0
Rocha,UY-RO,2025,38,2025-09-22,2025-09-28,5,10558.553826772255,0.4735497002744833
Río Negro,UY-RN,2025,38,2025-09-22,2025-09-28,4,9810.67596839813,0.4077191024231853
Salto,UY-SA,2025,38,2025-09-22,2025-09-28,2,14170.87435119916,0.14113455178796058
San José,UY-SJ,2025,38,2025-09-22,2025-09-28,2,5002.920653176918,0.39976648414960864
Soriano,UY-SO,2025,38,2025-09-22,2025-09-28,0,9122.538742945157,0.0
Tacuarembó,UY-TA,2025,38,2025-09-22,2025-09-28,19,15973.367767510354,1.1894799065883763
Treinta y Tres,UY-TT,2025,38,2025-09-22,2025-09-28,3,9285.005878360264,0.32310157250323696
Artigas,UY-AR,2025,39,2025-09-29,2025-10-05,1,12010.600679730765,0.08325978247595993
Canelones,UY-CA,2025,39,2025-09-29,2025-10-05,0,4520.87871068126,0.0
Cerro Largo,UY-CL,2025,39,2025-09-29,2025-10-05,2,13655.557447815512,0.14646051672683205
Colonia,UY-CO,2025,39,2025-09-29,2025-10-05,0,6112.026851866528,0.0
Durazno,UY-DU,2025,39,2025-09-29,2025-10-05,4,12228.10425056514,0.3271153007887657
Flores,UY-FS,2025,39,2025-09-29,2025-10-05,0,5140.77049712524,0.0
Florida,UY-FD,2025,39,2025-09-29,2025-10-05,2,10405.572253242583,0.1922047102576949
Lavalleja,UY-LA,2025,39,2025-09-29,2025-10-05,1,10031.272844140674,0.09968824650045341
Maldonado,UY-MA,2025,39,2025-09-29,2025-10-05,0,4803.260185508939,0.0
Montevideo,UY-MO,2025,39,2025-09-29,2025-10-05,0,527.7536386520376,0.0
Paysandú,UY-PA,2025,39,2025-09-29,2025-10-05,4,14088.526169172621,0.2839189814440972
Rivera,UY-RV,2025,39,2025-09-29,2025-10-05,0,9329.550532265199,0.0
Rocha,UY-RO,2025,39,2025-09-29,2025-10-05,4,10558.553826772255,0.3788397602195866
Río Negro,UY-RN,2025,39,2025-09-29,2025-10-05,0,9810.67596839813,0.0
Salto,UY-SA,2025,39,2025-09-29,2025-10-05,1,14170.87435119916,0.07056727589398029
San José,UY-SJ,2025,39,2025-09-29,2025-10-05,0,5002.920653176918,0.0
Soriano,UY-SO,2025,39,2025-09-29,2025-10-05,0,9122.538742945157,0.0
Tacuarembó,UY-TA,2025,39,2025-09-29,2025-10-05,7,15973.367767510354,0.4382294392694019
Treinta y Tres,UY-TT,2025,39,2025-09-29,2025-10-05,5,9285.005878360264,0.5385026208387282
Artigas,UY-AR,2025,40,2025-10-06,2025-10-12,4,12010.600679730765,0.3330391299038397
Canelones,UY-CA,2025,40,2025-10-06,2025-10-12,0,4520.87871068126,0.0
Cerro Largo,UY-CL,2025,40,2025-10-06,2025-10-12,0,13655.557447815512,0.0
Colonia,UY-CO,2025,40,2025-10-06,2025-10-12,0,6112.026851866528,0.0
Durazno,UY-DU,2025,40,2025-10-06,2025-10-12,4,12228.10425056514,0.3271153007887657
Flores,UY-FS,2025,40,2025-10-06,2025-10-12,0,5140.77049712524,0.0
Florida,UY-FD,2025,40,2025-10-06,2025-10-12,0,10405.572253242583,0.0
Lavalleja,UY-LA,2025,40,2025-10-06,2025-10-12,2,10031.272844140674,0.19937649300090682
Maldonado,UY-MA,2025,40,2025-10-06,2025-10-12,0,4803.260185508939,0.0
Montevideo,UY-MO,2025,40,2025-10-06,2025-10-12,0,527.7536386520376,0.0
Paysandú,UY-PA,2025,40,2025-10-06,2025-10-12,0,14088.526169172621,0.0
Rivera,UY-RV,2025,40,2025-10-06,2025-10-12,3,9329.550532265199,0.32155889928725273
Rocha,UY-RO,2025,40,2025-10-06,2025-10-12,6,10558.553826772255,0.56825964032938
Río Negro,UY-RN,2025,40,2025-10-06,2025-10-12,0,9810.67596839813,0.0
Salto,UY-SA,2025,40,2025-10-06,2025-10-12,0,14170.87435119916,0.0
San José,UY-SJ,2025,40,2025-10-06,2025-10-12,1,5002.920653176918,0.19988324207480432
Soriano,UY-SO,2025,40,2025-10-06,2025-10-12,0,9122.538742945157,0.0
Tacuarembó,UY-TA,2025,40,2025-10-06,2025-10-12,5,15973.367767510354,0.31302102804957277
Treinta y Tres,UY-TT,2025,40,2025-10-06,2025-10-12,2,9285.005878360264,0.2154010483354913
Artigas,UY-AR,2025,41,2025-10-13,2025-10-19,4,12010.600679730765,0.3330391299038397
Canelones,UY-CA,2025,41,2025-10-13,2025-10-19,0,4520.87871068126,0.0
Cerro Largo,UY-CL,2025,41,2025-10-13,2025-10-19,3,13655.557447815512,0.2196907750902481
Colonia,UY-CO,2025,41,2025-10-13,2025-10-19,0,6112.026851866528,0.0
Durazno,UY-DU,2025,41,2025-10-13,2025-10-19,1,12228.10425056514,0.08177882519719143
Flores,UY-FS,2025,41,2025-10-13,2025-10-19,1,5140.77049712524,0.1945233697087252
Florida,UY-FD,2025,41,2025-10-13,2025-10-19,3,10405.572253242583,0.2883070653865423
Lavalleja,UY-LA,2025,41,2025-10-13,2025-10-19,0,10031.272844140674,0.0
Maldonado,UY-MA,2025,41,2025-10-13,2025-10-19,1,4803.260185508939,0.20819192826924554
Montevideo,UY-MO,2025,41,2025-10-13,2025-10-19,0,527.7536386520376,0.0
Paysandú,UY-PA,2025,41,2025-10-13,2025-10-19,2,14088.526169172621,0.1419594907220486
Rivera,UY-RV,2025,41,2025-10-13,2025-10-19,0,9329.550532265199,0.0
Rocha,UY-RO,2025,41,2025-10-13,2025-10-19,4,10558.553826772255,0.3788397602195866
Río Negro,UY-RN,2025,41,2025-10-13,2025-10-19,2,9810.67596839813,0.20385955121159266
Salto,UY-SA,2025,41,2025-10-13,2025-10-19,0,14170.87435119916,0.0
San José,UY-SJ,2025,41,2025-10-13,2025-10-19,1,5002.920653176918,0.19988324207480432
Soriano,UY-SO,2025,41,2025-10-13,2025-10-19,1,9122.538742945157,0.10961860817235138
Tacuarembó,UY-TA,2025,41,2025-10-13,2025-10-19,22,15973.367767510354,1.3772925234181204
Treinta y Tres,UY-TT,2025,41,2025-10-13,2025-10-19,1,9285.005878360264,0.10770052416774566
Artigas,UY-AR,2025,42,2025-10-20,2025-10-26,1,12010.600679730765,0.08325978247595993
Canelones,UY-CA,2025,42,2025-10-20,2025-10-26,2,4520.87871068126,0.4423918729061891
Cerro Largo,UY-CL,2025,42,2025-10-20,2025-10-26,2,13655.557447815512,0.14646051672683205
Colonia,UY-CO,2025,42,2025-10-20,2025-10-26,2,6112.026851866528,0.32722369329729434
Durazno,UY-DU,2025,42,2025-10-20,2025-10-26,1,12228.10425056514,0.08177882519719143
Flores,UY-FS,2025,42,2025-10-20,2025-10-26,0,5140.77049712524,0.0
Florida,UY-FD,2025,42,2025-10-20,2025-10-26,3,10405.572253242583,0.2883070653865423
Lavalleja,UY-LA,2025,42,2025-10-20,2025-10-26,7,10031.272844140674,0.6978177255031739
Maldonado,UY-MA,2025,42,2025-10-20,2025-10-26,0,4803.260185508939,0.0
Montevideo,UY-MO,2025,42,2025-10-20,2025-10-26,1,527.7536386520376,1.8948235061991252
Paysandú,UY-PA,2025,42,2025-10-20,2025-10-26,1,14088.526169172621,0.0709797453610243
Rivera,UY-RV,2025,42,2025-10-20,2025-10-26,0,9329.550532265199,0.0
Rocha,UY-RO,2025,42,2025-10-20,2025-10-26,3,10558.553826772255,0.28412982016469
Río Negro,UY-RN,2025,42,2025-10-20,2025-10-26,0,9810.67596839813,0.0
Salto,UY-SA,2025,42,2025-10-20,2025-10-26,0,14170.87435119916,0.0
San José,UY-SJ,2025,42,2025-10-20,2025-10-26,0,5002.920653176918,0.0
Soriano,UY-SO,2025,42,2025-10-20,2025-10-26,0,9122.538742945157,0.0
Tacuarembó,UY-TA,2025,42,2025-10-20,2025-10-26,15,15973.367767510354,0.9390630841487183
Treinta y Tres,UY-TT,2025,42,2025-10-20,2025-10-26,7,9285.005878360264,0.7539036691742196
Artigas,UY-AR,2025,43,2025-10-27,2025-11-02,0,12010.600679730765,0.0
Canelones,UY-CA,2025,43,2025-10-27,2025-11-02,1,4520.87871068126,0.22119593645309454
Cerro Largo,UY-CL,2025,43,2025-10-27,2025-11-02,2,13655.557447815512,0.14646051672683205
Colonia,UY-CO,2025,43,2025-10-27,2025-11-02,0,6112.026851866528,0.0
Durazno,UY-DU,2025,43,2025-10-27,2025-11-02,1,12228.10425056514,0.08177882519719143
Flores,UY-FS,2025,43,2025-10-27,2025-11-02,0,5140.77049712524,0.0
Florida,UY-FD,2025,43,2025-10-27,2025-11-02,3,10405.572253242583,0.2883070653865423
Lavalleja,UY-LA,2025,43,2025-10-27,2025-11-02,0,10031.272844140674,0.0
Maldonado,UY-MA,2025,43,2025-10-27,2025-11-02,1,4803.260185508939,0.20819192826924554
Montevideo,UY-MO,2025,43,2025-10-27,2025-11-02,0,527.7536386520376,0.0
Paysandú,UY-PA,2025,43,2025-10-27,2025-11-02,0,14088.526169172621,0.0
Rivera,UY-RV,2025,43,2025-10-27,2025-11-02,0,9329.550532265199,0.0
Rocha,UY-RO,2025,43,2025-10-27,2025-11-02,1,10558.553826772255,0.09470994005489665
Río Negro,UY-RN,2025,43,2025-10-27,2025-11-02,0,9810.67596839813,0.0
Salto,UY-SA,2025,43,2025-10-27,2025-11-02,0,14170.87435119916,0.0
San José,UY-SJ,2025,43,2025-10-27,2025-11-02,0,5002.920653176918,0.0
Soriano,UY-SO,2025,43,2025-10-27,2025-11-02,0,9122.538742945157,0.0
Tacuarembó,UY-TA,2025,43,2025-10-27,2025-11-02,0,15973.367767510354,0.0
Treinta y Tres,UY-TT,2025,43,2025-10-27,2025-11-02,1,9285.005878360264,0.10770052416774566
Artigas,UY-AR,2025,44,2025-11-03,2025-11-09,1,12010.600679730765,0.08325978247595993
Canelones,UY-CA,2025,44,2025-11-03,2025-11-09,4,4520.87871068126,0.8847837458123782
Cerro Largo,UY-CL,2025,44,2025-11-03,2025-11-09,1,13655.557447815512,0.07323025836341603
Colonia,UY-CO,2025,44,2025-11-03,2025-11-09,1,6112.026851866528,0.16361184664864717
Durazno,UY-DU,2025,44,2025-11-03,2025-11-09,2,12228.10425056514,0.16355765039438286
Flores,UY-FS,2025,44,2025-11-03,2025-11-09,1,5140.77049712524,0.1945233697087252
Florida,UY-FD,2025,44,2025-11-03,2025-11-09,2,10405.572253242583,0.1922047102576949
Lavalleja,UY-LA,2025,44,2025-11-03,2025-11-09,3,10031.272844140674,0.29906473950136025
Maldonado,UY-MA,2025,44,2025-11-03,2025-11-09,2,4803.260185508939,0.4163838565384911
Montevideo,UY-MO,2025,44,2025-11-03,2025-11-09,0,527.7536386520376,0.0
Paysandú,UY-PA,2025,44,2025-11-03,2025-11-09,1,14088.526169172621,0.0709797453610243
Rivera,UY-RV,2025,44,2025-11-03,2025-11-09,0,9329.550532265199,0.0
Rocha,UY-RO,2025,44,2025-11-03,2025-11-09,2,10558.553826772255,0.1894198801097933
Río Negro,UY-RN,2025,44,2025-11-03,2025-11-09,0,9810.67596839813,0.0
Salto,UY-SA,2025,44,2025-11-03,2025-11-09,0,14170.87435119916,0.0
San José,UY-SJ,2025,44,2025-11-03,2025-11-09,0,5002.920653176918,0.0
Soriano,UY-SO,2025,44,2025-11-03,2025-11-09,0,9122.538742945157,0.0
Tacuarembó,UY-TA,2025,44,2025-11-03,2025-11-09,3,15973.367767510354,0.18781261682974365
Treinta y Tres,UY-TT,2025,44,2025-11-03,2025-11-09,3,9285.005878360264,0.32310157250323696
Artigas,UY-AR,2025,45,2025-11-10,2025-11-16,0,12010.600679730765,0.0
Canelones,UY-CA,2025,45,2025-11-10,2025-11-16,1,4520.87871068126,0.22119593645309454
Cerro Largo,UY-CL,2025,45,2025-11-10,2025-11-16,1,13655.557447815512,0.07323025836341603
Colonia,UY-CO,2025,45,2025-11-10,2025-11-16,0,6112.026851866528,0.0
Durazno,UY-DU,2025,45,2025-11-10,2025-11-16,0,12228.10425056514,0.0
Flores,UY-FS,2025,45,2025-11-10,2025-11-16,0,5140.77049712524,0.0
Florida,UY-FD,2025,45,2025-11-10,2025-11-16,2,10405.572253242583,0.1922047102576949
Lavalleja,UY-LA,2025,45,2025-11-10,2025-11-16,4,10031.272844140674,0.39875298600181364
Maldonado,UY-MA,2025,45,2025-11-10,2025-11-16,3,4803.260185508939,0.6245757848077367
Montevideo,UY-MO,2025,45,2025-11-10,2025-11-16,0,527.7536386520376,0.0
Paysandú,UY-PA,2025,45,2025-11-10,2025-11-16,1,14088.526169172621,0.0709797453610243
Rivera,UY-RV,2025,45,2025-11-10,2025-11-16,2,9329.550532265199,0.21437259952483514
Rocha,UY-RO,2025,45,2025-11-10,2025-11-16,2,10558.553826772255,0.1894198801097933
Río Negro,UY-RN,2025,45,2025-11-10,2025-11-16,0,9810.67596839813,0.0
Salto,UY-SA,2025,45,2025-11-10,2025-11-16,0,14170.87435119916,0.0
San José,UY-SJ,2025,45,2025-11-10,2025-11-16,1,5002.920653176918,0.19988324207480432
Soriano,UY-SO,2025,45,2025-11-10,2025-11-16,0,9122.538742945157,0.0
Tacuarembó,UY-TA,2025,45,2025-11-10,2025-11-16,2,15973.367767510354,0.1252084112198291
Treinta y Tres,UY-TT,2025,45,2025-11-10,2025-11-16,2,9285.005878360264,0.2154010483354913
Artigas,UY-AR,2025,46,2025-11-17,2025-11-23,1,12010.600679730765,0.08325978247595993
Canelones,UY-CA,2025,46,2025-11-17,2025-11-23,0,4520.87871068126,0.0
Cerro Largo,UY-CL,2025,46,2025-11-17,2025-11-23,1,13655.557447815512,0.07323025836341603
Colonia,UY-CO,2025,46,2025-11-17,2025-11-23,0,6112.026851866528,0.0
Durazno,UY-DU,2025,46,2025-11-17,2025-11-23,0,12228.10425056514,0.0
Flores,UY-FS,2025,46,2025-11-17,2025-11-23,0,5140.77049712524,0.0
Florida,UY-FD,2025,46,2025-11-17,2025-11-23,2,10405.572253242583,0.1922047102576949
Lavalleja,UY-LA,2025,46,2025-11-17,2025-11-23,2,10031.272844140674,0.19937649300090682
Maldonado,UY-MA,2025,46,2025-11-17,2025-11-23,1,4803.260185508939,0.20819192826924554
Montevideo,UY-MO,2025,46,2025-11-17,2025-11-23,0,527.7536386520376,0.0
Paysandú,UY-PA,2025,46,2025-11-17,2025-11-23,0,14088.526169172621,0.0
Rivera,UY-RV,2025,46,2025-11-17,2025-11-23,0,9329.550532265199,0.0
Rocha,UY-RO,2025,46,2025-11-17,2025-11-23,5,10558.553826772255,0.4735497002744833
Río Negro,UY-RN,2025,46,2025-11-17,2025-11-23,0,9810.67596839813,0.0
Salto,UY-SA,2025,46,2025-11-17,2025-11-23,0,14170.87435119916,0.0
San José,UY-SJ,2025,46,2025-11-17,2025-11-23,0,5002.920653176918,0.0
Soriano,UY-SO,2025,46,2025-11-17,2025-11-23,0,9122.538742945157,0.0
Tacuarembó,UY-TA,2025,46,2025-11-17,2025-11-23,0,15973.367767510354,0.0
Treinta y Tres,UY-TT,2025,46,2025-11-17,2025-11-23,5,9285.005878360264,0.5385026208387282
Artigas,UY-AR,2025,47,2025-11-24,2025-11-30,0,12010.600679730765,0.0
Canelones,UY-CA,2025,47,2025-11-24,2025-11-30,3,4520.87871068126,0.6635878093592836
Cerro Largo,UY-CL,2025,47,2025-11-24,2025-11-30,3,13655.557447815512,0.2196907750902481
Colonia,UY-CO,2025,47,2025-11-24,2025-11-30,1,6112.026851866528,0.16361184664864717
Durazno,UY-DU,2025,47,2025-11-24,2025-11-30,0,12228.10425056514,0.0
Flores,UY-FS,2025,47,2025-11-24,2025-11-30,0,5140.77049712524,0.0
Florida,UY-FD,2025,47,2025-11-24,2025-11-30,3,10405.572253242583,0.2883070653865423
Lavalleja,UY-LA,2025,47,2025-11-24,2025-11-30,1,10031.272844140674,0.09968824650045341
Maldonado,UY-MA,2025,47,2025-11-24,2025-11-30,2,4803.260185508939,0.4163838565384911
Montevideo,UY-MO,2025,47,2025-11-24,2025-11-30,0,527.7536386520376,0.0
Paysandú,UY-PA,2025,47,2025-11-24,2025-11-30,0,14088.526169172621,0.0
Rivera,UY-RV,2025,47,2025-11-24,2025-11-30,1,9329.550532265199,0.10718629976241757
Rocha,UY-RO,2025,47,2025-11-24,2025-11-30,3,10558.553826772255,0.28412982016469
Río Negro,UY-RN,2025,47,2025-11-24,2025-11-30,0,9810.67596839813,0.0
Salto,UY-SA,2025,47,2025-11-24,2025-11-30,0,14170.87435119916,0.0
San José,UY-SJ,2025,47,2025-11-24,2025-11-30,1,5002.920653176918,0.19988324207480432
Soriano,UY-SO,2025,47,2025-11-24,2025-11-30,1,9122.538742945157,0.10961860817235138
Tacuarembó,UY-TA,2025,47,2025-11-24,2025-11-30,0,15973.367767510354,0.0
Treinta y Tres,UY-TT,2025,47,2025-11-24,2025-11-30,4,9285.005878360264,0.4308020966709826
Artigas,UY-AR,2025,48,2025-12-01,2025-12-07,0,12010.600679730765,0.0
Canelones,UY-CA,2025,48,2025-12-01,2025-12-07,5,4520.87871068126,1.1059796822654728
Cerro Largo,UY-CL,2025,48,2025-12-01,2025-12-07,0,13655.557447815512,0.0
Colonia,UY-CO,2025,48,2025-12-01,2025-12-07,0,6112.026851866528,0.0
Durazno,UY-DU,2025,48,2025-12-01,2025-12-07,0,12228.10425056514,0.0
Flores,UY-FS,2025,48,2025-12-01,2025-12-07,0,5140.77049712524,0.0
Florida,UY-FD,2025,48,2025-12-01,2025-12-07,1,10405.572253242583,0.09610235512884745
Lavalleja,UY-LA,2025,48,2025-12-01,2025-12-07,0,10031.272844140674,0.0
Maldonado,UY-MA,2025,48,2025-12-01,2025-12-07,1,4803.260185508939,0.20819192826924554
Montevideo,UY-MO,2025,48,2025-12-01,2025-12-07,0,527.7536386520376,0.0
Paysandú,UY-PA,2025,48,2025-12-01,2025-12-07,0,14088.526169172621,0.0
Rivera,UY-RV,2025,48,2025-12-01,2025-12-07,0,9329.550532265199,0.0
Rocha,UY-RO,2025,48,2025-12-01,2025-12-07,0,10558.553826772255,0.0
Río Negro,UY-RN,2025,48,2025-12-01,2025-12-07,0,9810.67596839813,0.0
Salto,UY-SA,2025,48,2025-12-01,2025-12-07,0,14170.87435119916,0.0
San José,UY-SJ,2025,48,2025-12-01,2025-12-07,0,5002.920653176918,0.0
Soriano,UY-SO,2025,48,2025-12-01,2025-12-07,1,9122.538742945157,0.10961860817235138
Tacuarembó,UY-TA,2025,48,2025-12-01,2025-12-07,1,15973.367767510354,0.06260420560991455
Treinta y Tres,UY-TT,2025,48,2025-12-01,2025-12-07,0,9285.005878360264,0.0
Artigas,UY-AR,2025,49,2025-12-08,2025-12-14,1,12010.600679730765,0.08325978247595993
Canelones,UY-CA,2025,49,2025-12-08,2025-12-14,7,4520.87871068126,1.548371555171662
Cerro Largo,UY-CL,2025,49,2025-12-08,2025-12-14,0,13655.557447815512,0.0
Colonia,UY-CO,2025,49,2025-12-08,2025-12-14,0,6112.026851866528,0.0
Durazno,UY-DU,2025,49,2025-12-08,2025-12-14,0,12228.10425056514,0.0
Flores,UY-FS,2025,49,2025-12-08,2025-12-14,0,5140.77049712524,0.0
Florida,UY-FD,2025,49,2025-12-08,2025-12-14,2,10405.572253242583,0.1922047102576949
Lavalleja,UY-LA,2025,49,2025-12-08,2025-12-14,0,10031.272844140674,0.0
Maldonado,UY-MA,2025,49,2025-12-08,2025-12-14,0,4803.260185508939,0.0
Montevideo,UY-MO,2025,49,2025-12-08,2025-12-14,0,527.7536386520376,0.0
Paysandú,UY-PA,2025,49,2025-12-08,2025-12-14,0,14088.526169172621,0.0
Rivera,UY-RV,2025,49,2025-12-08,2025-12-14,1,9329.550532265199,0.10718629976241757
Rocha,UY-RO,2025,49,2025-12-08,2025-12-14,1,10558.553826772255,0.09470994005489665
Río Negro,UY-RN,2025,49,2025-12-08,2025-12-14,0,9810.67596839813,0.0
Salto,UY-SA,2025,49,2025-12-08,2025-12-14,0,14170.87435119916,0.0
San José,UY-SJ,2025,49,2025-12-08,2025-12-14,0,5002.920653176918,0.0
Soriano,UY-SO,2025,49,2025-12-08,2025-12-14,0,9122.538742945157,0.0
Tacuarembó,UY-TA,2025,49,2025-12-08,2025-12-14,1,15973.367767510354,0.06260420560991455
Treinta y Tres,UY-TT,2025,49,2025-12-08,2025-12-14,0,9285.005878360264,0.0
Artigas,UY-AR,2025,50,2025-12-15,2025-12-21,1,12010.600679730765,0.08325978247595993
Canelones,UY-CA,2025,50,2025-12-15,2025-12-21,5,4520.87871068126,1.1059796822654728
Cerro Largo,UY-CL,2025,50,2025-12-15,2025-12-21,1,13655.557447815512,0.07323025836341603
Colonia,UY-CO,2025,50,2025-12-15,2025-12-21,0,6112.026851866528,0.0
Durazno,UY-DU,2025,50,2025-12-15,2025-12-21,1,12228.10425056514,0.08177882519719143
Flores,UY-FS,2025,50,2025-12-15,2025-12-21,2,5140.77049712524,0.3890467394174504
Florida,UY-FD,2025,50,2025-12-15,2025-12-21,1,10405.572253242583,0.09610235512884745
Lavalleja,UY-LA,2025,50,2025-12-15,2025-12-21,0,10031.272844140674,0.0
Maldonado,UY-MA,2025,50,2025-12-15,2025-12-21,0,4803.260185508939,0.0
Montevideo,UY-MO,2025,50,2025-12-15,2025-12-21,1,527.7536386520376,1.8948235061991252
Paysandú,UY-PA,2025,50,2025-12-15,2025-12-21,0,14088.526169172621,0.0
Rivera,UY-RV,2025,50,2025-12-15,2025-12-21,0,9329.550532265199,0.0
Rocha,UY-RO,2025,50,2025-12-15,2025-12-21,0,10558.553826772255,0.0
Río Negro,UY-RN,2025,50,2025-12-15,2025-12-21,0,9810.67596839813,0.0
Salto,UY-SA,2025,50,2025-12-15,2025-12-21,0,14170.87435119916,0.0
San José,UY-SJ,2025,50,2025-12-15,2025-12-21,0,5002.920653176918,0.0
Soriano,UY-SO,2025,50,2025-12-15,2025-12-21,0,9122.538742945157,0.0
Tacuarembó,UY-TA,2025,50,2025-12-15,2025-12-21,4,15973.367767510354,0.2504168224396582
Treinta y Tres,UY-TT,2025,50,2025-12-15,2025-12-21,0,9285.005878360264,0.0
Artigas,UY-AR,2025,51,2025-12-22,2025-12-28,0,12010.600679730765,0.0
Canelones,UY-CA,2025,51,2025-12-22,2025-12-28,5,4520.87871068126,1.1059796822654728
Cerro Largo,UY-CL,2025,51,2025-12-22,2025-12-28,0,13655.557447815512,0.0
Colonia,UY-CO,2025,51,2025-12-22,2025-12-28,0,6112.026851866528,0.0
Durazno,UY-DU,2025,51,2025-12-22,2025-12-28,0,12228.10425056514,0.0
Flores,UY-FS,2025,51,2025-12-22,2025-12-28,0,5140.77049712524,0.0
Florida,UY-FD,2025,51,2025-12-22,2025-12-28,1,10405.572253242583,0.09610235512884745
Lavalleja,UY-LA,2025,51,2025-12-22,2025-12-28,6,10031.272844140674,0.5981294790027205
Maldonado,UY-MA,2025,51,2025-12-22,2025-12-28,1,4803.260185508939,0.20819192826924554
Montevideo,UY-MO,2025,51,2025-12-22,2025-12-28,4,527.7536386520376,7.579294024796501
Paysandú,UY-PA,2025,51,2025-12-22,2025-12-28,0,14088.526169172621,0.0
Rivera,UY-RV,2025,51,2025-12-22,2025-12-28,0,9329.550532265199,0.0
Rocha,UY-RO,2025,51,2025-12-22,2025-12-28,0,10558.553826772255,0.0
Río Negro,UY-RN,2025,51,2025-12-22,2025-12-28,0,9810.67596839813,0.0
Salto,UY-SA,2025,51,2025-12-22,2025-12-28,0,14170.87435119916,0.0
San José,UY-SJ,2025,51,2025-12-22,2025-12-28,0,5002.920653176918,0.0
Soriano,UY-SO,2025,51,2025-12-22,2025-12-28,0,9122.538742945157,0.0
Tacuarembó,UY-TA,2025,51,2025-12-22,2025-12-28,2,15973.367767510354,0.1252084112198291
Treinta y Tres,UY-TT,2025,51,2025-12-22,2025-12-28,0,9285.005878360264,0.0
Artigas,UY-AR,2025,52,2025-12-29,2026-01-04,0,12010.600679730765,0.0
Canelones,UY-CA,2025,52,2025-12-29,2026-01-04,4,4520.87871068126,0.8847837458123782
Cerro Largo,UY-CL,2025,52,2025-12-29,2026-01-04,0,13655.557447815512,0.0
Colonia,UY-CO,2025,52,2025-12-29,2026-01-04,0,6112.026851866528,0.0
Durazno,UY-DU,2025,52,2025-12-29,2026-01-04,0,12228.10425056514,0.0
Flores,UY-FS,2025,52,2025-12-29,2026-01-04,0,5140.77049712524,0.0
Florida,UY-FD,2025,52,2025-12-29,2026-01-04,1,10405.572253242583,0.09610235512884745
Lavalleja,UY-LA,2025,52,2025-12-29,2026-01-04,0,10031.272844140674,0.0
Maldonado,UY-MA,2025,52,2025-12-29,2026-01-04,0,4803.260185508939,0.0
Montevideo,UY-MO,2025,52,2025-12-29,2026-01-04,2,527.7536386520376,3.7896470123982504
Paysandú,UY-PA,2025,52,2025-12-29,2026-01-04,0,14088.526169172621,0.0
Rivera,UY-RV,2025,52,2025-12-29,2026-01-04,0,9329.550532265199,0.0
Rocha,UY-RO,2025,52,2025-12-29,2026-01-04,2,10558.553826772255,0.1894198801097933
Río Negro,UY-RN,2025,52,2025-12-29,2026-01-04,1,9810.67596839813,0.10192977560579633
Salto,UY-SA,2025,52,2025-12-29,2026-01-04,0,14170.87435119916,0.0
San José,UY-SJ,2025,52,2025-12-29,2026-01-04,0,5002.920653176918,0.0
Soriano,UY-SO,2025,52,2025-12-29,2026-01-04,0,9122.538742945157,0.0
Tacuarembó,UY-TA,2025,52,2025-12-29,2026-01-04,0,15973.367767510354,0.0
Treinta y Tres,UY-TT,2025,52,2025-12-29,2026-01-04,0,9285.005878360264,0.0
