departamento,departamento_iso,fecha_inicio_semana,fecha_fin_semana,anio,numero_semana,n_dias_esperados,n_dias_observados,cobertura_temporal_pct,cobertura_espacial_min_pct,precipitation_days_weekly,temperature_2m_max_mean_weekly,temperature_2m_max_weekly,temperature_2m_min_mean_weekly,temperature_2m_min_weekly,relative_humidity_2m_min_mean_weekly,relative_humidity_2m_min_weekly,relative_humidity_2m_max_mean_weekly,relative_humidity_2m_max_weekly,wind_speed_10m_max_mean_weekly,wind_speed_10m_max_weekly,precipitation_sum_weekly,precipitation_max_daily_weekly,et0_fao_evapotranspiration_sum_weekly,et0_fao_evapotranspiration_max_daily_weekly,wind_direction_10m_resultant_length_spatial_daily_mean_weekly,wind_direction_10m_dominant_circular_mean_weekly,wind_direction_10m_resultant_length_weekly
Artigas,UY-AR,2017-01-02,2017-01-08,2017,1,7,7,100.0,100.0,6,30.09897959183673,34.3,22.496938775510205,17.5,61.183673469387756,49,90.17346938775509,96,5.682142857142857,7.85,16.414285714285715,7.192857142857143,33.16571428571428,6.92,0.9895929045610868,54.172100576403174,0.6785832665093774
Artigas,UY-AR,2017-01-09,2017-01-15,2017,2,7,7,100.0,100.0,5,30.71734693877551,33.8,21.640816326530615,17.4,58.1530612244898,44,91.98979591836735,99,5.038469387755102,6.73,67.99285714285713,33.128571428571426,35.36642857142857,6.89,0.9873095187103454,76.03662775853381,0.6813460153515799
Artigas,UY-AR,2017-01-16,2017-01-22,2017,3,7,7,100.0,100.0,2,29.448979591836736,32.0,19.744897959183675,17.6,50.255102040816325,37,90.58163265306122,100,5.390816326530612,7.53,30.6,30.085714285714285,41.07214285714286,7.21,0.9945698613467702,106.70446537585829,0.4487030302746052
Artigas,UY-AR,2017-01-23,2017-01-29,2017,4,7,7,100.0,100.0,3,28.085714285714285,32.7,18.137755102040817,13.9,44.96938775510204,36,86.34693877551021,99,5.106428571428572,8.05,5.2785714285714285,5.078571428571428,40.637142857142855,7.05,0.9875912369955128,109.1255187212967,0.46033071348304844
Artigas,UY-AR,2017-01-30,2017-02-05,2017,5,7,7,100.0,100.0,6,30.06734693877551,33.6,21.218367346938773,18.1,53.255102040816325,38,94.25510204081631,99,4.8493877551020415,8.11,47.535714285714285,30.721428571428568,36.067142857142855,6.82,0.9961773537970195,67.48316485342465,0.3609548645698158
Artigas,UY-AR,2017-02-06,2017-02-12,2017,6,7,7,100.0,100.0,5,27.2,31.8,18.5,13.1,57.42857142857143,41,87.83673469387756,100,4.777755102040816,6.99,50.15714285714286,23.87857142857143,30.431428571428572,5.98,0.9764913955112294,91.64448361875937,0.6324285852051817
Artigas,UY-AR,2017-02-13,2017-02-19,2017,7,7,7,100.0,100.0,6,28.918367346938776,33.2,20.803061224489795,18.7,65.21428571428571,55,96.34693877551021,99,4.847857142857143,6.6,50.45714285714286,22.778571428571432,26.952142857142857,4.81,0.9873014599368243,344.9983721436081,0.37209301413725804
Artigas,UY-AR,2017-02-20,2017-02-26,2017,8,7,7,100.0,100.0,6,30.84795918367347,32.3,22.124489795918368,19.9,60.07142857142857,45,95.29591836734694,100,3.3329591836734695,4.6,14.014285714285716,5.714285714285714,33.37357142857143,6.12,0.9900698232062323,92.87470557014348,0.4634547220770037
Artigas,UY-AR,2017-02-27,2017-03-05,2017,9,7,7,100.0,100.0,5,29.679591836734694,32.4,21.486734693877548,17.0,58.33673469387755,45,91.51020408163265,98,4.732755102040817,7.3,11.121428571428572,4.671428571428572,31.272142857142857,5.8,0.9675966038645214,71.1800704810243,0.4854254713974457
Artigas,UY-AR,2017-03-06,2017-03-12,2017,10,7,7,100.0,100.0,4,27.944897959183674,32.2,18.286734693877552,13.5,48.95918367346939,33,92.33673469387756,99,6.331224489795919,8.24,100.05000000000001,63.721428571428575,31.47714285714286,6.44,0.997820832086645,98.58012876501616,0.6340559174571387
Artigas,UY-AR,2017-03-13,2017-03-19,2017,11,7,7,100.0,100.0,2,23.922448979591838,29.3,12.943877551020408,9.2,53.857142857142854,42,90.43877551020408,98,5.2027551020408165,8.25,12.907142857142857,12.542857142857143,28.16357142857143,4.98,0.9864497729532458,128.45274641903566,0.6005993504707435
Artigas,UY-AR,2017-03-20,2017-03-26,2017,12,7,7,100.0,100.0,4,26.99285714285714,28.9,17.925510204081633,14.2,58.61224489795918,51,91.87755102040816,99,4.9071428571428575,6.62,4.171428571428572,2.607142857142857,27.194285714285712,4.66,0.9919614110518225,94.01829758072999,0.9516308197186173
Artigas,UY-AR,2017-03-27,2017-04-02,2017,13,7,7,100.0,100.0,1,27.920408163265307,29.6,18.086734693877553,16.2,51.51020408163265,42,82.68367346938774,95,6.507346938775511,7.41,0.0642857142857143,0.0642857142857143,33.43571428571428,5.75,0.9989872897671904,81.31230179157116,0.9701368107063731
Artigas,UY-AR,2017-04-03,2017-04-09,2017,14,7,7,100.0,100.0,5,26.214285714285715,29.5,18.170408163265304,13.0,57.744897959183675,37,88.1938775510204,100,5.7460204081632655,8.7,59.014285714285705,41.271428571428565,23.016428571428573,4.79,0.9978542739242328,83.81587458310527,0.6952060289484446
Artigas,UY-AR,2017-04-10,2017-04-16,2017,15,7,7,100.0,100.0,3,22.023469387755103,24.3,13.928571428571429,9.9,61.326530612244895,51,90.29591836734694,100,5.781326530612246,7.87,45.27857142857143,45.26428571428572,19.0,3.61,0.998168261195522,130.85314552212327,0.4640398331972775
Artigas,UY-AR,2017-04-17,2017-04-23,2017,16,7,7,100.0,100.0,3,21.69183673469388,23.7,14.328571428571427,9.5,62.275510204081634,44,92.20408163265306,99,5.951632653061225,8.17,77.48571428571428,69.37857142857142,16.398571428571426,3.41,0.9936081965419535,108.68821168148412,0.5731846675894975
Artigas,UY-AR,2017-04-24,2017-04-30,2017,17,7,7,100.0,100.0,3,21.284693877551017,24.5,11.133673469387755,7.3,52.95918367346939,40,89.43877551020408,97,5.5164285714285715,9.87,8.507142857142858,7.835714285714286,19.27642857142857,3.43,0.9923197396017353,10.94929450390823,0.47938866933061275
Artigas,UY-AR,2017-05-01,2017-05-07,2017,18,7,7,100.0,100.0,1,24.689795918367345,26.4,15.152040816326531,12.2,62.04081632653061,54,93.73469387755101,99,4.621836734693877,7.29,0.08571428571428572,0.08571428571428572,18.082857142857144,3.05,0.9974948890893656,75.07865268078804,0.9323142935144739
Artigas,UY-AR,2017-05-08,2017-05-14,2017,19,7,7,100.0,100.0,5,19.786734693877552,23.4,13.962244897959184,9.1,69.01020408163265,52,91.67346938775509,100,5.8070408163265315,7.47,87.70714285714286,63.035714285714285,11.553571428571427,3.11,0.9687038692505022,119.45644515657284,0.38523318035124865
Artigas,UY-AR,2017-05-15,2017-05-21,2017,20,7,7,100.0,100.0,3,19.116326530612245,21.3,11.308163265306122,7.8,65.55102040816327,52,94.63265306122449,100,4.784591836734694,7.75,35.65714285714286,29.021428571428572,12.000714285714286,2.29,0.9446062442956693,46.67545997233437,0.1653251375845884
Artigas,UY-AR,2017-05-22,2017-05-28,2017,21,7,7,100.0,100.0,6,19.28061224489796,23.6,13.651020408163266,7.8,76.0,53,94.15306122448979,100,5.942857142857143,7.72,100.81428571428573,80.10000000000001,8.614285714285714,2.44,0.994431033994876,90.77640039545975,0.49605359969180557
Artigas,UY-AR,2017-05-29,2017-06-04,2017,22,7,7,100.0,100.0,3,16.8234693877551,19.7,10.843877551020409,5.9,66.46938775510203,58,93.98979591836735,99,5.172755102040816,8.74,6.314285714285714,3.9,9.469999999999999,1.78,0.9954524880565876,124.44497978267896,0.6965869399708476
Artigas,UY-AR,2017-06-05,2017-06-11,2017,23,7,7,100.0,100.0,4,16.03469387755102,18.0,7.993877551020408,5.6,63.275510204081634,53,93.03061224489795,97,5.270408163265307,7.74,10.507142857142856,4.678571428571429,10.749285714285714,2.37,0.9957070164406129,204.73321177353364,0.06137256158636856
Artigas,UY-AR,2017-06-12,2017-06-18,2017,24,7,7,100.0,100.0,3,21.141836734693875,26.0,11.494897959183673,6.2,64.13265306122449,34,94.8265306122449,98,6.421530612244898,10.15,6.171428571428572,4.185714285714286,14.373571428571429,3.02,0.9978634917453392,56.87138686310348,0.5858938991400822
Artigas,UY-AR,2017-06-19,2017-06-25,2017,25,7,7,100.0,100.0,0,19.6765306122449,25.1,10.712244897959184,0.0,61.5204081632653,53,89.23469387755101,95,6.402755102040816,8.2,0.0,0.0,15.924285714285714,2.98,0.9985307219874159,43.43741137416996,0.6522483607102587
Artigas,UY-AR,2017-06-26,2017-07-02,2017,26,7,7,100.0,100.0,3,18.612244897959183,24.4,11.893877551020408,6.2,69.78571428571429,55,91.3061224489796,100,5.263571428571429,7.8,38.4,25.771428571428572,11.103571428571428,3.23,0.9953665368283724,116.30378907666146,0.36704433563465244
Artigas,UY-AR,2017-07-03,2017-07-09,2017,27,7,7,100.0,100.0,3,20.659183673469386,23.4,13.131632653061226,7.8,62.5,53,87.09183673469387,97,5.556326530612245,7.71,2.2357142857142858,1.5999999999999999,14.131428571428572,2.88,0.9977980104120192,43.69427028418918,0.9732073558082818
Artigas,UY-AR,2017-07-10,2017-07-16,2017,28,7,7,100.0,100.0,5,21.852040816326532,26.5,14.001020408163265,5.6,64.8265306122449,51,91.66326530612244,100,6.932959183673469,10.03,29.507142857142856,12.299999999999999,16.027142857142856,4.25,0.9987905158576348,35.46216653465474,0.5181394037505259
Artigas,UY-AR,2017-07-17,2017-07-23,2017,29,7,7,100.0,100.0,0,15.709183673469388,25.1,4.273469387755102,-0.7,48.357142857142854,40,84.14285714285714,94,4.707857142857143,6.77,0.0,0.0,15.914285714285715,3.52,0.9944306988048172,340.8157762286178,0.6086680049300787
Artigas,UY-AR,2017-07-24,2017-07-30,2017,30,7,7,100.0,100.0,2,25.139795918367348,27.0,16.082653061224487,13.7,53.224489795918366,43,82.12244897959184,94,5.6177551020408165,7.06,0.7857142857142858,0.6714285714285715,20.57857142857143,3.94,0.9974514952404671,32.53230460067834,0.9310415475091287
Artigas,UY-AR,2017-07-31,2017-08-06,2017,31,7,7,100.0,100.0,2,18.795918367346935,22.9,10.316326530612244,4.9,65.37755102040816,48,94.40816326530613,100,4.992244897959184,7.57,50.65714285714285,45.021428571428565,12.825000000000001,2.79,0.992367835371602,125.21387570070391,0.5523041975175497
Artigas,UY-AR,2017-08-07,2017-08-13,2017,32,7,7,100.0,100.0,6,18.96938775510204,23.0,11.477551020408162,6.9,67.23469387755101,52,93.01020408163265,99,7.512142857142857,10.56,136.72857142857143,64.60714285714286,12.995714285714286,2.53,0.9946286523501057,129.86682955415733,0.4724037719670842
Artigas,UY-AR,2017-08-14,2017-08-20,2017,33,7,7,100.0,100.0,1,20.093877551020405,24.6,7.063265306122449,4.2,50.877551020408156,36,89.41836734693878,98,5.384183673469388,11.11,8.25,8.25,19.517857142857142,3.44,0.9921298354789325,91.08745784991788,0.4410221429753889
Artigas,UY-AR,2017-08-21,2017-08-27,2017,34,7,7,100.0,100.0,3,23.884693877551022,30.0,14.093877551020409,2.1,58.683673469387756,41,84.78571428571429,98,6.672040816326531,10.51,15.307142857142857,13.4,21.228571428571428,5.0,0.9965972852883542,38.699305129469025,0.9453178165100558
Artigas,UY-AR,2017-08-28,2017-09-03,2017,35,7,7,100.0,100.0,3,25.29591836734694,30.9,14.71734693877551,6.5,59.663265306122454,53,88.20408163265306,96,7.532448979591837,10.0,8.064285714285715,4.5928571428571425,24.502857142857142,5.07,0.9967943751857087,35.48231809183455,0.5349619977843195
Artigas,UY-AR,2017-09-04,2017-09-10,2017,36,7,7,100.0,100.0,7,23.843877551020405,29.2,14.875510204081634,11.1,65.45918367346938,48,92.90816326530613,100,6.50295918367347,9.01,100.15714285714286,44.9,15.898571428571428,3.71,0.9958182908212605,110.47951758206494,0.5567264237775726
Artigas,UY-AR,2017-09-11,2017-09-17,2017,37,7,7,100.0,100.0,4,18.879591836734697,21.6,11.281632653061225,8.2,59.173469387755105,48,93.94897959183673,100,5.674285714285714,8.16,69.38571428571429,45.207142857142856,18.872857142857143,3.67,0.9966134497981154,148.72119273457028,0.6898128246767793
Artigas,UY-AR,2017-09-18,2017-09-24,2017,38,7,7,100.0,100.0,2,23.860204081632652,32.3,13.10204081632653,9.2,58.96938775510204,48,92.24489795918366,96,5.749183673469388,7.42,8.785714285714285,5.392857142857143,26.129285714285714,5.38,0.9952198070488002,112.62367329261222,0.6311446432153173
Artigas,UY-AR,2017-09-25,2017-10-01,2017,39,7,7,100.0,100.0,6,22.52551020408163,28.5,15.012244897959183,12.1,68.04081632653062,59,92.64285714285714,99,6.128469387755102,8.98,37.10714285714286,15.65,18.425714285714285,3.96,0.9959899047325022,104.70144291719373,0.8291015649244913
Artigas,UY-AR,2017-10-02,2017-10-08,2017,40,7,7,100.0,100.0,4,24.092857142857138,28.6,13.890816326530613,7.9,46.38775510204082,33,84.84693877551021,98,8.110714285714286,9.72,21.32857142857143,20.67142857142857,35.026428571428575,6.61,0.9991123151467557,32.69632145960961,0.2702984539302657
Artigas,UY-AR,2017-10-09,2017-10-15,2017,41,7,7,100.0,100.0,5,19.95918367346939,23.9,12.813265306122448,6.8,63.765306122448976,44,93.07142857142857,99,6.850816326530612,10.37,52.028571428571425,32.028571428571425,20.13,4.89,0.9977410943021899,141.6931425809705,0.7906481588494376
Artigas,UY-AR,2017-10-16,2017-10-22,2017,42,7,7,100.0,100.0,6,24.144897959183673,29.0,15.25,8.3,61.56122448979592,44,92.73469387755101,99,6.52030612244898,9.46,91.67857142857143,37.42142857142857,25.33142857142857,4.76,0.9971506900778376,106.29566711394914,0.4468774306675426
Artigas,UY-AR,2017-10-23,2017-10-29,2017,43,7,7,100.0,100.0,4,23.931632653061225,27.3,13.522448979591838,6.4,57.0,43,90.33673469387756,99,5.591224489795919,10.69,11.564285714285713,9.407142857142857,28.009999999999998,5.58,0.9960958561214829,90.89635698601833,0.5797946325724527
Artigas,UY-AR,2017-10-30,2017-11-05,2017,44,7,7,100.0,100.0,4,25.137755102040817,29.9,14.55204081632653,9.8,47.54081632653061,37,87.83673469387756,99,6.521938775510205,9.59,28.985714285714284,17.628571428571426,37.14142857142857,6.79,0.9830118536453674,126.8919911948459,0.5329370855925846
Artigas,UY-AR,2017-11-06,2017-11-12,2017,45,7,7,100.0,100.0,4,26.027551020408165,27.7,15.006122448979593,9.8,44.5,32,85.63265306122449,97,5.191122448979592,7.01,3.092857142857143,1.8857142857142857,40.222142857142856,6.54,0.9960368190454515,155.41014775476583,0.6627224496284874
Artigas,UY-AR,2017-11-13,2017-11-19,2017,46,7,7,100.0,100.0,2,26.724489795918366,34.9,13.162244897959184,8.4,39.47959183673469,31,84.64285714285714,99,6.279897959183673,10.59,11.457142857142857,11.0,41.427142857142854,8.26,0.9940979673656963,72.53528040204064,0.22826183814744433
Artigas,UY-AR,2017-11-20,2017-11-26,2017,47,7,7,100.0,100.0,2,25.259183673469387,29.6,13.207142857142857,7.8,42.08163265306122,27,84.33673469387756,97,5.888571428571429,9.05,18.435714285714283,12.157142857142857,40.39642857142857,7.44,0.9824346529694538,95.01638156211442,0.6536827001556272
Artigas,UY-AR,2017-11-27,2017-12-03,2017,48,7,7,100.0,100.0,3,29.118367346938776,30.8,16.821428571428573,12.8,43.173469387755105,30,84.07142857142857,95,6.43969387755102,7.5,9.535714285714286,6.271428571428571,45.635000000000005,7.93,0.9980937498275895,117.6876855662191,0.8506220134966054
Artigas,UY-AR,2017-12-04,2017-12-10,2017,49,7,7,100.0,100.0,3,29.883673469387755,35.2,18.562244897959182,15.1,35.69387755102041,18,82.70408163265306,94,5.6932653061224485,7.85,0.1142857142857143,0.0642857142857143,46.519999999999996,8.87,0.9736852006392941,125.04600414194094,0.5835719445605257
Artigas,UY-AR,2017-12-11,2017-12-17,2017,50,7,7,100.0,100.0,2,31.761224489795918,37.8,18.981632653061222,15.2,33.683673469387756,22,74.32653061224491,97,6.530306122448979,9.51,12.964285714285714,10.757142857142856,50.169285714285714,8.98,0.9937486790141703,89.14037514484365,0.3265590429978242
Artigas,UY-AR,2017-12-18,2017-12-24,2017,51,7,7,100.0,100.0,3,29.9265306122449,34.7,19.187755102040818,11.3,44.6530612244898,36,79.76530612244899,91,6.020102040816327,8.83,12.014285714285714,11.785714285714286,44.95428571428572,7.16,0.9988504988926399,106.62846792848872,0.8430079646840158
Artigas,UY-AR,2017-12-25,2017-12-31,2017,52,7,7,100.0,100.0,3,31.97142857142857,35.4,20.31326530612245,15.3,36.40816326530612,26,81.72448979591836,95,4.48765306122449,5.66,15.264285714285714,15.1,45.945,8.03,0.9743981989895424,102.46034904708243,0.8857430572641071
Canelones,UY-CA,2017-01-02,2017-01-08,2017,1,7,7,100.0,100.0,3,27.495238095238097,31.1,18.20952380952381,13.6,54.714285714285715,39,91.85714285714286,99,5.876190476190476,9.66,57.2,48.800000000000004,34.17,6.9,0.9988894854491536,35.93564789063754,0.4326389268316829
Canelones,UY-CA,2017-01-09,2017-01-15,2017,2,7,7,100.0,100.0,3,28.195238095238096,31.2,17.595238095238095,14.8,47.0,33,86.42857142857143,98,5.434761904761905,7.71,17.933333333333334,16.266666666666666,40.163333333333334,7.31,0.9853861449818417,60.016017574592745,0.3311584840106801
Canelones,UY-CA,2017-01-16,2017-01-22,2017,3,7,7,100.0,100.0,2,29.095238095238095,32.5,19.295238095238094,16.3,47.523809523809526,36,89.04761904761905,98,5.325238095238094,6.67,10.833333333333334,9.833333333333334,41.17,7.23,0.9994200328121943,63.53100177357585,0.6002845699642831
Canelones,UY-CA,2017-01-23,2017-01-29,2017,4,7,7,100.0,100.0,3,26.609523809523807,31.9,17.466666666666665,14.2,47.19047619047619,39,86.57142857142857,96,5.097619047619047,8.51,9.333333333333334,7.1000000000000005,37.5,6.95,0.9985901231173916,83.8067886152404,0.18829985623869067
Canelones,UY-CA,2017-01-30,2017-02-05,2017,5,7,7,100.0,100.0,6,27.690476190476193,33.3,20.166666666666664,16.7,60.61904761904761,41,95.71428571428571,100,7.035238095238095,15.12,51.56666666666666,19.266666666666666,27.96,6.59,0.9986857516993061,31.246675074117075,0.29507563271322024
Canelones,UY-CA,2017-02-06,2017-02-12,2017,6,7,7,100.0,100.0,4,24.857142857142858,28.0,17.685714285714287,13.0,59.904761904761905,46,90.61904761904762,98,5.817142857142857,9.61,8.033333333333333,5.133333333333334,28.28333333333333,5.54,0.9998211132116672,119.11693884579218,0.5467950980872928
Canelones,UY-CA,2017-02-13,2017-02-19,2017,7,7,7,100.0,100.0,5,27.78095238095238,30.6,20.02857142857143,17.5,62.0,51,96.19047619047619,100,4.643809523809524,5.95,47.233333333333334,21.099999999999998,25.816666666666666,5.49,0.9956684600396228,330.31382718947117,0.6468082390271926
Canelones,UY-CA,2017-02-20,2017-02-26,2017,8,7,7,100.0,100.0,6,30.97142857142857,32.0,21.85238095238095,21.0,60.19047619047619,54,96.66666666666666,100,3.6114285714285717,5.37,8.466666666666667,5.033333333333333,32.839999999999996,5.35,0.961868542657467,23.359141336364072,0.5929390190884196
Canelones,UY-CA,2017-02-27,2017-03-05,2017,9,7,7,100.0,100.0,6,28.514285714285712,32.8,20.714285714285715,15.9,51.476190476190474,42,88.85714285714286,98,5.085238095238095,6.75,10.966666666666667,6.1000000000000005,32.19,5.43,0.9987202827323273,46.94333530636703,0.265648110376098
Canelones,UY-CA,2017-03-06,2017-03-12,2017,10,7,7,100.0,100.0,2,24.804761904761904,29.2,16.63809523809524,11.1,48.857142857142854,38,88.0,97,5.936190476190476,9.12,40.766666666666666,40.199999999999996,30.363333333333333,5.47,0.9988988122318848,332.6527584476003,0.3458515404110322
Canelones,UY-CA,2017-03-13,2017-03-19,2017,11,7,7,100.0,100.0,2,22.428571428571427,26.2,13.823809523809524,10.5,51.0,39,87.09523809523809,99,5.168571428571428,8.25,6.9,6.166666666666667,25.946666666666665,4.65,0.9983155713031154,99.5465116380861,0.1460830246092572
Canelones,UY-CA,2017-03-20,2017-03-26,2017,12,7,7,100.0,100.0,3,25.33809523809524,26.7,16.566666666666666,11.9,56.66666666666667,46,94.66666666666666,99,4.424761904761906,6.65,8.9,5.733333333333333,22.94,3.92,0.9998066325393918,60.205852447013925,0.9693859805633585
Canelones,UY-CA,2017-03-27,2017-04-02,2017,13,7,7,100.0,100.0,2,25.604761904761908,26.7,17.433333333333334,16.2,52.0,43,88.23809523809523,96,6.023333333333333,7.23,1.5666666666666669,1.0333333333333334,26.456666666666667,4.44,0.9999371439509874,53.794233063618655,0.9769669686349829
Canelones,UY-CA,2017-04-03,2017-04-09,2017,14,7,7,100.0,100.0,4,24.900000000000002,26.7,17.247619047619047,13.8,57.57142857142857,42,92.57142857142857,99,5.623333333333333,8.27,10.066666666666666,8.6,21.506666666666668,4.43,0.9062336834177724,81.10045842622905,0.47301030483984596
Canelones,UY-CA,2017-04-10,2017-04-16,2017,15,7,7,100.0,100.0,2,20.02857142857143,22.3,12.833333333333332,9.3,57.0,46,90.14285714285714,97,5.561904761904762,10.05,26.93333333333333,26.599999999999998,17.793333333333333,3.39,0.9994875956845679,103.51999024304553,0.17093476113395967
Canelones,UY-CA,2017-04-17,2017-04-23,2017,16,7,7,100.0,100.0,2,20.48095238095238,22.1,12.428571428571429,8.9,55.42857142857143,41,90.57142857142857,99,4.748095238095238,6.76,18.9,15.700000000000001,16.16,2.85,0.9972841500274167,328.33276356217243,0.1303222366361834
Canelones,UY-CA,2017-04-24,2017-04-30,2017,17,7,7,100.0,100.0,3,20.79047619047619,23.8,12.12857142857143,10.8,53.333333333333336,44,86.9047619047619,98,5.8776190476190475,10.5,26.03333333333333,14.633333333333333,19.58,3.79,0.9996809314835956,320.0877811399041,0.636492317611715
Canelones,UY-CA,2017-05-01,2017-05-07,2017,18,7,7,100.0,100.0,1,23.452380952380953,25.1,13.004761904761905,10.5,59.142857142857146,45,95.95238095238095,100,4.207619047619048,6.26,1.2333333333333334,1.2333333333333334,16.4,2.91,0.9964277347432241,31.517076590829586,0.8340875644414834
Canelones,UY-CA,2017-05-08,2017-05-14,2017,19,7,7,100.0,100.0,5,17.823809523809523,20.3,12.428571428571429,6.8,69.85714285714286,54,92.61904761904762,97,5.074761904761905,6.8,54.7,51.5,9.103333333333333,1.89,0.9983349865491524,149.69927816044785,0.4500900347914094
Canelones,UY-CA,2017-05-15,2017-05-21,2017,20,7,7,100.0,100.0,5,17.409523809523808,21.0,10.29047619047619,7.9,68.28571428571429,62,96.61904761904762,100,6.00952380952381,9.23,41.26666666666667,30.633333333333336,9.603333333333333,1.6,0.9974280754897187,356.98294129688446,0.5072273323270075
Canelones,UY-CA,2017-05-22,2017-05-28,2017,21,7,7,100.0,100.0,5,17.595238095238095,20.3,11.514285714285716,8.8,67.61904761904762,56,93.09523809523809,100,4.628571428571428,6.36,19.5,14.266666666666666,9.44,1.9,0.9994730885129863,110.12621769096927,0.29177474697888517
Canelones,UY-CA,2017-05-29,2017-06-04,2017,22,7,7,100.0,100.0,1,15.547619047619047,16.7,7.395238095238095,5.9,66.23809523809524,54,97.04761904761905,100,3.560476190476191,4.79,1.4000000000000001,1.4000000000000001,8.783333333333333,1.57,0.996440661223077,210.72171381253855,0.3811522781994963
Canelones,UY-CA,2017-06-05,2017-06-11,2017,23,7,7,100.0,100.0,1,14.433333333333334,17.1,6.552380952380952,1.3,58.47619047619048,44,93.95238095238095,99,4.928571428571429,7.03,0.19999999999999998,0.19999999999999998,10.816666666666666,2.29,0.9992845812272853,284.2702750479139,0.6215644127454022
Canelones,UY-CA,2017-06-12,2017-06-18,2017,24,7,7,100.0,100.0,1,17.761904761904763,23.4,9.18095238095238,1.6,62.523809523809526,42,92.0,100,6.311428571428571,10.36,8.0,8.0,11.79,2.72,0.9994490283876727,344.1891095340418,0.7302393815377365
Canelones,UY-CA,2017-06-19,2017-06-25,2017,25,7,7,100.0,100.0,1,18.428571428571427,24.9,10.700000000000001,2.0,62.1904761904762,49,89.0952380952381,94,5.824761904761905,7.86,0.8000000000000002,0.8000000000000002,12.456666666666667,2.35,0.9998936304906755,353.88779290187205,0.7964368365496686
Canelones,UY-CA,2017-06-26,2017-07-02,2017,26,7,7,100.0,100.0,1,16.576190476190476,23.1,9.633333333333335,4.2,63.047619047619044,53,91.76190476190474,100,4.811428571428572,8.61,3.466666666666667,3.466666666666667,10.396666666666667,2.5,0.9996326115955293,325.53371080997243,0.5672024902062931
Canelones,UY-CA,2017-07-03,2017-07-09,2017,27,7,7,100.0,100.0,5,17.085714285714285,19.9,10.823809523809524,8.2,73.33333333333334,56,92.6190476190476,97,5.920476190476191,7.27,68.6,37.1,8.543333333333333,2.1,0.9989661080198494,46.38657578341473,0.3728933848710581
Canelones,UY-CA,2017-07-10,2017-07-16,2017,28,7,7,100.0,100.0,5,17.36190476190476,24.5,11.095238095238097,6.1,71.66666666666667,57,93.19047619047619,99,6.367619047619047,8.28,31.2,15.866666666666665,8.803333333333333,2.53,0.9986776602700674,134.04949337175927,0.1148892365987293
Canelones,UY-CA,2017-07-17,2017-07-23,2017,29,7,7,100.0,100.0,1,14.142857142857142,19.2,5.485714285714286,2.1,56.42857142857143,45,86.47619047619048,97,5.54,7.02,0.13333333333333333,0.13333333333333333,12.376666666666665,2.4,0.9990824852099669,313.96858531478614,0.6110966892896262
Canelones,UY-CA,2017-07-24,2017-07-30,2017,30,7,7,100.0,100.0,5,19.61904761904762,24.4,13.061904761904762,9.6,73.19047619047619,57,95.23809523809523,99,5.7804761904761905,7.03,27.8,12.200000000000001,10.226666666666667,2.72,0.9997679363135406,59.274467429958435,0.4992961946562881
Canelones,UY-CA,2017-07-31,2017-08-06,2017,31,7,7,100.0,100.0,2,16.14761904761905,20.9,8.29047619047619,4.1,67.28571428571429,52,95.80952380952381,100,4.687142857142858,6.46,11.3,9.366666666666667,10.4,2.31,0.9997679323844498,53.279033861586214,0.39320116855990533
Canelones,UY-CA,2017-08-07,2017-08-13,2017,32,7,7,100.0,100.0,5,16.614285714285714,20.9,11.08095238095238,5.7,71.14285714285714,59,94.71428571428571,100,7.408095238095238,14.14,48.8,22.333333333333332,9.206666666666667,2.03,0.9212625297583428,75.74402816568595,0.41874226083209765
Canelones,UY-CA,2017-08-14,2017-08-20,2017,33,7,7,100.0,100.0,3,16.723809523809525,20.8,7.114285714285714,5.0,51.47619047619048,39,89.90476190476191,97,5.531428571428571,7.55,18.3,16.366666666666667,16.253333333333334,3.01,0.9995359374176404,293.96706653603565,0.6250007861613983
Canelones,UY-CA,2017-08-21,2017-08-27,2017,34,7,7,100.0,100.0,3,19.876190476190477,24.3,11.695238095238095,1.9,70.71428571428571,44,91.57142857142857,100,5.783333333333333,7.57,96.46666666666667,52.23333333333333,12.283333333333333,3.15,0.993217205663897,17.87942417438007,0.5762738616926092
Canelones,UY-CA,2017-08-28,2017-09-03,2017,35,7,7,100.0,100.0,5,21.51904761904762,27.4,12.214285714285714,3.9,67.66666666666667,53,93.95238095238095,99,6.866666666666667,9.49,15.133333333333335,10.700000000000001,15.076666666666666,3.06,0.9989712950270118,2.0414836867604405,0.5806024608662476
Canelones,UY-CA,2017-09-04,2017-09-10,2017,36,7,7,100.0,100.0,6,18.13809523809524,22.7,12.700000000000001,7.5,71.76190476190477,53,95.85714285714286,98,6.043333333333334,8.74,78.3,36.03333333333333,11.23,2.5,0.9995505199941243,108.20338684874854,0.6232923990660911
Canelones,UY-CA,2017-09-11,2017-09-17,2017,37,7,7,100.0,100.0,4,17.466666666666665,20.3,9.104761904761904,6.5,57.80952380952381,48,94.52380952380952,100,5.135714285714286,11.93,3.3666666666666667,1.7666666666666666,16.956666666666667,3.17,0.9987146207244654,137.33650843981408,0.3989082394716657
Canelones,UY-CA,2017-09-18,2017-09-24,2017,38,7,7,100.0,100.0,2,20.24761904761905,29.5,9.433333333333334,5.8,60.0,48,94.95238095238095,100,5.154285714285714,7.6,21.33333333333333,17.366666666666664,20.869999999999997,4.03,0.9993670843403589,90.05935260946656,0.3622030867480502
Canelones,UY-CA,2017-09-25,2017-10-01,2017,39,7,7,100.0,100.0,5,19.085714285714285,22.9,12.352380952380953,9.6,64.85714285714286,51,93.23809523809523,99,5.763809523809523,7.39,24.933333333333334,9.6,15.263333333333334,3.06,0.9996422706037039,98.86049252226715,0.5336071653203022
Canelones,UY-CA,2017-10-02,2017-10-08,2017,40,7,7,100.0,100.0,2,20.923809523809524,25.7,10.866666666666665,8.6,51.42857142857143,40,90.09523809523809,100,7.901428571428572,10.17,10.033333333333331,9.799999999999999,27.25,5.61,0.999314064449149,327.9509336346674,0.3421906740500277
Canelones,UY-CA,2017-10-09,2017-10-15,2017,41,7,7,100.0,100.0,4,18.433333333333334,23.0,10.519047619047617,6.1,57.857142857142854,45,91.90476190476191,98,5.81047619047619,7.94,13.533333333333333,7.533333333333334,21.846666666666668,4.54,0.999453872031712,189.19363998302381,0.31502642975011846
Canelones,UY-CA,2017-10-16,2017-10-22,2017,42,7,7,100.0,100.0,6,20.728571428571428,27.1,11.295238095238094,7.3,60.38095238095239,40,93.57142857142857,100,7.256666666666667,9.64,36.86666666666667,18.766666666666666,22.766666666666666,5.31,0.9996664184058043,34.00852180961227,0.14156364703302005
Canelones,UY-CA,2017-10-23,2017-10-29,2017,43,7,7,100.0,100.0,3,21.9047619047619,25.3,11.961904761904762,4.8,59.047619047619044,46,92.0,98,5.064285714285715,8.41,13.033333333333333,12.4,26.443333333333335,4.82,0.9997631124473915,70.6040528611566,0.6326791355414768
Canelones,UY-CA,2017-10-30,2017-11-05,2017,44,7,7,100.0,100.0,4,22.223809523809525,24.1,13.166666666666666,10.6,46.61904761904761,35,93.85714285714286,99,5.489047619047619,8.35,36.63333333333334,24.8,30.95,5.35,0.9989031072071783,224.59352184162088,0.1251807280973174
Canelones,UY-CA,2017-11-06,2017-11-12,2017,45,7,7,100.0,100.0,4,22.585714285714285,24.4,14.385714285714286,11.9,50.523809523809526,40,89.42857142857143,97,5.6623809523809525,9.63,19.133333333333333,15.766666666666666,31.64666666666667,5.36,0.9988843303247356,289.03690230820706,0.13889030331274171
Canelones,UY-CA,2017-11-13,2017-11-19,2017,46,7,7,100.0,100.0,3,24.061904761904763,32.3,12.638095238095238,10.1,43.19047619047619,34,82.28571428571429,96,7.151428571428572,9.44,7.633333333333334,7.166666666666667,38.82333333333333,6.88,0.9992799319224472,296.76990311917353,0.2148760967133924
Canelones,UY-CA,2017-11-20,2017-11-26,2017,47,7,7,100.0,100.0,2,21.842857142857145,29.0,10.480952380952383,7.5,41.42857142857143,34,86.85714285714286,97,5.775714285714286,9.59,9.8,7.666666666666667,37.083333333333336,7.58,0.999332908001049,8.455701157343999,0.2402088877980212
Canelones,UY-CA,2017-11-27,2017-12-03,2017,48,7,7,100.0,100.0,2,24.81904761904762,27.7,13.719047619047618,9.9,42.66666666666667,32,82.23809523809523,89,6.348571428571428,8.39,0.4666666666666667,0.3333333333333333,40.983333333333334,6.89,0.999748602068921,82.25897361050265,0.7271605711973032
Canelones,UY-CA,2017-12-04,2017-12-10,2017,49,7,7,100.0,100.0,4,27.00952380952381,32.0,16.30952380952381,13.5,42.952380952380956,26,90.47619047619048,100,5.807142857142857,7.69,2.8000000000000003,1.1,39.153333333333336,7.52,0.9992653296721763,92.68850377846654,0.1768241006364675
Canelones,UY-CA,2017-12-11,2017-12-17,2017,50,7,7,100.0,100.0,3,29.676190476190474,35.9,17.276190476190475,12.6,32.047619047619044,25,75.47619047619048,94,6.607619047619047,10.52,38.66666666666667,38.46666666666667,46.626666666666665,8.77,0.9992174976835336,331.73892723545754,0.1874807468916372
Canelones,UY-CA,2017-12-18,2017-12-24,2017,51,7,7,100.0,100.0,3,25.238095238095237,30.7,15.80952380952381,10.3,50.23809523809524,42,85.19047619047619,97,5.5633333333333335,8.85,16.700000000000003,11.566666666666668,35.49333333333333,6.18,0.9996470898122877,78.73128582657706,0.681660465457186
Canelones,UY-CA,2017-12-25,2017-12-31,2017,52,7,7,100.0,100.0,1,30.190476190476193,33.5,18.895238095238092,14.2,40.0,28,85.66666666666666,95,4.946190476190476,7.52,4.033333333333334,4.033333333333334,45.06333333333333,7.29,0.9997824373621574,52.16980451743598,0.5314409206183381
Cerro Largo,UY-CL,2017-01-02,2017-01-08,2017,1,7,7,100.0,100.0,6,28.973469387755102,31.7,19.472448979591835,14.2,57.316326530612244,35,93.11224489795919,99,5.3378571428571435,7.37,26.692857142857143,13.235714285714286,33.56,6.6,0.99071322569217,64.21764116304081,0.4286833015028856
Cerro Largo,UY-CL,2017-01-09,2017-01-15,2017,2,7,7,100.0,100.0,5,28.440816326530612,32.5,17.70918367346939,14.3,54.755102040816325,39,94.37755102040816,98,5.351734693877551,7.65,39.00714285714286,19.62857142857143,35.472857142857144,6.62,0.9946533539899219,88.94987558299012,0.2900029683941678
Cerro Largo,UY-CL,2017-01-16,2017-01-22,2017,3,7,7,100.0,100.0,3,28.064285714285713,29.3,17.764285714285716,14.6,57.857142857142854,48,96.43877551020408,100,5.046326530612245,7.98,49.17142857142857,44.4,35.637142857142855,6.39,0.9771529814716444,97.42934055110545,0.7119369737065413
Cerro Largo,UY-CL,2017-01-23,2017-01-29,2017,4,7,7,100.0,100.0,3,26.740816326530613,30.9,16.68877551020408,12.4,49.56122448979592,43,94.08163265306122,99,4.850714285714285,7.74,5.378571428571429,4.678571428571429,34.79,6.52,0.993226522964148,114.96919147602706,0.30383276475266735
Cerro Largo,UY-CL,2017-01-30,2017-02-05,2017,5,7,7,100.0,100.0,7,29.067346938775508,31.9,20.975510204081633,17.9,56.734693877551024,40,96.34693877551021,100,5.00469387755102,12.59,40.48571428571429,14.700000000000001,31.97142857142857,5.94,0.9941233581518834,67.51973347304441,0.3488028305487064
Cerro Largo,UY-CL,2017-02-06,2017-02-12,2017,6,7,7,100.0,100.0,6,26.10408163265306,30.7,17.237755102040815,11.9,56.285714285714285,42,91.63265306122449,99,5.543163265306123,8.82,19.514285714285716,8.342857142857143,29.319285714285716,5.79,0.9949332354249366,110.59408939419978,0.6405543760338076
Cerro Largo,UY-CL,2017-02-13,2017-02-19,2017,7,7,7,100.0,100.0,7,28.737755102040815,31.4,20.477551020408164,19.5,65.34693877551021,56,96.74489795918369,100,4.684285714285714,6.3,48.33571428571429,27.164285714285715,27.00785714285714,4.76,0.9916450534011381,347.0404441933391,0.573086574687485
Cerro Largo,UY-CL,2017-02-20,2017-02-26,2017,8,7,7,100.0,100.0,6,29.339795918367347,31.2,20.957142857142856,19.0,64.0,52,98.16326530612244,100,3.0753061224489793,4.11,22.95,10.764285714285714,28.32714285714286,5.42,0.9934002576744593,58.751103364375126,0.44598905194908367
Cerro Largo,UY-CL,2017-02-27,2017-03-05,2017,9,7,7,100.0,100.0,5,28.379591836734694,31.5,20.117346938775512,15.9,56.367346938775505,44,94.64285714285714,100,4.852448979591836,9.0,28.11428571428571,20.707142857142856,30.470714285714287,5.39,0.9922844997892385,89.75282644564042,0.29561102420396956
Cerro Largo,UY-CL,2017-03-06,2017-03-12,2017,10,7,7,100.0,100.0,4,26.089795918367347,29.8,15.808163265306122,10.1,50.91836734693878,36,94.14285714285714,100,5.224489795918367,8.5,39.97142857142857,24.52857142857143,28.49142857142857,5.16,0.9952619500353551,100.11969951737247,0.33323952120680006
Cerro Largo,UY-CL,2017-03-13,2017-03-19,2017,11,7,7,100.0,100.0,3,23.014285714285712,29.3,11.829591836734693,9.4,54.06122448979592,40,92.09183673469387,98,4.763367346938776,8.29,17.214285714285715,14.957142857142857,25.44214285714286,4.75,0.989654082770499,141.62702896968827,0.1930230006298861
Cerro Largo,UY-CL,2017-03-20,2017-03-26,2017,12,7,7,100.0,100.0,7,24.970408163265308,27.1,16.690816326530612,12.1,61.54081632653061,49,96.45918367346938,100,4.8402040816326535,7.43,6.0928571428571425,3.0928571428571425,22.51857142857143,3.89,0.9972177773277844,93.3693788074455,0.9820611590863356
Cerro Largo,UY-CL,2017-03-27,2017-04-02,2017,13,7,7,100.0,100.0,3,24.95918367346939,26.8,17.025510204081634,15.1,54.37755102040817,46,92.83673469387756,97,5.97,8.2,1.7071428571428573,1.1642857142857144,25.52,4.38,0.9988894828495057,79.60276421657963,0.9793113970789558
Cerro Largo,UY-CL,2017-04-03,2017-04-09,2017,14,7,7,100.0,100.0,4,25.663265306122447,28.4,16.820408163265306,11.2,57.775510204081634,38,94.07142857142857,100,5.223163265306122,9.02,41.349999999999994,31.99285714285714,21.232857142857142,4.4,0.9940825720656131,78.85770375312578,0.5761363983823135
Cerro Largo,UY-CL,2017-04-10,2017-04-16,2017,15,7,7,100.0,100.0,3,20.682653061224492,25.2,13.338775510204082,10.8,62.1530612244898,50,90.70408163265306,97,5.5922448979591834,9.4,24.014285714285716,20.22142857142857,16.911428571428573,3.87,0.9950705377289283,135.94652180683667,0.4191349605875329
Cerro Largo,UY-CL,2017-04-17,2017-04-23,2017,16,7,7,100.0,100.0,5,20.207142857142856,22.6,13.517346938775509,7.1,65.07142857142857,47,94.32653061224491,100,4.958877551020408,7.06,33.528571428571425,21.314285714285713,14.075714285714286,2.96,0.9896021910314745,110.39599061711591,0.27492398440920696
Cerro Largo,UY-CL,2017-04-24,2017-04-30,2017,17,7,7,100.0,100.0,3,20.296938775510203,23.8,10.464285714285714,6.9,56.683673469387756,41,88.0408163265306,97,5.600204081632653,11.15,8.907142857142857,4.742857142857142,17.999285714285715,3.52,0.9925542263800446,320.30176755449406,0.5854437036065665
Cerro Largo,UY-CL,2017-05-01,2017-05-07,2017,18,7,7,100.0,100.0,1,23.213265306122448,25.9,12.988775510204082,6.8,61.46938775510204,43,96.5204081632653,100,3.788673469387755,6.28,0.05714285714285715,0.05714285714285715,15.856428571428571,2.78,0.9918175433810427,73.27837681489538,0.8977749044350386
Cerro Largo,UY-CL,2017-05-08,2017-05-14,2017,19,7,7,100.0,100.0,5,18.47244897959184,23.0,12.34591836734694,5.4,69.35714285714286,50,93.85714285714286,100,5.188265306122449,6.99,38.97857142857143,18.02142857142857,10.134285714285713,2.49,0.9782314590952419,171.0560464596889,0.26044616439297147
Cerro Largo,UY-CL,2017-05-15,2017-05-21,2017,20,7,7,100.0,100.0,5,18.535714285714285,21.3,10.70612244897959,6.6,64.33673469387756,53,95.41836734693878,100,5.583265306122449,9.71,29.264285714285712,25.178571428571427,11.002142857142857,2.14,0.9909317338485698,80.34211837908305,0.13394833395836125
Cerro Largo,UY-CL,2017-05-22,2017-05-28,2017,21,7,7,100.0,100.0,5,18.714285714285715,23.2,12.576530612244897,7.6,72.33673469387755,56,95.05102040816327,100,5.52234693877551,9.95,39.08571428571429,31.292857142857144,8.625714285714286,2.16,0.9898230123218148,66.03268131064618,0.3822005965679164
Cerro Largo,UY-CL,2017-05-29,2017-06-04,2017,22,7,7,100.0,100.0,2,16.392857142857142,18.3,9.25408163265306,5.1,64.88775510204081,58,95.5204081632653,100,4.094183673469388,6.69,0.30714285714285716,0.29285714285714287,9.367857142857142,1.75,0.9833174497723104,164.62515234768986,0.6069109211123412
Cerro Largo,UY-CL,2017-06-05,2017-06-11,2017,23,7,7,100.0,100.0,3,15.316326530612244,17.7,7.222448979591837,3.2,63.52040816326531,49,93.13265306122449,100,5.336734693877551,8.92,15.707142857142856,13.62142857142857,10.79857142857143,2.79,0.9924726926083618,229.8168284720388,0.2364925613203963
Cerro Largo,UY-CL,2017-06-12,2017-06-18,2017,24,7,7,100.0,100.0,2,19.42142857142857,25.0,9.95204081632653,2.6,66.96938775510205,52,93.9795918367347,100,5.2602040816326525,8.8,15.635714285714286,14.450000000000001,12.458571428571428,3.33,0.9925813653605225,32.34889577448376,0.45696737052778236
Cerro Largo,UY-CL,2017-06-19,2017-06-25,2017,25,7,7,100.0,100.0,0,18.69183673469388,24.3,9.48469387755102,0.1,62.54081632653061,47,90.86734693877551,97,4.877551020408164,7.16,0.0,0.0,13.032142857142857,2.54,0.9852864117840862,11.126114867666276,0.5137209629614637
Cerro Largo,UY-CL,2017-06-26,2017-07-02,2017,26,7,7,100.0,100.0,3,17.124489795918368,23.5,9.87857142857143,2.2,69.58163265306122,51,94.1734693877551,100,4.357755102040817,7.36,49.22857142857143,38.635714285714286,9.595714285714285,2.74,0.9914283661443787,123.43341725603774,0.11454079559017774
Cerro Largo,UY-CL,2017-07-03,2017-07-09,2017,27,7,7,100.0,100.0,4,19.930612244897958,22.4,11.073469387755102,6.9,63.816326530612244,57,93.55102040816327,100,4.388469387755102,6.32,1.4428571428571428,0.9214285714285715,11.885,2.23,0.9862890484236685,30.436453943741625,0.9068553287028791
Cerro Largo,UY-CL,2017-07-10,2017-07-16,2017,28,7,7,100.0,100.0,5,20.5,24.7,13.182653061224489,4.9,67.96938775510203,55,92.12244897959184,100,5.686530612244899,8.93,42.15,17.62142857142857,12.473571428571429,3.98,0.9846141138669218,352.30150290047715,0.36287614597362855
Cerro Largo,UY-CL,2017-07-17,2017-07-23,2017,29,7,7,100.0,100.0,1,14.826530612244897,23.3,4.057142857142857,0.4,54.44897959183674,46,87.72448979591836,100,5.160918367346938,7.91,0.014285714285714287,0.014285714285714287,13.442142857142859,2.61,0.9964542728477003,310.62608624472017,0.6549125499241834
Cerro Largo,UY-CL,2017-07-24,2017-07-30,2017,30,7,7,100.0,100.0,3,22.454081632653065,25.3,14.083673469387756,12.2,66.90816326530613,57,94.95918367346938,99,5.249387755102041,7.95,17.107142857142858,8.97857142857143,13.340714285714286,2.77,0.9874569687092765,23.949759238945482,0.7810322116787961
Cerro Largo,UY-CL,2017-07-31,2017-08-06,2017,31,7,7,100.0,100.0,3,16.939795918367345,21.6,9.161224489795918,3.6,70.01020408163265,53,96.5,100,4.7208163265306125,6.41,30.592857142857145,25.12857142857143,10.454285714285716,2.48,0.9905174794352688,119.54088996850541,0.6266649845533706
Cerro Largo,UY-CL,2017-08-07,2017-08-13,2017,32,7,7,100.0,100.0,7,17.99591836734694,21.2,11.679591836734696,7.5,70.83673469387756,52,95.23469387755101,99,6.931632653061224,12.18,99.86428571428571,46.84285714285714,10.457142857142857,2.48,0.9949884010485874,97.16824944633397,0.35983599786847564
Cerro Largo,UY-CL,2017-08-14,2017-08-20,2017,33,7,7,100.0,100.0,1,18.220408163265308,22.7,5.941836734693878,2.9,51.326530612244895,37,93.68367346938774,100,4.797755102040816,8.4,2.9857142857142853,2.9857142857142853,17.25142857142857,2.84,0.9580317369981352,294.4914837178834,0.4063118283518391
Cerro Largo,UY-CL,2017-08-21,2017-08-27,2017,34,7,7,100.0,100.0,4,22.23469387755102,29.1,12.21530612244898,1.3,61.52040816326531,42,91.55102040816327,100,5.098367346938775,7.34,10.371428571428572,10.021428571428572,17.712142857142858,3.97,0.9894050451047672,27.89076286588824,0.7998125204637403
Cerro Largo,UY-CL,2017-08-28,2017-09-03,2017,35,7,7,100.0,100.0,5,23.429591836734694,28.8,14.013265306122449,5.1,63.265306122448976,55,92.45918367346938,100,6.228367346938776,9.6,13.9,9.885714285714286,19.207857142857144,4.04,0.9959810410236842,30.001575279198338,0.5449181046081352
Cerro Largo,UY-CL,2017-09-04,2017-09-10,2017,36,7,7,100.0,100.0,7,21.956122448979592,28.8,13.93673469387755,8.5,68.82653061224491,52,95.86734693877551,100,5.618877551020408,8.29,57.050000000000004,22.50714285714286,13.512142857142857,2.82,0.988986618490755,109.90994580471315,0.5983684209281345
Cerro Largo,UY-CL,2017-09-11,2017-09-17,2017,37,7,7,100.0,100.0,6,18.11734693877551,21.4,10.166326530612244,6.8,62.622448979591844,49,96.14285714285714,100,5.871326530612245,11.91,78.88571428571429,40.99285714285714,15.457142857142857,3.36,0.9970995008774098,152.01300127546625,0.6009778654241424
Cerro Largo,UY-CL,2017-09-18,2017-09-24,2017,38,7,7,100.0,100.0,2,21.620408163265306,30.7,11.707142857142857,5.8,63.89795918367347,50,96.76530612244899,100,4.887142857142857,7.79,4.878571428571429,4.75,20.77357142857143,4.33,0.9943816328587335,117.1345385573304,0.6502602542554285
Cerro Largo,UY-CL,2017-09-25,2017-10-01,2017,39,7,7,100.0,100.0,6,20.051020408163264,24.1,13.585714285714285,11.4,68.85714285714286,52,94.46938775510205,100,5.902653061224489,8.63,34.364285714285714,17.45,14.657857142857143,3.27,0.9955308076153491,99.50980401154276,0.8820245577648248
Cerro Largo,UY-CL,2017-10-02,2017-10-08,2017,40,7,7,100.0,100.0,4,22.018367346938778,26.9,12.208163265306123,7.9,50.87755102040817,34,88.73469387755101,97,7.641836734693877,9.9,11.835714285714285,8.221428571428572,29.675714285714285,5.86,0.9983391090348219,356.9751269496703,0.19337504934888236
Cerro Largo,UY-CL,2017-10-09,2017-10-15,2017,41,7,7,100.0,100.0,6,19.129591836734694,23.2,11.700000000000001,7.1,63.52040816326531,45,92.0204081632653,100,6.005510204081633,9.45,48.82142857142857,33.95,19.43642857142857,4.74,0.9733453993036859,171.22086284374515,0.4494456292831481
Cerro Largo,UY-CL,2017-10-16,2017-10-22,2017,42,7,7,100.0,100.0,5,23.020408163265305,28.7,12.464285714285714,7.4,60.785714285714285,42,91.56122448979592,99,6.258061224489795,9.4,39.550000000000004,18.071428571428573,23.76142857142857,5.0,0.9974094931455985,86.57322762956419,0.18643809987210475
Cerro Largo,UY-CL,2017-10-23,2017-10-29,2017,43,7,7,100.0,100.0,5,22.603061224489796,26.5,12.327551020408164,4.2,58.58163265306122,47,95.64285714285714,100,5.006224489795918,8.85,11.478571428571428,8.914285714285715,25.839285714285715,4.74,0.9844717335521587,109.64131812872658,0.7614664174694677
Cerro Largo,UY-CL,2017-10-30,2017-11-05,2017,44,7,7,100.0,100.0,4,23.472448979591835,27.0,12.325510204081633,7.7,49.07142857142857,37,93.07142857142857,100,5.5140816326530615,8.72,7.021428571428571,2.692857142857143,33.74785714285714,5.43,0.9899690257303722,145.38722344401975,0.41374367670658324
Cerro Largo,UY-CL,2017-11-06,2017-11-12,2017,45,7,7,100.0,100.0,4,24.1734693877551,26.6,13.743877551020407,10.0,42.43877551020408,32,91.15306122448979,99,5.785000000000001,9.02,1.7428571428571429,1.2214285714285715,36.775,6.16,0.9953784364490711,195.91967324425755,0.22250712049851548
Cerro Largo,UY-CL,2017-11-13,2017-11-19,2017,46,7,7,100.0,100.0,1,25.975510204081633,33.2,12.153061224489795,7.6,38.5204081632653,28,88.98979591836735,98,6.074897959183674,8.83,14.207142857142857,14.207142857142857,39.86642857142857,8.28,0.9936262375413899,256.5204975949595,0.08634788313727636
Cerro Largo,UY-CL,2017-11-20,2017-11-26,2017,47,7,7,100.0,100.0,4,22.284693877551017,27.5,10.931632653061225,6.3,42.367346938775505,32,84.73469387755101,98,5.141122448979592,8.53,15.357142857142858,12.835714285714285,34.417142857142856,7.4,0.959312411884696,152.6313710750268,0.51997540319019
Cerro Largo,UY-CL,2017-11-27,2017-12-03,2017,48,7,7,100.0,100.0,4,25.916326530612245,29.0,14.187755102040816,9.9,43.142857142857146,33,87.16326530612244,98,6.94234693877551,9.01,12.35,12.185714285714285,38.055,6.9,0.9972162361395999,107.42476614434943,0.7710127324956522
Cerro Largo,UY-CL,2017-12-04,2017-12-10,2017,49,7,7,100.0,100.0,5,27.438775510204078,33.0,16.94795918367347,15.4,43.04081632653061,20,92.75510204081631,100,5.687755102040817,8.02,1.7000000000000002,0.7357142857142858,36.505,8.36,0.9864590401418839,118.7726274371013,0.34988150119918116
Cerro Largo,UY-CL,2017-12-11,2017-12-17,2017,50,7,7,100.0,100.0,2,29.836734693877553,35.7,16.67142857142857,11.6,34.734693877551024,27,82.07142857142857,94,6.237959183673469,10.56,8.45,8.2,44.82357142857143,8.16,0.9806338727776197,38.052943386416146,0.24887417855843344
Cerro Largo,UY-CL,2017-12-18,2017-12-24,2017,51,7,7,100.0,100.0,3,27.059183673469388,32.3,17.41122448979592,10.6,45.98979591836735,35,84.82653061224491,98,5.975918367346938,8.44,6.435714285714287,6.028571428571429,36.97357142857143,6.81,0.9958088588095547,106.18417682116632,0.8756309104647567
Cerro Largo,UY-CL,2017-12-25,2017-12-31,2017,52,7,7,100.0,100.0,2,31.69387755102041,34.1,18.337755102040813,11.3,32.0,20,92.70408163265306,100,4.919081632653061,7.0,7.964285714285714,7.957142857142857,46.85714285714286,7.7,0.9892277581193902,83.73952310238279,0.8946115774194543
Colonia,UY-CO,2017-01-02,2017-01-08,2017,1,7,7,100.0,100.0,3,28.369387755102043,31.6,19.851020408163265,13.4,53.30612244897959,36,90.38775510204081,100,5.636938775510203,10.0,94.24285714285713,80.54285714285713,36.30285714285714,7.24,0.9971458091885408,47.936807272714454,0.32615341135285664
Colonia,UY-CO,2017-01-09,2017-01-15,2017,2,7,7,100.0,100.0,4,28.80612244897959,32.0,18.63469387755102,14.3,48.57142857142857,32,85.79591836734694,99,5.923673469387755,9.56,21.914285714285715,10.914285714285715,41.08571428571428,7.21,0.9925644788316906,51.03100823350595,0.31391838470336597
Colonia,UY-CO,2017-01-16,2017-01-22,2017,3,7,7,100.0,100.0,3,30.042857142857144,33.1,20.777551020408165,18.7,50.244897959183675,35,87.63265306122449,97,5.587755102040816,7.12,13.2,12.228571428571428,41.325714285714284,7.27,0.9978412287271777,60.16737960282062,0.5701490539723985
Colonia,UY-CO,2017-01-23,2017-01-29,2017,4,7,7,100.0,100.0,4,27.381632653061224,32.1,17.916326530612245,12.0,42.775510204081634,34,80.85714285714286,95,5.115510204081632,7.76,0.6285714285714286,0.37142857142857144,41.77857142857143,7.7,0.9938110376409103,108.05207878313529,0.12090502247865247
Colonia,UY-CO,2017-01-30,2017-02-05,2017,5,7,7,100.0,100.0,5,28.69795918367347,34.9,20.48979591836735,16.5,52.42857142857143,35,91.0204081632653,100,6.3277551020408165,15.91,95.55714285714286,42.1,34.93714285714286,7.49,0.9906242653683849,22.455050412019844,0.16498526451630496
Colonia,UY-CO,2017-02-06,2017-02-12,2017,6,7,7,100.0,100.0,5,25.114285714285717,28.6,17.616326530612245,11.9,58.95918367346939,46,88.77551020408164,99,5.918775510204081,8.85,16.642857142857142,13.742857142857144,29.681428571428572,5.47,0.9923987412271434,116.63383239368726,0.6761340494359263
Colonia,UY-CO,2017-02-13,2017-02-19,2017,7,7,7,100.0,100.0,6,27.744897959183675,30.9,20.314285714285713,17.0,63.51020408163265,49,96.22448979591836,100,4.804489795918367,7.12,71.15714285714286,34.44285714285714,26.69571428571429,5.47,0.9906044976099143,312.54230457443805,0.5357692738676851
Colonia,UY-CO,2017-02-20,2017-02-26,2017,8,7,7,100.0,100.0,5,31.044897959183675,32.0,22.079591836734696,20.2,60.224489795918366,51,94.85714285714286,99,3.496530612244898,5.02,16.999999999999996,11.185714285714285,34.29857142857143,5.58,0.9873318027302614,347.81443685243437,0.2523335920499134
Colonia,UY-CO,2017-02-27,2017-03-05,2017,9,7,7,100.0,100.0,4,28.526530612244898,32.9,20.6734693877551,13.6,52.10204081632653,43,88.6938775510204,99,4.812244897959183,6.82,16.657142857142855,14.799999999999999,32.90142857142857,5.46,0.9958629140908198,15.4466496431695,0.20607414559403664
Colonia,UY-CO,2017-03-06,2017-03-12,2017,10,7,7,100.0,100.0,3,25.022448979591836,29.0,17.17142857142857,11.4,48.0,40,85.61224489795919,98,5.618775510204082,7.5,72.10000000000001,71.32857142857144,30.345714285714287,5.89,0.9920631886856727,332.36267048305166,0.20824861517079016
Colonia,UY-CO,2017-03-13,2017-03-19,2017,11,7,7,100.0,100.0,1,22.151020408163266,27.0,13.077551020408164,8.6,51.93877551020408,40,90.28571428571429,97,4.261428571428572,7.81,10.985714285714286,10.985714285714286,25.957142857142856,4.79,0.997513082763362,57.50668859405187,0.2324946380932653
Colonia,UY-CO,2017-03-20,2017-03-26,2017,12,7,7,100.0,100.0,4,25.226530612244897,26.7,16.76530612244898,12.3,60.795918367346935,45,94.14285714285714,99,4.203673469387755,7.14,22.285714285714285,11.014285714285714,23.872857142857143,4.07,0.9975934728805897,59.390033150825666,0.9576112438548614
Colonia,UY-CO,2017-03-27,2017-04-02,2017,13,7,7,100.0,100.0,3,25.995918367346942,27.1,17.26734693877551,15.0,56.714285714285715,47,89.63265306122449,96,6.279387755102041,7.6,1.6285714285714286,0.9428571428571428,26.692857142857143,4.65,0.9996909857310836,53.2485258004863,0.982195807986649
Colonia,UY-CO,2017-04-03,2017-04-09,2017,14,7,7,100.0,100.0,5,24.648979591836735,26.8,16.8734693877551,12.9,57.0,40,90.42857142857143,99,5.221428571428571,7.71,11.385714285714286,6.8428571428571425,21.65142857142857,4.46,0.9880441812373448,78.82260531519294,0.3360332078949402
Colonia,UY-CO,2017-04-10,2017-04-16,2017,15,7,7,100.0,100.0,2,20.440816326530612,22.5,12.073469387755102,7.3,55.244897959183675,46,89.3265306122449,98,5.374285714285714,10.34,5.428571428571429,4.785714285714286,19.22,3.9,0.997320280657452,117.36103531550081,0.3074791898299122
Colonia,UY-CO,2017-04-17,2017-04-23,2017,16,7,7,100.0,100.0,3,20.76938775510204,22.5,13.189795918367347,8.4,54.42857142857143,38,90.55102040816327,98,5.007755102040816,6.31,21.685714285714287,12.314285714285715,17.448571428571427,3.5,0.9955740213972211,175.08744001723431,0.032925588000431216
Colonia,UY-CO,2017-04-24,2017-04-30,2017,17,7,7,100.0,100.0,3,20.80204081632653,24.1,12.093877551020409,8.7,52.755102040816325,38,86.59183673469387,97,6.743265306122448,11.14,18.200000000000003,16.871428571428574,20.15,3.61,0.9246259102670099,312.85792423247614,0.4835996387643455
Colonia,UY-CO,2017-05-01,2017-05-07,2017,18,7,7,100.0,100.0,1,24.151020408163266,25.7,13.910204081632653,11.4,56.55102040816327,38,94.36734693877551,100,4.559591836734694,7.0,11.0,11.0,17.47142857142857,3.09,0.9985957282272878,32.01869515489699,0.8762131997425784
Colonia,UY-CO,2017-05-08,2017-05-14,2017,19,7,7,100.0,100.0,4,17.616326530612245,20.6,12.122448979591837,6.6,67.89795918367346,55,93.12244897959184,100,5.413673469387755,8.96,60.714285714285715,55.17142857142857,10.275714285714285,2.19,0.9890830031196922,142.8836812714664,0.7339392270973317
Colonia,UY-CO,2017-05-15,2017-05-21,2017,20,7,7,100.0,100.0,5,17.06122448979592,19.8,10.442857142857145,7.4,65.3061224489796,55,93.53061224489797,100,5.521020408163265,7.74,19.585714285714285,10.62857142857143,10.47,2.12,0.9966602791493706,340.86825007101163,0.5554912957999841
Colonia,UY-CO,2017-05-22,2017-05-28,2017,21,7,7,100.0,100.0,4,16.869387755102043,21.0,11.23469387755102,6.9,67.26530612244899,49,93.77551020408164,100,4.746326530612245,5.73,17.085714285714285,10.257142857142856,9.117142857142857,2.19,0.9974863872793182,108.4229054751738,0.3901915859259776
Colonia,UY-CO,2017-05-29,2017-06-04,2017,22,7,7,100.0,100.0,2,15.06734693877551,16.9,8.008163265306122,5.3,66.83673469387756,56,97.3061224489796,100,3.57734693877551,5.66,0.42857142857142855,0.21428571428571427,8.932857142857143,1.48,0.9925978483548928,161.81076813230342,0.2665748395605957
Colonia,UY-CO,2017-06-05,2017-06-11,2017,23,7,7,100.0,100.0,2,14.29795918367347,17.5,6.573469387755103,1.3,57.6530612244898,43,92.79591836734694,99,4.810408163265306,7.52,3.9999999999999996,3.8428571428571425,10.725714285714286,2.36,0.9968869387128453,291.59180955452973,0.5328690733184686
Colonia,UY-CO,2017-06-12,2017-06-18,2017,24,7,7,100.0,100.0,1,18.059183673469388,23.9,9.13877551020408,0.4,58.632653061224495,35,90.16326530612244,99,6.606938775510204,10.8,11.142857142857142,11.142857142857142,12.059999999999999,2.96,0.9929592255227738,355.9264121370104,0.6865383263125991
Colonia,UY-CO,2017-06-19,2017-06-25,2017,25,7,7,100.0,100.0,2,18.24285714285714,24.7,10.938775510204083,2.2,61.53061224489796,45,86.42857142857143,92,6.112040816326531,7.88,0.7999999999999999,0.7857142857142857,13.43142857142857,2.65,0.9993510827569422,357.34153483925127,0.7877105434185234
Colonia,UY-CO,2017-06-26,2017-07-02,2017,26,7,7,100.0,100.0,1,17.06734693877551,23.8,10.591836734693876,5.8,63.79591836734694,52,89.9795918367347,100,4.827551020408164,7.51,5.714285714285714,5.714285714285714,10.887142857142857,2.86,0.9968434491030652,316.93473205161297,0.4993126463613544
Colonia,UY-CO,2017-07-03,2017-07-09,2017,27,7,7,100.0,100.0,5,16.069387755102042,19.3,10.375510204081634,8.1,75.0204081632653,55,92.6734693877551,99,6.051836734693878,8.1,68.65714285714286,30.41428571428571,8.055714285714286,2.31,0.9952006797649132,50.07024089733485,0.35876854655812296
Colonia,UY-CO,2017-07-10,2017-07-16,2017,28,7,7,100.0,100.0,6,16.736734693877548,24.3,10.438775510204081,4.5,71.73469387755101,55,92.26530612244899,99,6.938775510204081,9.51,25.57142857142857,8.657142857142857,8.874285714285714,2.37,0.998379051844107,135.22963925723744,0.1790487695411674
Colonia,UY-CO,2017-07-17,2017-07-23,2017,29,7,7,100.0,100.0,1,14.442857142857141,20.2,5.618367346938776,1.1,55.08163265306122,42,83.12244897959184,96,5.671428571428572,6.84,2.242857142857143,2.242857142857143,13.521428571428572,2.51,0.8988109051541995,340.47071853077847,0.5665414426118203
Colonia,UY-CO,2017-07-24,2017-07-30,2017,30,7,7,100.0,100.0,5,19.45714285714286,24.6,13.263265306122449,10.1,71.26530612244899,55,94.48979591836735,98,6.269591836734693,8.07,26.34285714285714,8.085714285714285,11.941428571428572,3.39,0.9957956052895099,62.8482373202937,0.529200676504295
Colonia,UY-CO,2017-07-31,2017-08-06,2017,31,7,7,100.0,100.0,2,16.26734693877551,21.8,8.891836734693877,4.3,68.42857142857143,58,95.71428571428571,100,4.887142857142857,6.64,12.614285714285714,7.328571428571428,10.692857142857143,2.21,0.9971381663211102,58.25277980474964,0.396704934029554
Colonia,UY-CO,2017-08-07,2017-08-13,2017,32,7,7,100.0,100.0,5,17.071428571428573,21.4,11.277551020408163,5.7,66.3061224489796,44,93.36734693877551,100,7.183265306122449,11.04,44.471428571428575,22.542857142857144,10.817142857142857,2.28,0.997863853206051,114.81714824213546,0.19681606291848006
Colonia,UY-CO,2017-08-14,2017-08-20,2017,33,7,7,100.0,100.0,4,17.187755102040818,21.0,8.273469387755103,5.1,48.10204081632653,36,87.0,97,5.8028571428571425,8.71,24.1,23.3,17.614285714285714,3.06,0.9951864430008092,291.7109665380665,0.5293887439492616
Colonia,UY-CO,2017-08-21,2017-08-27,2017,34,7,7,100.0,100.0,4,20.189795918367345,25.3,11.83061224489796,2.0,68.14285714285714,42,91.75510204081631,100,6.29469387755102,8.8,74.57142857142857,39.81428571428571,13.224285714285715,3.42,0.9979569912810395,35.21656434295595,0.627579206885626
Colonia,UY-CO,2017-08-28,2017-09-03,2017,35,7,7,100.0,100.0,4,21.318367346938775,26.9,11.879591836734694,3.7,64.6938775510204,49,93.63265306122449,98,7.013265306122449,9.8,8.857142857142856,6.114285714285714,15.967142857142857,3.14,0.9896409117345384,358.0627764554821,0.45170614787422514
Colonia,UY-CO,2017-09-04,2017-09-10,2017,36,7,7,100.0,100.0,5,17.961224489795917,22.7,11.971428571428572,7.6,70.3265306122449,50,95.08163265306122,100,6.051020408163266,10.04,61.4,31.32857142857143,11.617142857142857,2.68,0.998742228664394,106.722735373577,0.6729623998373676
Colonia,UY-CO,2017-09-11,2017-09-17,2017,37,7,7,100.0,100.0,4,17.206122448979592,20.8,9.23469387755102,5.9,58.816326530612244,49,92.9795918367347,99,4.833673469387755,12.03,0.8857142857142857,0.39999999999999997,17.467142857142857,3.27,0.9969031354709029,124.83127026428069,0.30967000812672063
Colonia,UY-CO,2017-09-18,2017-09-24,2017,38,7,7,100.0,100.0,3,20.812244897959182,29.8,10.420408163265307,4.5,59.08163265306122,50,93.06122448979592,100,5.35061224489796,8.37,28.657142857142855,28.014285714285712,21.964285714285715,4.1,0.9947354111209277,78.37788480858488,0.5494695303338263
Colonia,UY-CO,2017-09-25,2017-10-01,2017,39,7,7,100.0,100.0,7,18.975510204081633,23.4,11.761224489795918,8.7,66.24489795918366,53,94.08163265306122,98,6.204897959183674,8.93,35.5,22.071428571428573,16.08142857142857,3.48,0.9978131861985176,103.35013055852359,0.5524069379621118
Colonia,UY-CO,2017-10-02,2017-10-08,2017,40,7,7,100.0,100.0,2,21.020408163265305,25.2,11.236734693877551,7.7,50.204081632653065,35,88.24489795918369,100,8.018571428571429,10.79,5.0285714285714285,3.0,28.602857142857143,5.75,0.998284127572704,332.60795990300227,0.34149365380495345
Colonia,UY-CO,2017-10-09,2017-10-15,2017,41,7,7,100.0,100.0,4,18.593877551020405,23.5,10.620408163265306,5.4,55.204081632653065,44,89.53061224489795,98,5.686938775510204,8.38,12.514285714285714,5.471428571428571,22.24857142857143,4.87,0.9973612783952956,172.25601579676214,0.27117817635660146
Colonia,UY-CO,2017-10-16,2017-10-22,2017,42,7,7,100.0,100.0,6,21.53265306122449,27.5,11.893877551020408,7.2,55.714285714285715,39,92.9795918367347,100,6.766326530612245,10.32,18.285714285714285,11.985714285714286,25.692857142857143,5.27,0.9986297682266124,48.218173350767806,0.16568796041437195
Colonia,UY-CO,2017-10-23,2017-10-29,2017,43,7,7,100.0,100.0,4,22.891836734693875,26.9,12.518367346938774,4.7,52.87755102040817,39,90.22448979591836,99,4.964489795918367,9.2,20.985714285714288,20.12857142857143,28.55,5.21,0.9973795382382403,70.51200878626057,0.6792906756328133
Colonia,UY-CO,2017-10-30,2017-11-05,2017,44,7,7,100.0,100.0,3,22.6,25.2,13.755102040816327,10.9,43.714285714285715,31,88.24489795918369,100,5.427142857142857,8.29,13.442857142857141,11.828571428571427,33.59571428571429,6.08,0.9954127423675062,239.5489122721532,0.11625000352652085
Colonia,UY-CO,2017-11-06,2017-11-12,2017,45,7,7,100.0,100.0,4,24.389795918367348,27.1,15.051020408163266,11.4,41.10204081632653,27,84.22448979591836,94,5.26265306122449,7.99,0.7714285714285714,0.41428571428571426,36.605714285714285,6.27,0.9954303283923982,237.63613977798838,0.2187938130402462
Colonia,UY-CO,2017-11-13,2017-11-19,2017,46,7,7,100.0,100.0,1,26.120408163265306,34.6,14.110204081632654,10.6,33.53061224489796,24,75.89795918367346,85,7.505918367346938,9.9,4.371428571428572,4.371428571428572,44.64285714285714,7.82,0.9955787999485146,310.6709422726546,0.3281320487557875
Colonia,UY-CO,2017-11-20,2017-11-26,2017,47,7,7,100.0,100.0,4,23.006122448979593,29.7,11.779591836734694,8.7,36.816326530612244,31,78.77551020408164,95,6.3914285714285715,10.85,10.200000000000001,9.385714285714286,39.79714285714286,7.93,0.9954764273615869,42.4861130488287,0.2691622167097382
Colonia,UY-CO,2017-11-27,2017-12-03,2017,48,7,7,100.0,100.0,1,26.442857142857143,29.0,14.716326530612246,9.4,38.0,26,77.28571428571429,90,6.227755102040817,8.63,3.142857142857143,3.142857142857143,44.41428571428571,7.54,0.9966705142991844,88.4555916196642,0.8308062693623863
Colonia,UY-CO,2017-12-04,2017-12-10,2017,49,7,7,100.0,100.0,3,28.579591836734696,33.5,17.842857142857145,15.6,38.755102040816325,22,85.48979591836735,94,5.405102040816327,8.83,2.5142857142857142,2.0428571428571427,42.75,8.41,0.9973726340693994,117.54019526613008,0.17467626180814866
Colonia,UY-CO,2017-12-11,2017-12-17,2017,50,7,7,100.0,100.0,4,30.928571428571427,36.2,18.389795918367348,14.1,31.224489795918366,24,72.40816326530613,95,6.604081632653061,9.39,21.7,21.514285714285712,49.75714285714286,8.57,0.9984887183171267,334.0540622625418,0.17509040650666638
Colonia,UY-CO,2017-12-18,2017-12-24,2017,51,7,7,100.0,100.0,4,26.181632653061225,32.6,16.16530612244898,10.1,44.38775510204082,26,84.65306122448979,98,5.351224489795919,8.68,9.928571428571429,5.285714285714286,35.784285714285716,6.71,0.9982775905298287,72.84165929792351,0.7428275201551435
Colonia,UY-CO,2017-12-25,2017-12-31,2017,52,7,7,100.0,100.0,2,31.932653061224492,35.4,19.975510204081633,14.5,33.755102040816325,21,76.42857142857143,92,4.828775510204082,8.34,4.614285714285715,4.585714285714286,47.614285714285714,8.17,0.9804816135335997,35.4862927666764,0.4734923989180546
Durazno,UY-DU,2017-01-02,2017-01-08,2017,1,7,7,100.0,100.0,4,28.91190476190476,31.1,19.333333333333332,13.5,55.11904761904761,33,93.35714285714286,100,6.076309523809525,9.0,66.91666666666667,34.708333333333336,35.29083333333333,6.81,0.9969391352070331,60.32824854819301,0.5104795437636725
Durazno,UY-DU,2017-01-09,2017-01-15,2017,2,7,7,100.0,100.0,5,28.934523809523807,32.1,18.270238095238096,13.8,49.345238095238095,36,90.33333333333334,98,5.450833333333334,7.57,25.033333333333335,10.541666666666666,40.034166666666664,6.79,0.997790002614094,58.848069108666245,0.3355449037230616
Durazno,UY-DU,2017-01-16,2017-01-22,2017,3,7,7,100.0,100.0,3,29.004761904761903,30.7,18.917857142857144,15.3,52.5,41,93.54761904761905,100,5.576666666666667,8.3,40.55833333333333,38.875,38.163333333333334,6.78,0.9964480178846502,83.67640942403254,0.7258829060271185
Durazno,UY-DU,2017-01-23,2017-01-29,2017,4,7,7,100.0,100.0,3,26.895238095238092,31.3,16.414285714285715,11.7,45.0595238095238,40,90.22619047619048,97,4.969285714285715,8.58,0.45833333333333337,0.35000000000000003,38.395,6.84,0.9894525086543684,110.04424559126814,0.16491064926437154
Durazno,UY-DU,2017-01-30,2017-02-05,2017,5,7,7,100.0,100.0,6,28.91904761904762,32.4,20.791666666666668,17.0,54.55952380952381,39,95.04761904761905,99,6.37452380952381,12.9,54.78333333333333,20.741666666666667,33.21083333333333,6.29,0.9949781442144338,47.42739424156605,0.2609394823300057
Durazno,UY-DU,2017-02-06,2017-02-12,2017,6,7,7,100.0,100.0,5,25.835714285714285,30.0,17.54047619047619,10.6,58.17857142857143,41,90.15476190476191,99,5.478690476190477,8.85,37.69166666666666,17.991666666666664,28.421666666666667,5.87,0.9947981899341335,116.7191191113106,0.680867340365104
Durazno,UY-DU,2017-02-13,2017-02-19,2017,7,7,7,100.0,100.0,6,27.97738095238095,30.7,20.50714285714286,17.4,64.04761904761905,50,97.21428571428571,100,4.380238095238095,5.64,75.575,31.525000000000002,26.035833333333333,5.28,0.993200009924298,346.7312301577846,0.4724091539896614
Durazno,UY-DU,2017-02-20,2017-02-26,2017,8,7,7,100.0,100.0,5,30.40952380952381,31.8,22.082142857142856,20.2,61.07142857142857,52,97.02380952380952,100,3.337380952380953,4.7,18.225,9.65,31.111666666666665,5.41,0.9418412211531376,39.72032005592079,0.37322047844988626
Durazno,UY-DU,2017-02-27,2017-03-05,2017,9,7,7,100.0,100.0,4,28.690476190476193,32.2,20.09047619047619,14.9,54.22619047619048,41,91.19047619047619,99,5.0424999999999995,8.5,4.075,2.908333333333333,32.76416666666667,5.53,0.9955090540392966,67.75840121751907,0.344032429527584
Durazno,UY-DU,2017-03-06,2017-03-12,2017,10,7,7,100.0,100.0,4,25.58809523809524,30.1,15.877380952380951,10.5,48.25,34,90.89285714285714,99,5.844404761904762,8.63,37.724999999999994,36.03333333333333,29.851666666666667,5.18,0.9962141365944632,85.43163887263937,0.32987030529850364
Durazno,UY-DU,2017-03-13,2017-03-19,2017,11,7,7,100.0,100.0,2,22.648809523809522,26.6,12.24047619047619,8.6,52.202380952380956,40,90.98809523809526,97,4.939404761904762,9.2,16.433333333333334,11.233333333333334,26.190833333333334,4.75,0.996229107638982,109.48507660438925,0.23519032112110258
Durazno,UY-DU,2017-03-20,2017-03-26,2017,12,7,7,100.0,100.0,5,25.36785714285714,26.5,16.83690476190476,11.8,58.75,47,94.33333333333334,100,5.06452380952381,7.93,9.566666666666666,7.55,23.776666666666667,4.18,0.9983692703736349,79.47073871103814,0.9818255099723551
Durazno,UY-DU,2017-03-27,2017-04-02,2017,13,7,7,100.0,100.0,2,25.660714285714285,26.8,17.014285714285716,15.3,53.785714285714285,46,92.03571428571429,97,7.028333333333333,8.39,0.65,0.5833333333333334,27.240833333333335,4.47,0.999287752275701,69.02447851799305,0.9839853519781355
Durazno,UY-DU,2017-04-03,2017-04-09,2017,14,7,7,100.0,100.0,5,25.54642857142857,27.6,17.083333333333336,11.2,57.0,39,91.97619047619048,98,5.51,8.37,45.358333333333334,42.49166666666667,21.694166666666668,4.47,0.9860137571511153,73.85430723168234,0.5215540539762652
Durazno,UY-DU,2017-04-10,2017-04-16,2017,15,7,7,100.0,100.0,2,20.357142857142858,22.5,12.798809523809524,10.0,60.083333333333336,50,91.07142857142857,98,5.407023809523809,10.43,27.725,27.508333333333336,17.985833333333332,3.7,0.9980559948392524,129.57522160399677,0.39079214431562176
Durazno,UY-DU,2017-04-17,2017-04-23,2017,16,7,7,100.0,100.0,3,20.317857142857143,22.4,12.920238095238094,6.4,59.857142857142854,44,93.54761904761905,100,5.1276190476190475,6.87,24.808333333333334,15.041666666666666,15.24,3.0,0.9800617150775853,98.48300015739171,0.12516419745182944
Durazno,UY-DU,2017-04-24,2017-04-30,2017,17,7,7,100.0,100.0,2,20.070238095238096,23.2,11.248809523809525,8.1,57.77380952380952,44,89.11904761904762,98,5.835595238095238,11.77,44.53333333333333,36.291666666666664,18.346666666666668,3.45,0.9979645066793061,325.93821265808566,0.5337497769066101
Durazno,UY-DU,2017-05-01,2017-05-07,2017,18,7,7,100.0,100.0,1,22.90595238095238,24.6,12.685714285714285,7.7,66.03571428571429,49,96.83333333333334,100,4.179166666666666,6.92,0.7666666666666666,0.7666666666666666,15.424166666666666,2.78,0.9964377571840354,59.4697329199611,0.9601878894435393
Durazno,UY-DU,2017-05-08,2017-05-14,2017,19,7,7,100.0,100.0,5,17.802380952380954,20.7,12.213095238095237,6.0,70.44047619047619,55,93.77380952380952,98,5.68547619047619,7.13,26.441666666666666,20.183333333333334,9.629999999999999,2.11,0.9743386276606127,135.94144620099573,0.6324794487756109
Durazno,UY-DU,2017-05-15,2017-05-21,2017,20,7,7,100.0,100.0,5,17.448809523809523,19.7,10.761904761904763,7.1,67.63095238095238,55,95.21428571428571,100,6.041071428571429,9.51,27.98333333333333,15.683333333333332,9.905,2.11,0.9945464764929399,51.96995195142322,0.24467734652578252
Durazno,UY-DU,2017-05-22,2017-05-28,2017,21,7,7,100.0,100.0,5,17.851190476190474,20.5,11.355952380952383,7.6,72.27380952380953,56,94.63095238095238,100,5.159999999999999,7.67,34.06666666666667,30.516666666666666,8.906666666666666,2.16,0.9700904308435254,79.48533818452046,0.3120480053753367
Durazno,UY-DU,2017-05-29,2017-06-04,2017,22,7,7,100.0,100.0,2,15.875,17.7,8.461904761904762,5.7,66.16666666666667,55,96.73809523809523,100,3.9223809523809523,5.83,0.06666666666666668,0.05833333333333334,8.94,1.78,0.9359752735496365,137.75733548217514,0.5704853278174676
Durazno,UY-DU,2017-06-05,2017-06-11,2017,23,7,7,100.0,100.0,2,14.786904761904763,17.7,6.616666666666667,0.9,60.464285714285715,46,94.48809523809523,100,5.174166666666666,8.08,2.2333333333333334,1.9166666666666667,10.676666666666666,2.52,0.9934928613140955,266.9575115663381,0.2094314414363586
Durazno,UY-DU,2017-06-12,2017-06-18,2017,24,7,7,100.0,100.0,3,18.525000000000002,24.4,9.673809523809524,0.7,64.83333333333334,33,92.78571428571429,100,5.931904761904762,9.58,4.175000000000001,3.891666666666667,12.217500000000001,2.94,0.9974352087398911,29.649871666066232,0.5428702893780086
Durazno,UY-DU,2017-06-19,2017-06-25,2017,25,7,7,100.0,100.0,0,18.629761904761903,24.8,10.226190476190476,0.5,63.98809523809524,48,90.80952380952381,98,5.694761904761904,7.44,0.0,0.0,12.753333333333334,2.69,0.9733791916170427,15.088152651093017,0.7401345591016021
Durazno,UY-DU,2017-06-26,2017-07-02,2017,26,7,7,100.0,100.0,3,16.70357142857143,24.1,10.077380952380953,3.8,66.26190476190476,49,94.03571428571429,100,4.464166666666666,7.27,18.28333333333333,9.825000000000001,9.461666666666666,2.56,0.9908462221824337,65.69012214703949,0.17953941788054287
Durazno,UY-DU,2017-07-03,2017-07-09,2017,27,7,7,100.0,100.0,5,18.85833333333333,21.4,11.888095238095238,7.2,70.48809523809524,60,94.29761904761905,100,5.2283333333333335,6.87,34.09166666666667,14.433333333333332,9.79,2.12,0.9373022823193807,42.25921069801891,0.9296941692586305
Durazno,UY-DU,2017-07-10,2017-07-16,2017,28,7,7,100.0,100.0,6,19.139285714285712,25.0,11.64404761904762,4.6,69.21428571428571,57,93.65476190476191,100,6.8480952380952385,9.84,24.958333333333332,15.266666666666666,11.745833333333334,3.06,0.9977585992673516,39.296945920524884,0.21819443738305636
Durazno,UY-DU,2017-07-17,2017-07-23,2017,29,7,7,100.0,100.0,0,14.610714285714286,22.9,4.710714285714286,0.4,54.55952380952381,42,86.38095238095238,100,5.434285714285714,7.96,0.0,0.0,13.043333333333333,2.15,0.997443058873085,315.1408242644162,0.645281191749598
Durazno,UY-DU,2017-07-24,2017-07-30,2017,30,7,7,100.0,100.0,5,21.75714285714286,25.0,14.435714285714285,12.9,69.71428571428571,56,92.75,98,6.200595238095238,8.6,17.708333333333332,9.924999999999999,12.908333333333333,3.03,0.9493913172178619,60.283630270501895,0.6916148269770906
Durazno,UY-DU,2017-07-31,2017-08-06,2017,31,7,7,100.0,100.0,3,16.210714285714285,21.8,8.688095238095238,2.5,69.20238095238095,52,96.96428571428571,100,5.017857142857143,6.86,32.875,19.091666666666665,10.215,2.2,0.9921734639917694,103.03274173309785,0.6626566226334848
Durazno,UY-DU,2017-08-07,2017-08-13,2017,32,7,7,100.0,100.0,5,17.482142857142858,20.7,11.428571428571429,6.8,68.5,54,93.53571428571429,97,7.632738095238095,12.79,76.85,32.425,10.81,2.09,0.9568865938869334,107.85251535226973,0.4950299816676743
Durazno,UY-DU,2017-08-14,2017-08-20,2017,33,7,7,100.0,100.0,1,17.435714285714287,22.1,6.279761904761904,2.9,51.488095238095234,35,92.61904761904762,100,5.403095238095238,9.6,12.075000000000001,12.075000000000001,16.21,2.97,0.9977877904892433,294.3499280912206,0.2470496874199805
Durazno,UY-DU,2017-08-21,2017-08-27,2017,34,7,7,100.0,100.0,4,21.73095238095238,26.7,12.24404761904762,1.3,65.53571428571429,41,92.15476190476191,99,5.505119047619047,7.52,97.225,35.31666666666667,15.2175,3.15,0.937213980507699,47.67296179674341,0.7380204857419549
Durazno,UY-DU,2017-08-28,2017-09-03,2017,35,7,7,100.0,100.0,4,22.808333333333334,29.5,13.336904761904762,3.5,65.53571428571429,53,92.83333333333334,98,7.146190476190476,10.56,49.05833333333333,41.50833333333333,17.7375,3.45,0.9960465867225811,24.095268792567467,0.5376596867074912
Durazno,UY-DU,2017-09-04,2017-09-10,2017,36,7,7,100.0,100.0,6,20.22142857142857,23.9,13.777380952380952,7.9,71.44047619047619,50,94.19047619047619,100,6.348571428571428,8.84,124.16666666666667,57.0,12.360833333333332,2.63,0.9981050009512262,110.77477875790522,0.6578561829360249
Durazno,UY-DU,2017-09-11,2017-09-17,2017,37,7,7,100.0,100.0,4,17.913095238095238,20.9,9.66904761904762,6.5,56.34523809523809,48,95.35714285714286,100,5.281071428571429,12.45,31.083333333333332,23.575,17.45916666666667,3.35,0.9978887956756569,137.08791812255004,0.563718396639139
Durazno,UY-DU,2017-09-18,2017-09-24,2017,38,7,7,100.0,100.0,2,21.461904761904766,31.8,10.757142857142856,6.3,60.63095238095239,48,95.72619047619048,100,5.255119047619047,7.95,6.6416666666666675,4.45,21.766666666666666,4.58,0.9964433515115861,102.96639907798728,0.590145984757047
Durazno,UY-DU,2017-09-25,2017-10-01,2017,39,7,7,100.0,100.0,7,20.25238095238095,24.2,13.441666666666666,10.7,65.30952380952381,52,93.05952380952381,100,6.22357142857143,8.88,25.208333333333336,7.95,16.37833333333333,3.36,0.9334999858089326,107.86515697161406,0.6976300245713216
Durazno,UY-DU,2017-10-02,2017-10-08,2017,40,7,7,100.0,100.0,4,22.235714285714288,26.2,12.017857142857142,8.0,49.38095238095239,31,86.76190476190477,96,8.266666666666667,9.94,2.9333333333333336,2.4250000000000003,30.169166666666666,5.85,0.9993056681969659,351.0438693577126,0.2159348738118371
Durazno,UY-DU,2017-10-09,2017-10-15,2017,41,7,7,100.0,100.0,5,19.323809523809523,23.5,10.785714285714286,5.5,56.17857142857143,43,92.67857142857143,99,6.035833333333334,9.95,10.4,6.3,21.906666666666666,4.8,0.9911043326881893,166.7653294431744,0.3629214549493188
Durazno,UY-DU,2017-10-16,2017-10-22,2017,42,7,7,100.0,100.0,6,22.070238095238096,27.6,12.48095238095238,7.4,59.904761904761905,43,92.39285714285714,100,7.024166666666667,10.17,50.15833333333333,34.958333333333336,23.7275,5.21,0.9978077130099136,86.3834414027336,0.25062136798020446
Durazno,UY-DU,2017-10-23,2017-10-29,2017,43,7,7,100.0,100.0,4,22.567857142857143,26.9,12.595238095238097,3.3,59.226190476190474,44,92.80952380952382,99,5.393690476190477,10.16,26.216666666666665,19.516666666666666,26.405,4.87,0.9969928947701429,90.91413019028651,0.7340422776328909
Durazno,UY-DU,2017-10-30,2017-11-05,2017,44,7,7,100.0,100.0,4,23.447619047619046,26.6,12.998809523809525,8.2,45.345238095238095,35,90.89285714285714,99,5.460119047619047,9.29,27.416666666666664,15.174999999999999,33.7325,5.75,0.996240039514079,156.4116648702767,0.3132882335995065
Durazno,UY-DU,2017-11-06,2017-11-12,2017,45,7,7,100.0,100.0,3,24.37261904761905,26.5,14.086904761904762,10.3,43.226190476190474,32,89.25,97,5.754642857142857,8.67,5.625,2.65,36.48916666666666,6.07,0.9981471552303253,197.34629251187238,0.1655592515122672
Durazno,UY-DU,2017-11-13,2017-11-19,2017,46,7,7,100.0,100.0,2,25.895238095238096,33.5,13.369047619047619,8.6,36.166666666666664,27,81.89285714285714,95,6.952738095238095,10.29,2.8833333333333333,1.5833333333333333,42.608333333333334,8.06,0.9473583577414101,349.76674692612175,0.2650178327595549
Durazno,UY-DU,2017-11-20,2017-11-26,2017,47,7,7,100.0,100.0,5,22.859523809523807,28.8,11.454761904761906,6.4,39.273809523809526,32,83.84523809523809,97,6.211309523809524,9.72,15.041666666666668,8.375,37.652499999999996,7.51,0.9958513787075739,84.60705182473113,0.2750479363497137
Durazno,UY-DU,2017-11-27,2017-12-03,2017,48,7,7,100.0,100.0,4,27.04404761904762,28.7,14.258333333333335,8.8,37.452380952380956,30,84.76190476190477,94,7.058452380952381,8.86,1.8583333333333336,1.7583333333333335,44.56666666666666,7.26,0.9989151623431457,97.60597083606953,0.7739558904219302
Durazno,UY-DU,2017-12-04,2017-12-10,2017,49,7,7,100.0,100.0,6,29.057142857142857,33.9,17.436904761904763,15.4,34.083333333333336,20,88.16666666666666,100,6.002857142857144,7.8,0.5666666666666667,0.20833333333333334,42.97,8.63,0.9703951052608996,168.95712217513017,0.15966069796200405
Durazno,UY-DU,2017-12-11,2017-12-17,2017,50,7,7,100.0,100.0,2,30.566666666666666,36.2,17.498809523809523,13.1,30.916666666666668,23,76.02380952380952,93,6.461190476190476,11.01,17.208333333333332,17.2,47.82083333333333,8.17,0.9984941740700153,38.728578373455434,0.14054661606500657
Durazno,UY-DU,2017-12-18,2017-12-24,2017,51,7,7,100.0,100.0,3,27.379761904761903,32.7,16.322619047619046,9.5,45.57142857142857,36,83.79761904761905,96,6.1865476190476185,9.27,11.258333333333333,10.533333333333333,39.48916666666666,6.73,0.9985920862278058,93.06782376970146,0.7740061411896216
Durazno,UY-DU,2017-12-25,2017-12-31,2017,52,7,7,100.0,100.0,2,31.90952380952381,34.9,19.542857142857144,13.8,33.79761904761905,23,83.67857142857143,94,4.678214285714286,7.31,13.783333333333331,13.683333333333332,47.2275,7.51,0.9907128846851465,69.83725894437579,0.6411975772549958
Flores,UY-FS,2017-01-02,2017-01-08,2017,1,7,7,100.0,100.0,3,28.108571428571427,30.5,18.937142857142856,13.1,55.0,34,93.17142857142858,100,5.694857142857143,9.98,90.4,55.82000000000001,34.062,6.79,0.9967543982103514,54.762824574680344,0.40327618140943344
Flores,UY-FS,2017-01-09,2017-01-15,2017,2,7,7,100.0,100.0,4,28.565714285714286,30.9,17.742857142857144,14.0,49.771428571428565,36,89.6,100,5.638571428571429,7.63,20.96,10.360000000000001,39.96,6.77,0.9948444081194426,40.03862106739579,0.3324917601563018
Flores,UY-FS,2017-01-16,2017-01-22,2017,3,7,7,100.0,100.0,3,29.085714285714285,31.0,19.39428571428571,16.9,51.65714285714286,42,91.14285714285714,97,5.150857142857142,7.45,22.46,20.78,38.339999999999996,6.66,0.9966872526265316,69.47688949771974,0.650843115154044
Flores,UY-FS,2017-01-23,2017-01-29,2017,4,7,7,100.0,100.0,3,26.557142857142857,31.2,16.294285714285714,11.4,46.08571428571429,38,86.62857142857142,95,4.8188571428571425,7.83,1.2,0.8,38.519999999999996,6.93,0.9924744426772649,119.62693340713864,0.07056410841236115
Flores,UY-FS,2017-01-30,2017-02-05,2017,5,7,7,100.0,100.0,6,28.082857142857144,32.4,19.96,16.5,56.199999999999996,44,94.82857142857142,100,6.398000000000001,15.04,44.9,17.16,31.904,6.52,0.9973876245826112,33.897374446536624,0.2690385695306762
Flores,UY-FS,2017-02-06,2017-02-12,2017,6,7,7,100.0,100.0,4,25.497142857142858,29.0,17.145714285714284,11.3,57.4,44,89.28571428571429,99,5.436285714285715,7.92,27.18,12.239999999999998,29.124,5.73,0.9970936983954148,121.6191575772268,0.6480719576396169
Flores,UY-FS,2017-02-13,2017-02-19,2017,7,7,7,100.0,100.0,6,27.62,30.0,19.602857142857143,17.0,63.82857142857143,52,97.05714285714285,100,4.189142857142857,6.0,86.17999999999999,45.36,26.055999999999997,5.38,0.9764020013295684,325.5495310408765,0.5275965642276672
Flores,UY-FS,2017-02-20,2017-02-26,2017,8,7,7,100.0,100.0,5,30.82,31.7,21.622857142857146,20.6,58.114285714285714,50,96.54285714285713,100,3.1302857142857143,4.67,10.1,6.34,32.534,5.37,0.9860403797577539,343.27351538700117,0.22276564933924514
Flores,UY-FS,2017-02-27,2017-03-05,2017,9,7,7,100.0,100.0,5,28.602857142857143,32.0,19.86285714285714,14.1,51.68571428571429,40,89.48571428571428,99,4.672857142857143,7.5,4.279999999999999,3.78,32.634,5.37,0.9977537837855135,40.52542890208068,0.20670037534050167
Flores,UY-FS,2017-03-06,2017-03-12,2017,10,7,7,100.0,100.0,3,25.13714285714286,29.4,15.842857142857143,10.9,47.48571428571428,35,88.39999999999999,98,5.430857142857143,7.44,50.06,49.06,29.462,5.3,0.9857820977187112,35.124377218958074,0.17987528645986467
Flores,UY-FS,2017-03-13,2017-03-19,2017,11,7,7,100.0,100.0,2,22.222857142857144,26.6,11.877142857142857,8.4,51.6,41,90.62857142857142,96,4.327714285714285,8.42,14.839999999999998,14.719999999999999,25.692,4.68,0.9972732015857979,79.70043242917076,0.1739152427251972
Flores,UY-FS,2017-03-20,2017-03-26,2017,12,7,7,100.0,100.0,4,25.034285714285716,26.0,16.15714285714286,11.7,60.457142857142856,48,94.88571428571429,100,4.377142857142857,6.81,13.82,8.84,23.178,4.16,0.9948070461661808,68.5506285958072,0.9695728440047652
Flores,UY-FS,2017-03-27,2017-04-02,2017,13,7,7,100.0,100.0,1,25.680000000000003,26.6,16.554285714285715,15.2,54.31428571428571,46,91.60000000000001,96,6.297142857142857,7.4,0.2,0.2,26.502,4.48,0.9981054878324913,59.38043471459282,0.984044997835319
Flores,UY-FS,2017-04-03,2017-04-09,2017,14,7,7,100.0,100.0,5,25.16857142857143,27.4,16.642857142857142,12.9,55.08571428571429,36,91.28571428571429,99,5.250285714285715,7.46,23.92,21.62,21.822,4.39,0.9839036786968124,105.78881707968814,0.4374924831593632
Flores,UY-FS,2017-04-10,2017-04-16,2017,15,7,7,100.0,100.0,2,20.268571428571427,21.8,11.588571428571429,7.4,57.228571428571435,48,90.51428571428572,99,5.194285714285714,9.93,8.26,8.08,18.582,3.68,0.996652822820791,123.89923260734129,0.3577537309267766
Flores,UY-FS,2017-04-17,2017-04-23,2017,16,7,7,100.0,100.0,3,20.297142857142855,22.0,12.325714285714286,7.3,56.42857142857143,42,91.71428571428571,97,4.833142857142858,6.45,17.060000000000002,11.940000000000001,16.346,2.95,0.9946083268858138,159.56283650850267,0.11433975556134708
Flores,UY-FS,2017-04-24,2017-04-30,2017,17,7,7,100.0,100.0,3,20.374285714285715,23.1,11.120000000000001,8.1,54.028571428571425,42,88.34285714285714,97,6.194285714285714,10.7,16.22,13.3,19.0,3.45,0.9921269230102391,323.5405681308657,0.5709657942014214
Flores,UY-FS,2017-05-01,2017-05-07,2017,18,7,7,100.0,100.0,1,23.18285714285714,24.3,12.508571428571429,8.3,61.05714285714286,44,96.60000000000001,100,3.9717142857142855,6.72,4.96,4.96,15.904,2.88,0.9912099463874473,42.7032885812004,0.9046499417965209
Flores,UY-FS,2017-05-08,2017-05-14,2017,19,7,7,100.0,100.0,4,17.725714285714286,20.1,11.574285714285713,6.2,68.14285714285714,54,93.88571428571429,100,5.271714285714286,7.42,50.58,46.08,9.624,2.09,0.9973839528364271,140.5472980341985,0.7057843175798914
Flores,UY-FS,2017-05-15,2017-05-21,2017,20,7,7,100.0,100.0,3,16.96857142857143,18.9,9.725714285714286,7.3,66.74285714285715,54,95.48571428571428,100,5.6411428571428575,7.66,27.62,16.84,9.472,2.05,0.9528847287501314,339.2578985075802,0.2865425644118155
Flores,UY-FS,2017-05-22,2017-05-28,2017,21,7,7,100.0,100.0,4,16.81142857142857,20.1,10.454285714285716,7.3,71.02857142857142,55,94.45714285714287,100,4.908,6.19,26.94,17.9,8.394,2.04,0.9974072750195024,118.27206384333613,0.3624461144616319
Flores,UY-FS,2017-05-29,2017-06-04,2017,22,7,7,100.0,100.0,2,15.440000000000001,17.5,7.385714285714286,5.1,65.28571428571429,55,97.8,100,3.617142857142857,5.3,0.36,0.22000000000000003,9.004,1.59,0.9891945372607027,168.08463891726618,0.36153125668097746
Flores,UY-FS,2017-06-05,2017-06-11,2017,23,7,7,100.0,100.0,2,14.40857142857143,17.3,5.822857142857143,1.2,58.885714285714286,46,93.91428571428571,99,4.822857142857143,6.93,1.5999999999999999,1.4,10.496,2.28,0.9905206980430371,290.47514830210105,0.3911910515607113
Flores,UY-FS,2017-06-12,2017-06-18,2017,24,7,7,100.0,100.0,2,17.89142857142857,23.8,8.902857142857142,0.6,60.94285714285714,33,90.37142857142858,100,6.210857142857143,10.08,5.239999999999999,5.1,11.862,2.93,0.98692609432369,9.80097049213421,0.6296485683184548
Flores,UY-FS,2017-06-19,2017-06-25,2017,25,7,7,100.0,100.0,1,18.41142857142857,24.3,9.934285714285712,0.7,62.57142857142857,48,89.34285714285714,94,5.792857142857143,7.54,0.3,0.3,12.698,2.41,0.9991509143813568,0.044893370679397276,0.7630478088584156
Flores,UY-FS,2017-06-26,2017-07-02,2017,26,7,7,100.0,100.0,2,16.954285714285714,23.5,9.454285714285714,3.6,61.65714285714285,52,92.14285714285714,100,4.333142857142857,7.19,5.859999999999999,5.779999999999999,10.184,2.42,0.9643249723073932,321.64797856642645,0.21786274017141757
Flores,UY-FS,2017-07-03,2017-07-09,2017,27,7,7,100.0,100.0,5,17.454285714285714,20.0,10.700000000000001,7.5,73.68571428571428,60,95.31428571428572,99,5.878,7.34,64.42,33.12,8.622,2.1,0.9903503838764246,40.53055598661771,0.39347790649764663
Flores,UY-FS,2017-07-10,2017-07-16,2017,28,7,7,100.0,100.0,6,17.822857142857142,24.5,10.805714285714286,4.7,70.25714285714285,56,93.54285714285713,100,6.631714285714286,9.34,22.44,11.08,9.764,2.55,0.9942506690845592,112.54808337496968,0.16470402890078076
Flores,UY-FS,2017-07-17,2017-07-23,2017,29,7,7,100.0,100.0,1,14.31142857142857,21.2,4.422857142857143,0.5,53.857142857142854,41,84.77142857142857,96,5.370571428571429,6.51,0.1,0.1,12.707999999999998,2.27,0.9979982905526317,316.54068289583677,0.6905926567234718
Flores,UY-FS,2017-07-24,2017-07-30,2017,30,7,7,100.0,100.0,5,20.694285714285712,24.4,13.462857142857143,10.1,70.6,57,93.97142857142856,99,6.003428571428572,7.8,16.880000000000003,6.720000000000001,11.672,2.95,0.9993248320120804,59.26529161578379,0.49632240579427067
Flores,UY-FS,2017-07-31,2017-08-06,2017,31,7,7,100.0,100.0,2,16.04285714285714,21.4,8.217142857142857,3.1,69.62857142857142,56,96.57142857142857,100,4.797714285714286,6.69,34.8,24.46,10.2,2.09,0.9861213902673007,63.35067281471377,0.4183282691474139
Flores,UY-FS,2017-08-07,2017-08-13,2017,32,7,7,100.0,100.0,5,17.03142857142857,20.5,10.842857142857143,5.7,67.65714285714286,55,94.34285714285714,99,7.452857142857143,11.76,51.38,29.419999999999998,10.31,1.88,0.9968563011110165,118.30599423140096,0.33698343836402284
Flores,UY-FS,2017-08-14,2017-08-20,2017,33,7,7,100.0,100.0,3,17.08857142857143,21.0,6.471428571428571,4.3,50.34285714285714,34,89.68571428571428,97,5.572285714285714,9.13,18.18,17.96,16.48,2.99,0.9970369056724512,287.5808130332847,0.423639722514158
Flores,UY-FS,2017-08-21,2017-08-27,2017,34,7,7,100.0,100.0,4,20.68285714285714,24.9,11.617142857142856,1.0,68.94285714285715,42,92.25714285714285,100,5.563142857142857,8.13,131.62,63.279999999999994,12.966,3.06,0.9933240601899753,31.91917904481884,0.5740697228321496
Flores,UY-FS,2017-08-28,2017-09-03,2017,35,7,7,100.0,100.0,3,21.8,28.2,12.482857142857144,3.4,65.14285714285714,50,92.88571428571429,98,6.763428571428571,8.8,25.0,20.44,15.899999999999999,3.05,0.9977846731712325,8.9103032442761,0.5099987558170793
Flores,UY-FS,2017-09-04,2017-09-10,2017,36,7,7,100.0,100.0,5,18.791428571428572,23.5,12.897142857142857,7.7,70.45714285714286,52,95.08571428571429,99,6.101999999999999,8.73,97.12,35.56,11.690000000000001,2.54,0.9988710396081102,109.97703109719654,0.6316290879186568
Flores,UY-FS,2017-09-11,2017-09-17,2017,37,7,7,100.0,100.0,4,17.27714285714286,21.1,8.76,5.2,57.17142857142857,49,94.51428571428572,99,4.707142857142857,10.84,3.36,2.44,16.972,3.19,0.9932929203576076,135.7010225709535,0.4802909908100346
Flores,UY-FS,2017-09-18,2017-09-24,2017,38,7,7,100.0,100.0,2,21.094285714285714,30.9,9.680000000000001,4.8,59.57142857142857,49,95.65714285714286,100,5.102857142857142,7.86,16.72,15.8,21.626,4.39,0.9959774400146308,91.09251050936581,0.5309174338100396
Flores,UY-FS,2017-09-25,2017-10-01,2017,39,7,7,100.0,100.0,7,19.517142857142858,23.8,12.022857142857143,9.0,64.11428571428571,52,94.08571428571429,98,5.997142857142857,8.63,25.54,14.76,15.884,3.29,0.9965297307762675,105.34534930837899,0.5725954717596111
Flores,UY-FS,2017-10-02,2017-10-08,2017,40,7,7,100.0,100.0,3,21.611428571428572,25.5,10.98,7.6,49.857142857142854,31,87.0,93,7.936,10.13,4.0600000000000005,3.0200000000000005,28.958,5.53,0.9978153696190966,335.01571635707984,0.2743175401639958
Flores,UY-FS,2017-10-09,2017-10-15,2017,41,7,7,100.0,100.0,4,18.89428571428571,23.3,9.825714285714286,4.9,55.628571428571426,43,90.2,100,5.538857142857142,8.54,10.66,5.26,21.526,4.79,0.9982182377296478,177.45133198291086,0.3439241497805856
Flores,UY-FS,2017-10-16,2017-10-22,2017,42,7,7,100.0,100.0,6,21.388571428571428,26.7,11.305714285714286,7.3,57.971428571428575,43,93.05714285714285,100,6.76657142857143,9.71,21.900000000000002,17.240000000000002,23.714,5.17,0.9972887187030706,59.27702159344034,0.17853139722419828
Flores,UY-FS,2017-10-23,2017-10-29,2017,43,7,7,100.0,100.0,4,22.425714285714285,26.3,11.885714285714286,3.9,56.08571428571429,43,93.11428571428571,100,4.8022857142857145,9.36,28.08,22.6,26.650000000000002,4.85,0.9954829138535072,77.26174524594256,0.6891213368647168
Flores,UY-FS,2017-10-30,2017-11-05,2017,44,7,7,100.0,100.0,4,22.954285714285714,24.9,12.642857142857142,9.3,44.114285714285714,32,89.71428571428571,100,5.185428571428572,8.3,20.680000000000003,19.78,33.07,5.59,0.99534650142089,179.59766704069028,0.1760928642050748
Flores,UY-FS,2017-11-06,2017-11-12,2017,45,7,7,100.0,100.0,4,24.365714285714287,26.4,13.928571428571429,10.8,41.25714285714286,30,85.34285714285714,95,5.297714285714285,7.72,1.2000000000000002,0.62,36.572,6.08,0.9973034278990598,221.1830482444257,0.13819379945247778
Flores,UY-FS,2017-11-13,2017-11-19,2017,46,7,7,100.0,100.0,3,25.98,33.5,13.148571428571428,9.7,34.51428571428571,26,79.02857142857144,91,6.759142857142857,9.89,3.8,3.44,42.984,7.52,0.99013741259627,331.7483702387803,0.3138492634649196
Flores,UY-FS,2017-11-20,2017-11-26,2017,47,7,7,100.0,100.0,3,23.425714285714285,29.2,11.254285714285714,7.6,34.77142857142857,30,80.82857142857142,93,6.113142857142857,9.79,6.24,5.46,39.804,7.95,0.9931389023156486,69.11352328221828,0.24584225693588305
Flores,UY-FS,2017-11-27,2017-12-03,2017,48,7,7,100.0,100.0,1,26.888571428571428,28.8,14.017142857142858,9.0,35.885714285714286,27,81.22857142857143,93,6.277142857142857,8.45,3.12,3.12,44.82,7.4,0.9986707825436925,89.55537631854486,0.7863470139312926
Flores,UY-FS,2017-12-04,2017-12-10,2017,49,7,7,100.0,100.0,4,29.065714285714286,33.9,16.825714285714287,15.1,33.285714285714285,22,88.85714285714286,96,5.498571428571429,7.25,2.8600000000000003,2.3600000000000003,42.31,8.41,0.9964694679032242,129.3122303528002,0.12645064759484112
Flores,UY-FS,2017-12-11,2017-12-17,2017,50,7,7,100.0,100.0,3,30.771428571428572,36.1,17.40857142857143,13.3,29.400000000000002,24,73.45714285714287,94,6.2788571428571425,9.83,23.66,23.54,48.79,8.11,0.9970641575812396,350.39461969549876,0.1195415474219001
Flores,UY-FS,2017-12-18,2017-12-24,2017,51,7,7,100.0,100.0,3,26.52285714285714,32.7,15.594285714285714,9.6,45.48571428571428,32,83.57142857142857,96,5.501142857142857,8.54,10.28,9.78,36.884,6.54,0.9968689486601187,83.57706786243286,0.7369378970580567
Flores,UY-FS,2017-12-25,2017-12-31,2017,52,7,7,100.0,100.0,2,32.11142857142857,35.5,19.139999999999997,14.4,32.34285714285714,25,79.8,90,4.381428571428572,7.02,7.04,6.94,47.352000000000004,7.73,0.9975364572502813,56.58996077593942,0.5231202745648484
Florida,UY-FD,2017-01-02,2017-01-08,2017,1,7,7,100.0,100.0,3,27.96142857142857,30.5,17.86857142857143,12.6,54.457142857142856,32,93.11428571428571,99,6.1088571428571425,9.67,50.7,25.68,34.507999999999996,6.82,0.9979195062890559,42.74515891473768,0.42234232144242384
Florida,UY-FD,2017-01-09,2017-01-15,2017,2,7,7,100.0,100.0,5,28.292857142857144,31.1,16.99142857142857,12.6,47.542857142857144,35,89.68571428571428,99,5.451714285714286,7.26,19.26,13.680000000000001,39.387,6.98,0.9950866814768771,33.038853452851654,0.3484175144186754
Florida,UY-FD,2017-01-16,2017-01-22,2017,3,7,7,100.0,100.0,3,28.552857142857142,31.2,18.465714285714284,15.1,50.75714285714286,39,91.87142857142858,99,5.286428571428571,7.51,24.830000000000002,23.57,38.538000000000004,6.81,0.9963217907720915,71.24546950655238,0.6521649116152953
Florida,UY-FD,2017-01-23,2017-01-29,2017,4,7,7,100.0,100.0,3,26.37142857142857,31.2,16.00857142857143,11.6,46.614285714285714,39,90.31428571428572,97,4.969714285714285,8.11,4.38,3.7299999999999995,36.67,6.73,0.9950571239487056,83.83032145760463,0.11390983655956696
Florida,UY-FD,2017-01-30,2017-02-05,2017,5,7,7,100.0,100.0,5,28.014285714285712,32.8,20.117142857142856,16.5,57.84285714285714,42,95.98571428571428,100,6.8224285714285715,14.6,62.07000000000001,20.48,28.9,6.36,0.9966051474397849,34.454260505141235,0.2795514789804517
Florida,UY-FD,2017-02-06,2017-02-12,2017,6,7,7,100.0,100.0,5,25.23428571428571,28.5,16.90285714285714,11.2,59.81428571428571,47,90.87142857142858,99,5.683571428571428,9.07,26.9,9.91,28.009,5.42,0.9975364993775317,120.03606994476242,0.5876609333536243
Florida,UY-FD,2017-02-13,2017-02-19,2017,7,7,7,100.0,100.0,6,27.611428571428572,30.4,19.712857142857143,16.6,63.285714285714285,52,97.15714285714286,100,4.605714285714286,5.76,65.50999999999999,28.169999999999998,25.395,5.31,0.9892312088748175,338.89796736899,0.5623522849727756
Florida,UY-FD,2017-02-20,2017-02-26,2017,8,7,7,100.0,100.0,6,30.462857142857143,31.5,21.284285714285716,20.2,59.457142857142856,52,96.98571428571428,100,3.3094285714285716,5.1,7.1499999999999995,4.2299999999999995,31.658,5.17,0.9551739017074367,22.16639164776002,0.39341599890924067
Florida,UY-FD,2017-02-27,2017-03-05,2017,9,7,7,100.0,100.0,5,28.29,32.1,19.577142857142857,14.2,52.557142857142864,38,90.42857142857143,98,4.735285714285714,7.2,3.5100000000000002,1.43,31.811000000000003,5.38,0.9975128810640541,51.31781129979241,0.2648020526194245
Florida,UY-FD,2017-03-06,2017-03-12,2017,10,7,7,100.0,100.0,4,24.919999999999998,29.1,15.45857142857143,10.2,48.5,34,90.12857142857142,97,5.692,8.3,32.6,31.380000000000003,29.576,5.3,0.988489490291205,9.418521704061776,0.22893890856586882
Florida,UY-FD,2017-03-13,2017-03-19,2017,11,7,7,100.0,100.0,2,22.388571428571428,26.5,11.952857142857143,8.4,50.228571428571435,40,89.45714285714287,98,4.906142857142858,8.23,14.91,11.85,25.512,4.65,0.9985631085880751,89.6021960740898,0.13629730712787472
Florida,UY-FD,2017-03-20,2017-03-26,2017,12,7,7,100.0,100.0,4,24.90285714285714,26.1,16.384285714285713,11.5,59.55714285714286,48,95.34285714285714,100,4.704,6.89,11.63,9.42,22.39,3.99,0.9965156594406533,66.36354861952938,0.9822424614244631
Florida,UY-FD,2017-03-27,2017-04-02,2017,13,7,7,100.0,100.0,2,25.17142857142857,26.4,16.74857142857143,15.0,53.42857142857143,45,91.25714285714285,97,6.401428571428572,7.39,0.9,0.8,25.978,4.34,0.9980397263582328,59.18555337508716,0.9823716591384066
Florida,UY-FD,2017-04-03,2017-04-09,2017,14,7,7,100.0,100.0,4,24.99142857142857,27.0,16.72714285714286,10.9,56.51428571428572,40,93.48571428571428,100,5.684857142857142,8.34,23.62,22.44,21.183999999999997,4.29,0.9296878479460318,65.1710326621587,0.5205107170393701
Florida,UY-FD,2017-04-10,2017-04-16,2017,15,7,7,100.0,100.0,2,19.77285714285714,22.0,11.93142857142857,8.7,58.84285714285714,52,91.02857142857144,98,5.2498571428571426,10.12,30.909999999999997,30.669999999999998,17.39,3.42,0.9958514489543691,121.8220431718892,0.31819181752391457
Florida,UY-FD,2017-04-17,2017-04-23,2017,16,7,7,100.0,100.0,3,20.108571428571427,21.7,11.992857142857144,6.7,57.65714285714286,42,92.15714285714286,99,4.788285714285714,6.74,14.989999999999998,8.28,15.567,2.87,0.9955134683175741,358.64115972103684,0.10436946855551023
Florida,UY-FD,2017-04-24,2017-04-30,2017,17,7,7,100.0,100.0,2,20.020000000000003,23.2,11.154285714285715,7.9,56.471428571428575,44,88.81428571428572,98,5.789285714285714,10.61,32.620000000000005,22.28,18.442999999999998,3.63,0.9984993572645781,322.51860956311486,0.6031094605107556
Florida,UY-FD,2017-05-01,2017-05-07,2017,18,7,7,100.0,100.0,1,22.892857142857142,24.4,12.392857142857142,8.4,62.771428571428565,46,96.51428571428572,100,4.0164285714285715,6.24,0.62,0.62,15.753,2.79,0.9913006306169965,41.08976619989136,0.9016127410879993
Florida,UY-FD,2017-05-08,2017-05-14,2017,19,7,7,100.0,100.0,5,17.702857142857145,20.1,11.415714285714285,5.4,69.64285714285714,53,95.3,99,5.429857142857143,8.13,53.78,51.21,8.711,2.0,0.9782189175079093,143.2082297971659,0.5502383616410984
Florida,UY-FD,2017-05-15,2017-05-21,2017,20,7,7,100.0,100.0,5,17.00857142857143,20.3,9.892857142857142,6.7,69.2,61,97.12857142857142,100,6.002142857142857,9.58,35.49,24.93,9.106,1.76,0.9547840734055659,355.37331242596673,0.4012944471802965
Florida,UY-FD,2017-05-22,2017-05-28,2017,21,7,7,100.0,100.0,5,17.49142857142857,20.1,10.397142857142857,7.7,71.48571428571428,56,94.74285714285715,100,4.885857142857143,7.23,27.290000000000003,22.44,8.7,1.96,0.9632103394829302,96.89575604057359,0.17273416786925797
Florida,UY-FD,2017-05-29,2017-06-04,2017,22,7,7,100.0,100.0,2,15.502857142857144,17.1,7.0600000000000005,5.1,66.62857142857142,56,98.0,100,3.446857142857143,5.59,1.07,1.02,8.859,1.59,0.9925257374974736,188.20035220952292,0.4017683215027251
Florida,UY-FD,2017-06-05,2017-06-11,2017,23,7,7,100.0,100.0,2,14.281428571428572,17.2,5.894285714285714,0.5,58.857142857142854,43,94.32857142857142,100,5.011571428571429,7.32,1.1900000000000002,1.1,10.518,2.32,0.9854449545245922,289.4752586311422,0.41389268495528775
Florida,UY-FD,2017-06-12,2017-06-18,2017,24,7,7,100.0,100.0,2,17.887142857142855,23.5,9.235714285714284,1.0,63.52857142857143,34,91.39999999999999,100,6.057714285714285,9.81,5.11,5.07,11.992,2.8,0.9894411367089729,0.6926129501542129,0.6897296617350652
Florida,UY-FD,2017-06-19,2017-06-25,2017,25,7,7,100.0,100.0,1,18.15714285714286,24.4,10.004285714285714,0.5,63.75714285714286,49,89.5,95,5.778428571428571,7.64,0.02,0.02,12.162,2.33,0.9994578274536539,357.1579778496908,0.7681543354582633
Florida,UY-FD,2017-06-26,2017-07-02,2017,26,7,7,100.0,100.0,3,16.405714285714286,22.9,9.214285714285714,3.3,64.35714285714286,49,92.54285714285713,99,4.420714285714285,7.52,3.6599999999999997,2.9899999999999998,9.912,2.36,0.9109031933749817,324.82563111751347,0.19803637309660774
Florida,UY-FD,2017-07-03,2017-07-09,2017,27,7,7,100.0,100.0,5,17.962857142857143,19.9,11.178571428571429,7.1,72.4,58,94.60000000000001,100,5.7015714285714285,6.94,60.28999999999999,24.729999999999997,9.067,2.07,0.9640450443821831,33.0496646018538,0.5199899825358916
Florida,UY-FD,2017-07-10,2017-07-16,2017,28,7,7,100.0,100.0,5,17.995714285714286,24.4,10.861428571428572,4.6,71.04285714285713,57,94.92857142857143,100,6.328142857142857,8.95,28.990000000000002,18.1,9.695,2.92,0.9635293406401201,80.22939484926219,0.16445023895232017
Florida,UY-FD,2017-07-17,2017-07-23,2017,29,7,7,100.0,100.0,0,13.95,20.4,4.557142857142857,0.1,55.57142857142857,43,85.24285714285715,100,5.523285714285714,6.94,0.0,0.0,12.499,2.3,0.9989674697113627,313.9110545230442,0.686073239139732
Florida,UY-FD,2017-07-24,2017-07-30,2017,30,7,7,100.0,100.0,5,20.434285714285714,24.1,13.412857142857144,10.5,72.17142857142856,59,94.57142857142857,99,5.824428571428571,7.8,20.77,10.59,10.891,2.66,0.9972989073263022,58.96900800929818,0.5073315420538659
Florida,UY-FD,2017-07-31,2017-08-06,2017,31,7,7,100.0,100.0,3,15.86,20.8,7.707142857142857,2.7,69.45714285714286,55,96.21428571428571,100,4.6298571428571424,6.56,35.21,22.3,9.958,2.27,0.9247947167630951,77.35124358050253,0.5516976673531955
Florida,UY-FD,2017-08-07,2017-08-13,2017,32,7,7,100.0,100.0,5,16.667142857142856,20.8,10.884285714285713,6.1,70.2,57,94.95714285714287,100,7.349857142857142,12.47,56.599999999999994,28.080000000000002,9.294,1.91,0.9656795210156549,92.62488557062335,0.43441023548646945
Florida,UY-FD,2017-08-14,2017-08-20,2017,33,7,7,100.0,100.0,3,16.568571428571428,20.4,5.862857142857143,2.9,53.285714285714285,38,91.15714285714286,99,5.429714285714285,8.29,8.99,8.89,15.672,2.99,0.9977203340951873,291.0155381272604,0.4836115235816319
Florida,UY-FD,2017-08-21,2017-08-27,2017,34,7,7,100.0,100.0,4,20.187142857142856,25.3,11.652857142857142,0.9,70.4,45,91.47142857142856,100,5.627571428571429,7.57,97.97000000000001,42.660000000000004,12.922,3.09,0.9772189670142779,20.240501935081063,0.6383443886844503
Florida,UY-FD,2017-08-28,2017-09-03,2017,35,7,7,100.0,100.0,4,21.75142857142857,27.5,12.54142857142857,2.7,67.5,54,93.39999999999999,99,6.992857142857143,9.24,33.01,27.189999999999998,15.862,3.22,0.9977376228539468,11.2238778583679,0.5702781960737506
Florida,UY-FD,2017-09-04,2017-09-10,2017,36,7,7,100.0,100.0,5,19.018571428571427,23.3,12.751428571428571,7.2,72.07142857142857,50,95.61428571428571,100,6.258428571428572,9.45,109.07999999999998,39.739999999999995,11.179,2.54,0.9965833353518814,107.69344912710027,0.6254245812035675
Florida,UY-FD,2017-09-11,2017-09-17,2017,37,7,7,100.0,100.0,4,17.63714285714286,20.6,8.577142857142857,5.5,59.228571428571435,49,95.32857142857142,100,4.954571428571429,12.04,12.969999999999999,10.709999999999999,16.303,3.16,0.9947975409552449,139.42371071564833,0.5018770082913301
Florida,UY-FD,2017-09-18,2017-09-24,2017,38,7,7,100.0,100.0,2,20.610000000000003,29.5,9.70142857142857,6.1,61.57142857142857,51,95.85714285714286,100,5.002,7.38,12.59,9.52,21.005,4.15,0.995773931943655,96.03629015388773,0.45852626969896887
Florida,UY-FD,2017-09-25,2017-10-01,2017,39,7,7,100.0,100.0,6,19.475714285714286,23.5,12.368571428571428,9.7,64.87142857142858,52,94.07142857142857,100,5.955285714285714,7.88,22.83,7.62,15.387,3.13,0.9693945885560513,92.69445217959122,0.5180149457703254
Florida,UY-FD,2017-10-02,2017-10-08,2017,40,7,7,100.0,100.0,3,21.194285714285712,25.3,10.834285714285715,7.2,52.08571428571429,34,88.47142857142856,100,7.917,9.82,7.319999999999999,7.1,27.825,5.48,0.9986094373501065,334.8600617775812,0.27495276987819045
Florida,UY-FD,2017-10-09,2017-10-15,2017,41,7,7,100.0,100.0,4,18.82857142857143,23.3,9.774285714285714,5.2,57.84285714285714,45,91.60000000000001,99,5.702571428571429,8.92,8.05,3.5,20.959000000000003,4.67,0.9951488026746508,187.87093600130373,0.3707710213322041
Florida,UY-FD,2017-10-16,2017-10-22,2017,42,7,7,100.0,100.0,6,21.165714285714284,27.1,10.962857142857143,6.6,60.58571428571429,40,93.84285714285714,100,6.913714285714286,8.96,39.15,26.24,22.757,5.27,0.9969080518843609,55.63368940861956,0.16598067754045645
Florida,UY-FD,2017-10-23,2017-10-29,2017,43,7,7,100.0,100.0,5,21.96,26.1,11.69,3.0,59.9,47,93.08571428571429,98,4.9717142857142855,8.12,16.59,10.08,25.648,4.78,0.9939901078647091,76.69229897337306,0.6811182127863104
Florida,UY-FD,2017-10-30,2017-11-05,2017,44,7,7,100.0,100.0,4,22.638571428571428,25.6,12.161428571428571,8.1,45.214285714285715,32,92.87142857142858,99,5.393428571428571,8.85,33.989999999999995,20.86,31.508,5.27,0.9958504182454913,182.6836039625471,0.17348199555578553
Florida,UY-FD,2017-11-06,2017-11-12,2017,45,7,7,100.0,100.0,4,23.264285714285712,25.6,13.542857142857143,10.3,46.81428571428571,37,88.15714285714286,97,5.6775714285714285,9.21,14.479999999999999,11.209999999999999,33.71,5.56,0.9979096366612706,262.30415850937226,0.11576423310355174
Florida,UY-FD,2017-11-13,2017-11-19,2017,46,7,7,100.0,100.0,3,24.76142857142857,32.2,12.077142857142858,8.4,39.6,31,83.38571428571429,93,6.668571428571428,9.14,6.29,5.15,40.344,7.49,0.993875009210267,287.1559795869208,0.21535130194425894
Florida,UY-FD,2017-11-20,2017-11-26,2017,47,7,7,100.0,100.0,4,22.125714285714285,28.8,10.252857142857142,5.8,39.41428571428571,33,83.65714285714286,95,5.810857142857143,9.51,6.01,5.51,37.641000000000005,7.73,0.9839312497212355,61.06144918414522,0.23963515397623306
Florida,UY-FD,2017-11-27,2017-12-03,2017,48,7,7,100.0,100.0,1,25.63,28.0,13.211428571428572,8.1,38.957142857142856,31,84.91428571428571,94,6.558857142857143,8.55,0.43,0.43,42.516000000000005,7.0,0.9977381954884132,87.46403835004135,0.7472003472066773
Florida,UY-FD,2017-12-04,2017-12-10,2017,49,7,7,100.0,100.0,5,28.192857142857143,33.2,16.548571428571428,14.2,36.18571428571429,22,89.48571428571428,100,5.701714285714286,7.11,1.02,0.53,41.209,7.94,0.9944799646384033,120.96135738904624,0.058290528788301495
Florida,UY-FD,2017-12-11,2017-12-17,2017,50,7,7,100.0,100.0,3,30.162857142857145,35.9,16.942857142857143,12.3,29.928571428571427,23,74.28571428571429,93,6.373857142857142,10.48,22.39,22.34,47.528,8.55,0.9983129758158127,335.74854576355494,0.14687349978975747
Florida,UY-FD,2017-12-18,2017-12-24,2017,51,7,7,100.0,100.0,3,26.145714285714288,31.5,15.347142857142856,9.0,46.785714285714285,37,84.21428571428571,98,5.724857142857142,8.4,13.74,9.91,36.728,6.46,0.9979319182544168,85.48143193781937,0.7109584579816057
Florida,UY-FD,2017-12-25,2017-12-31,2017,52,7,7,100.0,100.0,2,31.047142857142855,34.6,18.502857142857142,13.4,36.24285714285714,26,83.77142857142857,96,4.440714285714286,6.98,5.93,5.6,45.823,7.36,0.9969436213700326,59.00781642328692,0.5075802158802843
Lavalleja,UY-LA,2017-01-02,2017-01-08,2017,1,7,7,100.0,100.0,4,27.46904761904762,30.4,17.326190476190476,11.9,55.904761904761905,32,94.73809523809523,100,5.601428571428571,8.16,45.25,23.983333333333334,34.17666666666666,6.83,0.9957498603699165,47.21579582567556,0.3896658133902939
Lavalleja,UY-LA,2017-01-09,2017-01-15,2017,2,7,7,100.0,100.0,5,27.573809523809523,31.4,16.241666666666667,12.5,49.32142857142857,35,92.21428571428571,100,5.004047619047619,8.61,30.883333333333336,14.591666666666667,38.410833333333336,6.98,0.9338979004230593,66.31079814212794,0.21555018236576745
Lavalleja,UY-LA,2017-01-16,2017-01-22,2017,3,7,7,100.0,100.0,3,27.74047619047619,30.4,17.738095238095237,14.8,56.035714285714285,40,96.45238095238095,100,5.082023809523809,7.58,23.85833333333333,22.474999999999998,36.99666666666667,6.75,0.9955598018035463,76.04365433325174,0.6568843231201779
Lavalleja,UY-LA,2017-01-23,2017-01-29,2017,4,7,7,100.0,100.0,4,25.96309523809524,30.7,16.15357142857143,12.2,50.44047619047619,42,92.97619047619047,99,5.004404761904762,8.34,2.8,1.4000000000000001,34.7425,6.8,0.9940422643489015,102.95701936953051,0.1407678489623724
Lavalleja,UY-LA,2017-01-30,2017-02-05,2017,5,7,7,100.0,100.0,7,28.01547619047619,32.1,20.29047619047619,16.4,60.047619047619044,43,96.70238095238095,100,6.271904761904762,14.47,63.3,21.53333333333333,28.66166666666667,6.28,0.9970205485333502,48.24708509807238,0.2997451245029512
Lavalleja,UY-LA,2017-02-06,2017-02-12,2017,6,7,7,100.0,100.0,5,24.579761904761906,27.8,17.017857142857142,11.3,64.54761904761905,47,92.34523809523809,99,5.779642857142858,11.05,22.291666666666664,8.791666666666666,24.3275,5.2,0.996337135017287,114.7395199744336,0.5644660058002794
Lavalleja,UY-LA,2017-02-13,2017-02-19,2017,7,7,7,100.0,100.0,6,27.504761904761903,30.4,19.979761904761904,16.6,64.23809523809524,50,97.48809523809523,100,4.785833333333334,6.14,51.483333333333334,19.558333333333334,25.65833333333333,5.24,0.9924071585895768,338.85585942086647,0.4822747080859882
Lavalleja,UY-LA,2017-02-20,2017-02-26,2017,8,7,7,100.0,100.0,7,29.859523809523807,31.2,20.823809523809523,19.5,62.273809523809526,54,99.03571428571429,100,3.2378571428571425,4.84,10.35,5.208333333333333,28.958333333333332,4.98,0.9758651575996813,54.66690663863533,0.5017226637875649
Lavalleja,UY-LA,2017-02-27,2017-03-05,2017,9,7,7,100.0,100.0,6,27.74404761904762,31.3,19.41904761904762,14.6,55.34523809523809,40,91.78571428571429,99,4.864523809523809,7.02,8.383333333333333,5.083333333333333,30.550833333333333,5.34,0.9962662994997993,78.03347837012666,0.2711741001590992
Lavalleja,UY-LA,2017-03-06,2017-03-12,2017,10,7,7,100.0,100.0,5,24.65357142857143,28.4,15.410714285714286,10.1,50.0,34,91.48809523809523,98,5.724285714285714,9.63,22.833333333333336,20.308333333333334,28.806666666666665,5.16,0.9928007592681691,14.729502944396067,0.21880761961851797
Lavalleja,UY-LA,2017-03-13,2017-03-19,2017,11,7,7,100.0,100.0,3,22.50595238095238,27.2,12.346428571428572,8.5,51.55952380952381,40,90.29761904761905,99,4.998333333333334,7.96,19.033333333333335,10.975,24.886666666666667,4.72,0.9893387649229639,192.3078988742015,0.30563013790911736
Lavalleja,UY-LA,2017-03-20,2017-03-26,2017,12,7,7,100.0,100.0,6,24.225,25.8,16.48095238095238,11.6,62.76190476190476,52,96.13095238095238,100,4.719047619047619,6.65,9.133333333333335,4.325,20.526666666666667,3.79,0.9943858978461443,72.1972614868596,0.9863019567664375
Lavalleja,UY-LA,2017-03-27,2017-04-02,2017,13,7,7,100.0,100.0,2,24.133333333333333,25.4,16.50952380952381,14.6,56.702380952380956,47,92.58333333333334,98,5.97,7.7,1.8250000000000002,0.9416666666666668,23.33833333333333,4.17,0.996470435457838,66.22754156112944,0.9787029184980635
Lavalleja,UY-LA,2017-04-03,2017-04-09,2017,14,7,7,100.0,100.0,5,24.401190476190475,27.1,16.511904761904763,11.5,60.583333333333336,44,94.58333333333334,100,5.948690476190476,8.96,16.15,14.633333333333333,19.441666666666666,4.2,0.993956967053582,65.8818146196368,0.4990150145753304
Lavalleja,UY-LA,2017-04-10,2017-04-16,2017,15,7,7,100.0,100.0,2,19.76666666666667,22.9,12.052380952380954,8.3,60.48809523809524,49,92.05952380952382,98,5.262261904761905,9.45,47.916666666666664,47.36666666666667,16.256666666666668,3.27,0.9604831210381851,143.64363272357727,0.35780122994547453
Lavalleja,UY-LA,2017-04-17,2017-04-23,2017,16,7,7,100.0,100.0,4,20.01666666666667,21.9,12.005952380952381,6.8,60.17857142857143,43,93.42857142857143,100,5.022380952380952,7.85,23.808333333333334,14.875,14.621666666666668,2.86,0.9943703711188006,294.2369273363089,0.12630212782788883
Lavalleja,UY-LA,2017-04-24,2017-04-30,2017,17,7,7,100.0,100.0,3,20.025000000000002,23.2,11.210714285714285,8.6,58.52380952380952,47,89.07142857142857,100,6.0754761904761905,11.16,42.34166666666667,27.916666666666668,18.02916666666667,3.63,0.9973129142722278,305.6829786354665,0.5531671509502991
Lavalleja,UY-LA,2017-05-01,2017-05-07,2017,18,7,7,100.0,100.0,2,22.488095238095237,24.8,12.213095238095239,8.8,63.714285714285715,44,97.45238095238095,100,3.7998809523809527,6.37,0.016666666666666666,0.008333333333333333,14.681666666666667,2.8,0.9872511952754621,42.21276411196773,0.8134797124887393
Lavalleja,UY-LA,2017-05-08,2017-05-14,2017,19,7,7,100.0,100.0,5,17.795238095238098,20.2,11.489285714285714,5.4,69.84523809523809,49,95.76190476190474,100,5.832261904761905,8.85,29.241666666666667,22.2,9.054166666666667,2.2,0.9897898614699633,182.05246513669672,0.33267284252697044
Lavalleja,UY-LA,2017-05-15,2017-05-21,2017,20,7,7,100.0,100.0,4,17.48333333333333,20.4,10.302380952380952,6.3,68.8452380952381,60,96.45238095238095,100,6.041547619047619,10.02,41.83333333333334,36.800000000000004,9.225833333333334,1.89,0.9951964524706864,340.5508156334217,0.17069977155054022
Lavalleja,UY-LA,2017-05-22,2017-05-28,2017,21,7,7,100.0,100.0,4,17.976190476190478,21.4,10.741666666666665,7.7,71.07142857142857,55,95.15476190476191,100,4.951904761904762,7.47,31.15833333333333,25.916666666666668,8.858333333333333,1.99,0.992727192394149,47.29754006044807,0.18832448847354474
Lavalleja,UY-LA,2017-05-29,2017-06-04,2017,22,7,7,100.0,100.0,2,15.842857142857142,17.7,7.45,4.2,66.10714285714286,59,97.53571428571429,100,3.6851190476190476,5.91,0.8083333333333333,0.7916666666666666,9.170833333333334,1.57,0.9975465424090413,200.3709688676743,0.5159211018751142
Lavalleja,UY-LA,2017-06-05,2017-06-11,2017,23,7,7,100.0,100.0,1,14.25952380952381,17.4,6.203571428571428,0.5,59.5,43,93.83333333333334,100,5.201428571428571,8.07,6.733333333333333,6.733333333333333,10.429166666666667,2.51,0.9659388849592764,269.23306430505534,0.675216457502843
Lavalleja,UY-LA,2017-06-12,2017-06-18,2017,24,7,7,100.0,100.0,1,17.979761904761904,24.4,9.11547619047619,1.0,64.44047619047619,32,93.58333333333334,100,5.510952380952381,10.28,4.066666666666666,4.066666666666666,11.7275,2.7,0.9915435625869193,344.5615235120635,0.6866735720301377
Lavalleja,UY-LA,2017-06-19,2017-06-25,2017,25,7,7,100.0,100.0,0,18.323809523809523,24.8,9.69404761904762,0.3,63.51190476190476,47,89.95238095238095,97,5.109404761904762,8.28,0.0,0.0,11.631666666666666,2.35,0.9949007652560837,347.73765645542846,0.7224546402631284
Lavalleja,UY-LA,2017-06-26,2017-07-02,2017,26,7,7,100.0,100.0,3,16.313095238095237,23.0,9.202380952380953,3.1,64.77380952380953,50,92.90476190476191,98,4.579642857142857,8.54,3.2333333333333334,2.275,9.533333333333333,2.25,0.9449946227849519,321.054431170458,0.23166443842516427
Lavalleja,UY-LA,2017-07-03,2017-07-09,2017,27,7,7,100.0,100.0,5,18.04285714285714,20.3,10.916666666666668,6.5,73.22619047619048,60,96.63095238095238,100,4.985952380952382,6.76,36.11666666666667,13.008333333333333,8.615833333333333,1.9,0.991350127751969,38.3661084525844,0.7336035389939537
Lavalleja,UY-LA,2017-07-10,2017-07-16,2017,28,7,7,100.0,100.0,6,18.146428571428572,24.4,11.154761904761903,4.6,72.46428571428571,59,95.34523809523809,100,6.08547619047619,8.77,27.049999999999997,19.816666666666666,9.711666666666666,3.09,0.9724816002000756,37.522279870996,0.20230746522823287
Lavalleja,UY-LA,2017-07-17,2017-07-23,2017,29,7,7,100.0,100.0,0,13.980952380952383,21.4,4.5738095238095235,0.5,56.33333333333333,45,85.76190476190477,100,5.766785714285715,8.26,0.0,0.0,12.6875,2.47,0.9982826189665158,301.24634196329714,0.6417172303624881
Lavalleja,UY-LA,2017-07-24,2017-07-30,2017,30,7,7,100.0,100.0,5,20.482142857142858,24.3,13.160714285714286,10.3,72.21428571428571,59,96.0,100,5.5129761904761905,7.46,23.758333333333333,13.841666666666667,10.225833333333334,2.45,0.9901197334839745,64.630637821548,0.4772806570559884
Lavalleja,UY-LA,2017-07-31,2017-08-06,2017,31,7,7,100.0,100.0,3,15.75357142857143,20.8,7.511904761904761,2.3,69.64285714285714,55,96.73809523809523,100,4.607619047619047,6.55,36.18333333333333,22.741666666666664,9.6275,2.14,0.990360543409067,117.06972777221755,0.3169206511184022
Lavalleja,UY-LA,2017-08-07,2017-08-13,2017,32,7,7,100.0,100.0,4,16.39047619047619,20.3,10.789285714285715,6.1,72.76190476190476,60,95.64285714285714,100,7.445357142857143,13.97,71.25833333333334,37.94166666666667,8.779166666666667,1.94,0.9971231487261127,79.28279947313413,0.38208097734229357
Lavalleja,UY-LA,2017-08-14,2017-08-20,2017,33,7,7,100.0,100.0,3,16.684523809523807,20.7,5.692857142857143,2.5,53.226190476190474,39,92.22619047619048,99,5.364047619047619,8.06,4.716666666666667,4.6000000000000005,15.779166666666667,2.99,0.9981622244568091,283.60077519326313,0.6339530139281835
Lavalleja,UY-LA,2017-08-21,2017-08-27,2017,34,7,7,100.0,100.0,3,20.09404761904762,25.3,11.428571428571429,0.5,69.77380952380952,44,92.60714285714286,100,4.9817857142857145,7.56,49.69166666666666,24.558333333333334,12.599166666666665,3.0,0.9570090779570241,21.372607633067457,0.6767658722462324
Lavalleja,UY-LA,2017-08-28,2017-09-03,2017,35,7,7,100.0,100.0,5,21.7,29.1,12.608333333333334,3.1,68.17857142857143,57,94.72619047619048,100,7.144047619047619,10.14,42.224999999999994,34.766666666666666,15.699166666666667,3.49,0.9975983092885014,17.218618320991126,0.5735204776651841
Lavalleja,UY-LA,2017-09-04,2017-09-10,2017,36,7,7,100.0,100.0,6,19.127380952380953,22.2,12.692857142857141,7.2,74.41666666666666,55,96.94047619047619,100,5.906547619047619,9.57,92.79166666666667,38.53333333333334,10.458333333333334,2.45,0.9961838666433168,109.81225079583272,0.6440275010069025
Lavalleja,UY-LA,2017-09-11,2017-09-17,2017,37,7,7,100.0,100.0,3,17.614285714285714,21.3,8.795238095238096,5.3,60.607142857142854,50,94.98809523809523,100,5.310595238095238,13.12,33.06666666666666,24.13333333333333,15.873333333333333,3.14,0.9878922038873154,151.56751356957477,0.5492123216356349
Lavalleja,UY-LA,2017-09-18,2017-09-24,2017,38,7,7,100.0,100.0,2,20.375,29.4,9.539285714285715,5.1,63.535714285714285,49,97.09523809523809,100,4.8411904761904765,7.08,8.433333333333334,5.4750000000000005,19.749166666666667,3.96,0.9901072267760646,115.24248235514867,0.4867001790486472
Lavalleja,UY-LA,2017-09-25,2017-10-01,2017,39,7,7,100.0,100.0,6,18.952380952380953,23.1,12.286904761904761,10.0,66.47619047619048,51,94.6309523809524,100,5.390833333333333,7.64,15.733333333333333,5.316666666666666,14.684999999999999,3.18,0.9917321130270732,82.99064354742062,0.6718313370633844
Lavalleja,UY-LA,2017-10-02,2017-10-08,2017,40,7,7,100.0,100.0,2,20.83095238095238,25.4,10.885714285714286,7.0,52.16666666666667,38,90.10714285714286,100,8.038571428571428,11.33,10.541666666666666,10.25,27.1475,5.33,0.9982027489020603,329.0870712067643,0.24414318832129575
Lavalleja,UY-LA,2017-10-09,2017-10-15,2017,41,7,7,100.0,100.0,4,18.797619047619047,23.3,10.167857142857143,4.7,59.32142857142857,45,92.48809523809523,99,5.85452380952381,8.4,16.316666666666666,11.008333333333333,20.191666666666666,4.62,0.9957884078563952,189.0435274903737,0.43458523303919755
Lavalleja,UY-LA,2017-10-16,2017-10-22,2017,42,7,7,100.0,100.0,7,20.99642857142857,27.5,10.828571428571427,5.4,62.285714285714285,43,94.19047619047619,100,7.02702380952381,8.96,36.65833333333334,24.883333333333336,22.391666666666666,5.06,0.9981300750348117,49.38265334976814,0.12863824847424943
Lavalleja,UY-LA,2017-10-23,2017-10-29,2017,43,7,7,100.0,100.0,4,21.414285714285715,25.9,11.08452380952381,2.8,62.17857142857143,47,95.77380952380953,100,5.024523809523809,8.0,57.45,45.35,23.304166666666667,4.6,0.9910098452789479,75.89672018361784,0.7766289444260343
Lavalleja,UY-LA,2017-10-30,2017-11-05,2017,44,7,7,100.0,100.0,4,22.04404761904762,25.5,11.317857142857141,8.2,48.607142857142854,36,94.60714285714286,100,5.477142857142857,8.93,10.266666666666666,6.583333333333333,30.593333333333334,4.84,0.9943347428082671,178.13707542721875,0.2610614289810845
Lavalleja,UY-LA,2017-11-06,2017-11-12,2017,45,7,7,100.0,100.0,5,22.84047619047619,25.5,13.439285714285715,10.1,49.17857142857143,37,90.44047619047619,97,6.178809523809524,10.75,8.208333333333332,5.708333333333333,31.635833333333334,5.36,0.995309892862177,262.60573165317555,0.1293137403325476
Lavalleja,UY-LA,2017-11-13,2017-11-19,2017,46,7,7,100.0,100.0,3,24.235714285714288,32.2,11.41904761904762,8.1,42.57142857142857,31,85.79761904761905,97,6.595238095238096,10.2,2.408333333333333,1.4416666666666667,38.6275,7.36,0.9974250075933947,276.34610489501534,0.3233950222050291
Lavalleja,UY-LA,2017-11-20,2017-11-26,2017,47,7,7,100.0,100.0,4,21.63809523809524,28.0,9.79047619047619,5.0,41.726190476190474,33,84.58333333333334,96,5.377261904761904,9.19,4.741666666666666,3.733333333333333,36.32083333333333,7.57,0.8942893362837258,103.60589260852696,0.13406463297948462
Lavalleja,UY-LA,2017-11-27,2017-12-03,2017,48,7,7,100.0,100.0,3,24.16309523809524,27.4,12.95238095238095,8.4,45.702380952380956,37,87.11904761904762,95,6.598690476190476,8.31,1.6416666666666668,1.4166666666666667,36.34833333333333,6.49,0.9955285071231178,89.32713830448846,0.7187786210639655
Lavalleja,UY-LA,2017-12-04,2017-12-10,2017,49,7,7,100.0,100.0,6,27.03095238095238,32.9,16.09047619047619,13.1,42.845238095238095,24,92.32142857142857,100,5.558928571428572,8.14,3.2916666666666665,0.9499999999999998,37.465833333333336,7.69,0.9838621822935242,106.9146515156093,0.22835289659182526
Lavalleja,UY-LA,2017-12-11,2017-12-17,2017,50,7,7,100.0,100.0,2,29.16904761904762,35.9,16.041666666666664,10.9,33.19047619047619,25,80.47619047619048,94,6.41654761904762,10.89,9.925,9.883333333333335,45.56666666666667,8.54,0.9970256629368901,331.7516980395025,0.12965077965691613
Lavalleja,UY-LA,2017-12-18,2017-12-24,2017,51,7,7,100.0,100.0,4,25.73690476190476,31.9,15.498809523809525,8.9,47.845238095238095,39,85.63095238095238,98,5.454761904761905,7.96,6.2749999999999995,5.208333333333333,35.3375,6.38,0.9946384879155751,87.66612339492451,0.7594044889132923
Lavalleja,UY-LA,2017-12-25,2017-12-31,2017,52,7,7,100.0,100.0,2,30.49761904761905,33.8,17.98095238095238,12.6,37.845238095238095,27,90.0,99,4.355476190476191,6.55,3.941666666666667,2.6750000000000003,43.80916666666667,7.45,0.9910903637406718,61.857468180013235,0.6413953178281501
Maldonado,UY-MA,2017-01-02,2017-01-08,2017,1,7,7,100.0,100.0,3,25.947619047619046,29.9,18.00952380952381,12.4,60.95238095238095,36,92.47619047619048,98,7.036190476190476,10.03,32.8,19.3,33.15,6.8,0.9981347538011206,30.159421297107365,0.39823923964790725
Maldonado,UY-MA,2017-01-09,2017-01-15,2017,2,7,7,100.0,100.0,3,26.190476190476186,30.0,17.4,13.4,54.38095238095239,38,86.76190476190477,99,6.221904761904762,10.01,14.433333333333334,9.833333333333334,39.00333333333333,7.22,0.9985555556483815,49.409701599176444,0.4492707521261606
Maldonado,UY-MA,2017-01-16,2017-01-22,2017,3,7,7,100.0,100.0,2,26.952380952380953,29.8,18.866666666666667,16.1,58.38095238095239,47,92.85714285714286,100,6.10904761904762,8.95,20.466666666666665,19.7,37.51,6.7,0.9972131372082503,60.67608637866763,0.5687075992479758
Maldonado,UY-MA,2017-01-23,2017-01-29,2017,4,7,7,100.0,100.0,4,24.866666666666667,29.9,17.45714285714286,13.5,57.66666666666667,47,89.09523809523809,99,6.039047619047619,10.28,7.066666666666666,2.9,35.13,6.59,0.9948409059798561,83.0681126016345,0.26189118143238765
Maldonado,UY-MA,2017-01-30,2017-02-05,2017,5,7,7,100.0,100.0,6,26.67142857142857,31.5,20.7,17.6,68.95238095238095,49,95.47619047619048,100,7.4819047619047625,16.64,78.5,31.2,27.256666666666668,6.14,0.9986177785968415,38.73576288707336,0.32912956668729526
Maldonado,UY-MA,2017-02-06,2017-02-12,2017,6,7,7,100.0,100.0,5,23.423809523809524,26.0,18.038095238095234,11.9,69.14285714285714,52,90.19047619047619,99,6.978571428571429,14.58,13.166666666666668,4.266666666666667,25.20333333333333,4.97,0.9977575744003494,108.39017436073968,0.5224928074998839
Maldonado,UY-MA,2017-02-13,2017-02-19,2017,7,7,7,100.0,100.0,6,26.79047619047619,29.3,20.623809523809523,18.4,68.61904761904762,54,94.90476190476191,100,5.239047619047619,7.45,31.299999999999997,15.266666666666666,26.86,5.15,0.9983144784828302,341.1257086941803,0.5682616031494518
Maldonado,UY-MA,2017-02-20,2017-02-26,2017,8,7,7,100.0,100.0,5,29.18095238095238,30.8,21.91904761904762,20.3,66.85714285714286,56,96.23809523809523,100,4.140476190476191,5.94,11.966666666666667,6.3999999999999995,31.866666666666667,5.08,0.8986762397328986,40.10565743624023,0.5229724394883429
Maldonado,UY-MA,2017-02-27,2017-03-05,2017,9,7,7,100.0,100.0,5,27.26190476190476,30.3,20.947619047619046,16.1,57.66666666666667,48,86.14285714285714,96,5.818571428571429,8.17,12.466666666666669,5.233333333333333,32.166666666666664,5.66,0.9976241801474126,67.04008804623996,0.27362299816652186
Maldonado,UY-MA,2017-03-06,2017-03-12,2017,10,7,7,100.0,100.0,3,24.157142857142855,27.9,17.28095238095238,11.6,52.76190476190476,41,86.38095238095238,96,6.884761904761905,11.45,24.9,24.433333333333334,30.57,5.82,0.9987630691583528,330.82565154988947,0.35841754255680486
Maldonado,UY-MA,2017-03-13,2017-03-19,2017,11,7,7,100.0,100.0,3,21.685714285714287,25.6,15.266666666666666,12.3,54.904761904761905,44,84.80952380952381,97,5.844285714285713,10.25,17.366666666666667,8.933333333333334,26.560000000000002,5.17,0.9891646015970389,190.67488998185047,0.19030726275131304
Maldonado,UY-MA,2017-03-20,2017-03-26,2017,12,7,7,100.0,100.0,5,23.833333333333332,25.0,17.461904761904762,12.5,66.04761904761905,59,93.66666666666666,99,5.494761904761906,7.83,9.6,6.333333333333333,21.856666666666666,3.58,0.9995987416882325,60.432060383207705,0.9816176125715889
Maldonado,UY-MA,2017-03-27,2017-04-02,2017,13,7,7,100.0,100.0,2,23.923809523809524,24.8,17.833333333333336,16.0,59.33333333333333,50,89.28571428571429,97,6.805238095238096,8.19,1.9,1.0999999999999999,24.9,4.11,0.9996277428047632,56.27457594196224,0.9812460003440013
Maldonado,UY-MA,2017-04-03,2017-04-09,2017,14,7,7,100.0,100.0,5,23.66190476190476,26.3,17.742857142857144,12.2,65.42857142857143,50,92.09523809523809,100,6.769047619047619,10.62,8.366666666666667,6.666666666666667,19.526666666666667,4.05,0.9925823920240214,49.36955325277637,0.5189267206523455
Maldonado,UY-MA,2017-04-10,2017-04-16,2017,15,7,7,100.0,100.0,5,19.619047619047617,23.3,13.595238095238097,9.7,63.0,54,90.28571428571429,99,6.307142857142857,12.28,31.46666666666667,29.3,16.956666666666667,3.4,0.9769484317061724,117.00233862222409,0.039846396898829795
Maldonado,UY-MA,2017-04-17,2017-04-23,2017,16,7,7,100.0,100.0,3,19.785714285714285,21.9,13.48095238095238,7.3,61.142857142857146,45,87.28571428571429,98,5.72,8.56,14.799999999999999,8.5,16.5,3.02,0.9981254669773474,306.7013855805904,0.1692747429041439
Maldonado,UY-MA,2017-04-24,2017-04-30,2017,17,7,7,100.0,100.0,3,20.238095238095237,22.9,12.961904761904762,10.7,59.714285714285715,48,86.09523809523809,99,7.32,13.15,58.33333333333333,41.56666666666666,18.849999999999998,3.88,0.9990142289975854,311.8211893244044,0.6438310383243069
Maldonado,UY-MA,2017-05-01,2017-05-07,2017,18,7,7,100.0,100.0,0,22.190476190476186,25.1,14.0,10.2,65.52380952380953,43,95.14285714285714,100,4.763809523809523,7.08,0.0,0.0,16.14666666666667,2.96,0.9938606152133602,2.5107420643691896,0.8503212731737315
Maldonado,UY-MA,2017-05-08,2017-05-14,2017,19,7,7,100.0,100.0,5,17.590476190476192,20.4,13.276190476190477,8.4,71.57142857142857,57,91.3809523809524,98,6.851428571428571,8.85,41.6,35.6,10.003333333333334,2.29,0.9894905999192688,199.82704179219127,0.46608741971939266
Maldonado,UY-MA,2017-05-15,2017-05-21,2017,20,7,7,100.0,100.0,4,17.585714285714285,20.4,11.619047619047619,7.7,70.19047619047619,61,93.95238095238095,100,6.922380952380952,12.43,34.766666666666666,27.233333333333334,10.303333333333333,1.95,0.9969929024879446,344.3008575580619,0.4347909852238632
Maldonado,UY-MA,2017-05-22,2017-05-28,2017,21,7,7,100.0,100.0,3,17.847619047619048,20.6,12.39047619047619,8.3,69.57142857142857,55,91.61904761904762,99,5.488095238095238,7.66,25.166666666666664,20.03333333333333,10.423333333333334,2.03,0.9356384963830677,12.079024518475,0.13844370327029126
Maldonado,UY-MA,2017-05-29,2017-06-04,2017,22,7,7,100.0,100.0,3,15.485714285714284,16.5,8.9,5.7,69.28571428571429,62,93.09523809523809,100,4.482857142857143,6.21,3.8000000000000003,3.566666666666667,9.16,1.65,0.997034762931862,210.7026712573045,0.43708930630882153
Maldonado,UY-MA,2017-06-05,2017-06-11,2017,23,7,7,100.0,100.0,2,14.071428571428571,17.1,7.809523809523809,1.3,58.42857142857143,42,91.0,99,6.056666666666667,9.17,7.7333333333333325,7.3999999999999995,11.243333333333332,2.44,0.9986467672177194,278.95219621806444,0.7674047304100534
Maldonado,UY-MA,2017-06-12,2017-06-18,2017,24,7,7,100.0,100.0,2,17.566666666666666,22.9,10.142857142857142,2.3,65.52380952380952,39,91.42857142857143,100,7.08952380952381,12.94,6.7333333333333325,6.466666666666666,12.273333333333333,2.54,0.9992652629313231,330.8179234362619,0.7641838852205748
Maldonado,UY-MA,2017-06-19,2017-06-25,2017,25,7,7,100.0,100.0,1,18.214285714285715,24.5,11.352380952380953,1.8,65.0952380952381,52,86.85714285714286,95,6.645714285714286,11.48,0.13333333333333333,0.13333333333333333,12.843333333333334,2.6,0.9987922701840191,343.6821380148128,0.7824541754766449
Maldonado,UY-MA,2017-06-26,2017-07-02,2017,26,7,7,100.0,100.0,1,16.095238095238095,22.7,10.366666666666665,4.4,64.9047619047619,49,89.57142857142857,99,5.730952380952381,9.27,0.16666666666666666,0.16666666666666666,10.723333333333333,2.57,0.9989173604584399,290.95525363386537,0.5356665991614313
Maldonado,UY-MA,2017-07-03,2017-07-09,2017,27,7,7,100.0,100.0,5,17.18095238095238,19.4,11.5,7.9,75.33333333333334,62,93.71428571428571,99,6.028571428571429,7.69,66.36666666666666,21.433333333333334,8.706666666666667,2.03,0.9974659090249348,54.42362834463846,0.47729572074236687
Maldonado,UY-MA,2017-07-10,2017-07-16,2017,28,7,7,100.0,100.0,5,17.59047619047619,24.0,11.70952380952381,5.9,72.0,63,93.71428571428571,99,6.996190476190477,9.59,24.7,12.833333333333334,9.533333333333333,2.63,0.9994006360183754,100.53519541432524,0.1180156473537344
Maldonado,UY-MA,2017-07-17,2017-07-23,2017,29,7,7,100.0,100.0,1,13.733333333333333,19.9,6.328571428571428,2.0,59.238095238095234,45,83.52380952380952,98,7.091904761904762,9.65,1.6666666666666667,1.6666666666666667,13.493333333333334,2.82,0.9990381881022941,303.31592644567286,0.71511557613938
Maldonado,UY-MA,2017-07-24,2017-07-30,2017,30,7,7,100.0,100.0,5,18.961904761904766,23.4,13.238095238095239,10.1,76.90476190476191,62,95.71428571428571,99,6.455238095238095,8.41,27.733333333333334,13.933333333333332,9.433333333333334,2.59,0.9985554525944043,57.831786238205254,0.4733790997301499
Maldonado,UY-MA,2017-07-31,2017-08-06,2017,31,7,7,100.0,100.0,2,15.39047619047619,20.0,8.847619047619046,3.3,70.61904761904762,58,94.90476190476191,99,5.380952380952381,7.67,13.866666666666665,10.799999999999999,10.063333333333333,2.21,0.984955756110696,75.63057068449478,0.19332300573704916
Maldonado,UY-MA,2017-08-07,2017-08-13,2017,32,7,7,100.0,100.0,5,15.880952380952381,19.7,11.58095238095238,7.9,76.42857142857143,63,93.71428571428571,99,8.68095238095238,16.48,54.599999999999994,33.266666666666666,8.973333333333333,2.15,0.9981940058427241,66.72356898730459,0.36555148674631965
Maldonado,UY-MA,2017-08-14,2017-08-20,2017,33,7,7,100.0,100.0,3,16.223809523809525,20.4,7.69047619047619,3.4,55.0,46,87.38095238095238,96,6.517142857142857,10.2,7.633333333333334,6.233333333333333,17.073333333333334,3.23,0.9990527636968469,290.78489872833387,0.7318280259771891
Maldonado,UY-MA,2017-08-21,2017-08-27,2017,34,7,7,100.0,100.0,3,19.204761904761906,23.1,11.885714285714286,1.2,72.42857142857143,44,91.23809523809523,100,6.102380952380953,8.51,92.46666666666667,49.9,12.333333333333332,3.13,0.9957634494298508,12.069736876345242,0.6846373074457772
Maldonado,UY-MA,2017-08-28,2017-09-03,2017,35,7,7,100.0,100.0,4,20.728571428571428,28.0,13.342857142857143,7.2,71.90476190476191,60,92.42857142857143,100,8.206666666666667,12.46,44.900000000000006,30.633333333333336,14.950000000000001,3.24,0.9975318547140818,8.918451978798492,0.6158014143198463
Maldonado,UY-MA,2017-09-04,2017-09-10,2017,36,7,7,100.0,100.0,6,18.03809523809524,21.5,13.271428571428572,7.9,75.47619047619048,57,94.95238095238095,99,7.015238095238096,10.71,92.73333333333333,33.93333333333333,10.646666666666667,2.36,0.9988303217575683,104.37661414774243,0.6348681173651567
Maldonado,UY-MA,2017-09-11,2017-09-17,2017,37,7,7,100.0,100.0,4,16.657142857142855,20.8,9.838095238095237,6.8,63.42857142857143,54,92.33333333333334,99,6.033333333333333,15.09,7.8999999999999995,5.966666666666666,16.233333333333334,3.03,0.9948567668392128,155.57467873215694,0.34923666924498703
Maldonado,UY-MA,2017-09-18,2017-09-24,2017,38,7,7,100.0,100.0,2,18.885714285714283,27.8,10.195238095238095,5.2,67.09523809523809,53,94.28571428571429,99,5.849047619047619,7.94,15.166666666666668,9.133333333333333,19.45,3.67,0.996452626843855,94.11954278876085,0.3134420817308261
Maldonado,UY-MA,2017-09-25,2017-10-01,2017,39,7,7,100.0,100.0,5,18.085714285714285,22.8,12.938095238095238,10.6,68.85714285714286,53,93.47619047619047,100,6.1971428571428575,8.56,19.53333333333333,5.833333333333333,16.273333333333333,3.27,0.9052442889310549,96.29050012931606,0.7328447071615528
Maldonado,UY-MA,2017-10-02,2017-10-08,2017,40,7,7,100.0,100.0,3,20.004761904761903,25.1,11.557142857142859,7.3,54.76190476190476,47,88.3809523809524,100,9.619047619047619,12.71,14.700000000000001,14.366666666666667,26.986666666666668,5.55,0.9994150860273784,324.32416351730416,0.32660776820045273
Maldonado,UY-MA,2017-10-09,2017-10-15,2017,41,7,7,100.0,100.0,3,17.652380952380952,22.6,11.614285714285714,7.2,64.52380952380953,46,88.6190476190476,98,6.465238095238095,8.95,12.6,8.0,21.873333333333335,4.51,0.9975572296528187,188.53426420734763,0.29918539155932744
Maldonado,UY-MA,2017-10-16,2017-10-22,2017,42,7,7,100.0,100.0,7,19.995238095238097,26.6,11.80952380952381,6.8,64.14285714285714,49,93.04761904761905,100,8.046190476190477,11.32,68.46666666666665,43.73333333333333,22.65,4.95,0.9985028363132612,354.5476124087032,0.15837606067222504
Maldonado,UY-MA,2017-10-23,2017-10-29,2017,43,7,7,100.0,100.0,4,20.33809523809524,24.3,12.166666666666668,5.0,66.95238095238095,50,92.57142857142857,100,5.9019047619047615,9.39,40.733333333333334,37.9,24.97,4.8,0.9910794607754168,74.0100954450391,0.7283696026109117
Maldonado,UY-MA,2017-10-30,2017-11-05,2017,44,7,7,100.0,100.0,4,20.657142857142855,24.0,12.480952380952383,9.0,54.857142857142854,40,92.04761904761905,100,6.265238095238095,9.79,16.73333333333333,9.233333333333333,29.893333333333334,4.76,0.9969179683259036,214.45879894645955,0.12909619587732227
Maldonado,UY-MA,2017-11-06,2017-11-12,2017,45,7,7,100.0,100.0,6,21.0,24.0,14.771428571428572,11.9,61.0,49,88.28571428571429,97,7.1709523809523805,13.41,27.6,13.533333333333333,29.13,5.04,0.9976967356189285,303.83703833844106,0.2231881526395236
Maldonado,UY-MA,2017-11-13,2017-11-19,2017,46,7,7,100.0,100.0,3,22.85238095238095,30.6,12.861904761904762,9.0,50.57142857142857,38,84.19047619047619,94,7.546190476190477,10.82,10.366666666666665,6.966666666666666,35.88666666666667,6.58,0.997484231321503,277.7920265634651,0.32063384480251067
Maldonado,UY-MA,2017-11-20,2017-11-26,2017,47,7,7,100.0,100.0,3,20.185714285714287,27.6,10.176190476190476,5.6,48.476190476190474,39,85.76190476190477,98,6.317142857142857,10.28,7.0,3.5,35.05,6.91,0.9988690847721735,315.7746488131503,0.21833198961646477
Maldonado,UY-MA,2017-11-27,2017-12-03,2017,48,7,7,100.0,100.0,1,22.271428571428572,24.9,13.995238095238095,10.2,54.714285714285715,43,82.85714285714286,94,7.381428571428572,9.33,0.9666666666666667,0.9666666666666667,35.82333333333333,5.99,0.999429563511643,79.03461889394956,0.684623659353721
Maldonado,UY-MA,2017-12-04,2017-12-10,2017,49,7,7,100.0,100.0,5,24.23809523809524,31.2,15.952380952380953,13.2,56.33333333333333,37,93.28571428571429,100,6.477619047619048,8.68,3.7,1.5333333333333332,34.879999999999995,6.44,0.9937119129769216,89.63257897013058,0.2089537173804769
Maldonado,UY-MA,2017-12-11,2017-12-17,2017,50,7,7,100.0,100.0,2,27.2,35.2,16.938095238095237,11.4,43.095238095238095,29,78.66666666666666,91,7.2057142857142855,12.0,21.5,21.266666666666666,43.916666666666664,8.5,0.9977252372812168,324.22509297379935,0.21043359927928387
Maldonado,UY-MA,2017-12-18,2017-12-24,2017,51,7,7,100.0,100.0,3,23.857142857142858,31.1,16.247619047619047,10.6,53.61904761904761,45,85.28571428571429,97,6.397142857142858,10.05,7.900000000000001,6.066666666666667,35.06333333333333,6.28,0.9986808937015849,80.34490719263158,0.6962908680648128
Maldonado,UY-MA,2017-12-25,2017-12-31,2017,52,7,7,100.0,100.0,2,28.16190476190476,33.3,18.847619047619048,13.4,48.80952380952381,32,89.61904761904762,98,5.5304761904761905,7.97,0.06666666666666667,0.03333333333333333,42.85666666666667,7.51,0.996045720054789,48.94283402647934,0.5455397518289206
Montevideo,UY-MO,2017-01-02,2017-01-08,2017,1,7,7,100.0,100.0,2,26.685714285714287,30.1,19.400000000000002,15.2,59.714285714285715,48,88.85714285714286,96,6.325714285714286,9.4,82.4,78.5,34.2,6.78,1.0,48.08074901529936,0.3711042752590675
Montevideo,UY-MO,2017-01-09,2017-01-15,2017,2,7,7,100.0,100.0,4,27.142857142857142,30.1,18.728571428571428,16.5,51.42857142857143,39,83.0,96,6.630000000000001,9.5,20.8,18.9,40.94,7.27,1.0,62.16792203606751,0.3829244642596525
Montevideo,UY-MO,2017-01-16,2017-01-22,2017,3,7,7,100.0,100.0,2,28.314285714285713,30.8,20.37142857142857,17.7,53.0,41,85.71428571428571,96,5.974285714285714,7.18,4.0,3.0,42.15,7.09,1.0,63.29412914134553,0.6606788406255119
Montevideo,UY-MO,2017-01-23,2017-01-29,2017,4,7,7,100.0,100.0,2,25.87142857142857,30.3,18.485714285714288,15.7,50.285714285714285,42,82.28571428571429,89,5.804285714285713,9.45,7.7,6.3,38.64,6.79,1.0,95.90600548970714,0.24777314441750356
Montevideo,UY-MO,2017-01-30,2017-02-05,2017,5,7,7,100.0,100.0,5,26.857142857142858,31.3,20.7,18.0,65.57142857142857,51,93.85714285714286,98,7.154285714285714,13.32,61.400000000000006,23.5,28.63,6.4,1.0,40.51476659065819,0.2929668066986349
Montevideo,UY-MO,2017-02-06,2017-02-12,2017,6,7,7,100.0,100.0,2,24.17142857142857,26.6,18.52857142857143,14.7,62.714285714285715,49,86.85714285714286,97,6.707142857142857,10.91,3.4000000000000004,2.2,29.33,5.56,1.0,117.544873070508,0.5888613412138657
Montevideo,UY-MO,2017-02-13,2017-02-19,2017,7,7,7,100.0,100.0,6,27.0,29.2,20.857142857142858,19.0,67.14285714285714,61,94.0,98,4.89,7.24,37.8,18.4,25.89,5.41,1.0,323.888931701668,0.6505267040677115
Montevideo,UY-MO,2017-02-20,2017-02-26,2017,8,7,7,100.0,100.0,3,30.099999999999998,30.9,22.685714285714287,21.8,65.14285714285714,60,95.14285714285714,98,3.9142857142857146,5.95,6.3999999999999995,4.3,33.32,5.32,1.0,13.75467878506254,0.5224709156382624
Montevideo,UY-MO,2017-02-27,2017-03-05,2017,9,7,7,100.0,100.0,5,28.17142857142857,31.8,21.857142857142858,17.3,54.0,46,84.0,93,5.8,7.53,14.6,10.2,33.63,5.41,1.0,43.99202868114148,0.29030766301688055
Montevideo,UY-MO,2017-03-06,2017-03-12,2017,10,7,7,100.0,100.0,3,24.428571428571427,28.5,18.242857142857144,14.8,50.42857142857143,39,79.71428571428571,93,6.541428571428571,9.56,39.1,38.8,32.19,5.96,1.0,320.12789224982816,0.36507364094861733
Montevideo,UY-MO,2017-03-13,2017-03-19,2017,11,7,7,100.0,100.0,2,21.97142857142857,24.9,15.314285714285713,12.9,53.57142857142857,39,81.0,93,5.912857142857143,9.22,6.0,5.0,27.150000000000002,4.98,1.0,100.64116458656306,0.20589601460874538
Montevideo,UY-MO,2017-03-20,2017-03-26,2017,12,7,7,100.0,100.0,3,24.514285714285712,25.6,17.442857142857143,14.4,62.142857142857146,54,92.71428571428571,98,5.085714285714286,7.01,10.999999999999998,8.1,23.73,3.84,1.0,63.82083401759846,0.9735165925141233
Montevideo,UY-MO,2017-03-27,2017-04-02,2017,13,7,7,100.0,100.0,2,25.0,26.0,18.114285714285717,17.1,57.0,51,86.57142857142857,94,6.388571428571429,7.21,1.5999999999999999,1.4,26.490000000000002,4.37,1.0,55.30512861654897,0.9727876076371227
Montevideo,UY-MO,2017-04-03,2017-04-09,2017,14,7,7,100.0,100.0,4,24.114285714285717,25.7,17.742857142857144,15.1,60.42857142857143,45,91.28571428571429,97,5.762857142857143,7.8,7.0,5.2,21.57,4.41,1.0,78.67456503831545,0.36987176100907826
Montevideo,UY-MO,2017-04-10,2017-04-16,2017,15,7,7,100.0,100.0,3,19.8,22.3,14.228571428571428,11.7,58.0,48,84.85714285714286,94,6.448571428571428,10.36,21.900000000000002,21.1,19.07,3.59,1.0,98.98293237333635,0.17090045852178568
Montevideo,UY-MO,2017-04-17,2017-04-23,2017,16,7,7,100.0,100.0,2,20.114285714285717,21.7,14.514285714285714,11.3,57.42857142857143,43,84.71428571428571,95,5.195714285714286,6.82,26.8,22.6,17.57,3.09,1.0,313.5971526118924,0.11697535697465423
Montevideo,UY-MO,2017-04-24,2017-04-30,2017,17,7,7,100.0,100.0,3,20.185714285714287,22.7,13.328571428571427,11.9,55.857142857142854,49,84.42857142857143,96,6.751428571428571,11.33,24.0,12.5,20.41,3.93,1.0,315.7647318704722,0.5953080444188293
Montevideo,UY-MO,2017-05-01,2017-05-07,2017,18,7,7,100.0,100.0,1,22.542857142857144,24.1,13.971428571428572,12.3,63.142857142857146,51,94.42857142857143,100,4.582857142857143,6.39,2.2,2.2,16.07,2.8,1.0,28.169321104814298,0.75957769397624
Montevideo,UY-MO,2017-05-08,2017-05-14,2017,19,7,7,100.0,100.0,4,17.485714285714288,20.1,13.685714285714285,10.1,71.71428571428571,56,89.57142857142857,95,5.777142857142857,7.22,58.0,55.7,10.27,2.11,1.0,158.16615925071457,0.6805738947025123
Montevideo,UY-MO,2017-05-15,2017-05-21,2017,20,7,7,100.0,100.0,4,17.185714285714287,20.6,11.542857142857143,9.8,70.85714285714286,63,93.85714285714286,100,6.36,9.44,49.699999999999996,41.9,10.05,1.6,1.0,353.02885011621237,0.4949119164682313
Montevideo,UY-MO,2017-05-22,2017-05-28,2017,21,7,7,100.0,100.0,4,17.014285714285712,19.7,12.62857142857143,11.0,68.71428571428571,57,91.42857142857143,99,4.968571428571429,5.91,20.799999999999997,12.0,10.32,1.96,1.0,103.77823993841166,0.3455304820874876
Montevideo,UY-MO,2017-05-29,2017-06-04,2017,22,7,7,100.0,100.0,2,15.142857142857142,16.2,9.0,7.8,68.28571428571429,61,93.42857142857143,97,3.9957142857142856,4.92,1.0,0.9,9.190000000000001,1.55,1.0,215.60458935372603,0.39508425900545757
Montevideo,UY-MO,2017-06-05,2017-06-11,2017,23,7,7,100.0,100.0,0,14.114285714285714,16.0,7.928571428571429,4.1,59.142857142857146,47,90.42857142857143,96,5.561428571428571,7.96,0.0,0.0,11.43,2.3,1.0,279.96320287859623,0.668860025141825
Montevideo,UY-MO,2017-06-12,2017-06-18,2017,24,7,7,100.0,100.0,1,17.242857142857144,22.6,9.928571428571429,3.9,63.0,43,90.57142857142857,99,6.824285714285715,11.8,10.9,10.9,11.7,2.82,1.0,337.6287979092145,0.7190999476151245
Montevideo,UY-MO,2017-06-19,2017-06-25,2017,25,7,7,100.0,100.0,2,17.942857142857143,24.1,11.328571428571427,3.6,63.57142857142857,52,87.85714285714286,92,6.271428571428571,8.91,1.6,1.3,12.7,2.3,1.0,351.6791619839947,0.7945958196848281
Montevideo,UY-MO,2017-06-26,2017-07-02,2017,26,7,7,100.0,100.0,1,16.285714285714285,22.3,10.657142857142857,7.2,65.14285714285714,59,88.85714285714286,92,5.312857142857142,8.42,2.3,2.3,10.75,2.53,1.0,323.3090459680389,0.5864865118230541
Montevideo,UY-MO,2017-07-03,2017-07-09,2017,27,7,7,100.0,100.0,5,16.428571428571427,19.2,11.071428571428571,9.1,74.42857142857143,59,90.71428571428571,96,6.194285714285714,7.5,62.1,34.9,8.71,2.14,1.0,29.882712529560653,0.3322708356937447
Montevideo,UY-MO,2017-07-10,2017-07-16,2017,28,7,7,100.0,100.0,6,16.82857142857143,23.7,11.271428571428572,6.5,71.85714285714286,58,91.42857142857143,98,7.102857142857142,8.99,39.0,14.7,9.1,2.34,1.0,145.81354385721053,0.13723048701025134
Montevideo,UY-MO,2017-07-17,2017-07-23,2017,29,7,7,100.0,100.0,1,13.785714285714286,18.1,7.028571428571429,4.9,59.42857142857143,48,83.85714285714286,95,6.151428571428572,8.05,1.1,1.1,12.92,2.51,1.0,312.54970851806445,0.5483203756768522
Montevideo,UY-MO,2017-07-24,2017-07-30,2017,30,7,7,100.0,100.0,5,18.414285714285715,23.3,13.014285714285714,10.1,74.14285714285714,60,95.14285714285714,99,6.345714285714286,8.15,34.3,11.2,10.3,2.69,1.0,62.69028189267557,0.4947221821399822
Montevideo,UY-MO,2017-07-31,2017-08-06,2017,31,7,7,100.0,100.0,2,15.700000000000001,19.8,9.457142857142857,6.6,70.28571428571429,56,94.14285714285714,97,5.17,6.62,6.5,4.9,10.7,2.28,1.0,49.14411536017652,0.40043464557058045
Montevideo,UY-MO,2017-08-07,2017-08-13,2017,32,7,7,100.0,100.0,5,16.142857142857142,18.8,11.62857142857143,6.9,73.28571428571429,62,93.28571428571429,97,7.937142857142858,12.4,48.5,20.1,9.55,2.01,1.0,120.76525859879092,0.3102763292099342
Montevideo,UY-MO,2017-08-14,2017-08-20,2017,33,7,7,100.0,100.0,4,16.285714285714285,20.1,8.7,6.8,53.42857142857143,42,86.14285714285714,96,6.011428571428572,7.28,26.599999999999998,23.9,17.03,3.06,1.0,294.4969562662232,0.6747607785447622
Montevideo,UY-MO,2017-08-21,2017-08-27,2017,34,7,7,100.0,100.0,3,18.842857142857145,23.1,12.028571428571428,3.5,73.14285714285714,45,91.0,100,6.008571428571429,8.05,81.7,42.6,12.16,3.17,1.0,30.406017678620906,0.5569874985253014
Montevideo,UY-MO,2017-08-28,2017-09-03,2017,35,7,7,100.0,100.0,5,20.442857142857143,24.4,12.042857142857143,5.5,69.85714285714286,55,93.0,98,7.301428571428572,10.77,13.8,7.1,14.61,2.68,1.0,1.819668785258587,0.5236847405630468
Montevideo,UY-MO,2017-09-04,2017-09-10,2017,36,7,7,100.0,100.0,5,17.314285714285713,21.3,13.014285714285714,9.3,74.85714285714286,57,93.85714285714286,97,6.537142857142858,9.71,63.8,28.0,11.67,2.51,1.0,106.7607298793033,0.6748475260511798
Montevideo,UY-MO,2017-09-11,2017-09-17,2017,37,7,7,100.0,100.0,3,16.82857142857143,19.9,10.242857142857144,8.7,61.0,52,90.28571428571429,96,5.828571428571428,12.86,2.5,2.1,18.04,3.16,1.0,130.16310261163173,0.33277196892998473
Montevideo,UY-MO,2017-09-18,2017-09-24,2017,38,7,7,100.0,100.0,2,19.17142857142857,26.8,10.657142857142857,7.8,64.28571428571429,57,91.42857142857143,95,5.738571428571428,8.31,28.1,24.0,20.41,3.68,1.0,90.89872598243133,0.39658583902768896
Montevideo,UY-MO,2017-09-25,2017-10-01,2017,39,7,7,100.0,100.0,5,18.071428571428573,20.7,12.814285714285715,11.0,69.57142857142857,56,91.14285714285714,97,6.632857142857143,9.06,23.8,11.3,15.83,2.98,1.0,101.3646690706678,0.5700108957905382
Montevideo,UY-MO,2017-10-02,2017-10-08,2017,40,7,7,100.0,100.0,2,20.114285714285717,25.0,11.971428571428572,10.5,53.285714285714285,48,87.57142857142857,97,8.697142857142858,10.71,9.1,8.7,27.04,5.53,1.0,324.11025610974497,0.3418940653923433
Montevideo,UY-MO,2017-10-09,2017-10-15,2017,41,7,7,100.0,100.0,3,17.714285714285715,21.5,11.9,7.9,60.0,50,87.28571428571429,97,6.412857142857143,8.41,20.8,12.2,22.87,4.34,1.0,183.90715950465633,0.28442054036988995
Montevideo,UY-MO,2017-10-16,2017-10-22,2017,42,7,7,100.0,100.0,6,20.014285714285712,24.9,12.385714285714286,9.0,61.285714285714285,45,92.28571428571429,100,7.894285714285714,11.11,28.3,15.5,23.2,5.12,1.0,48.62926527906322,0.1645126966566923
Montevideo,UY-MO,2017-10-23,2017-10-29,2017,43,7,7,100.0,100.0,3,20.82857142857143,23.0,12.785714285714286,6.5,62.714285714285715,49,89.42857142857143,96,5.801428571428572,9.98,17.7,17.1,26.38,4.76,1.0,71.67919206252125,0.6946624195313611
Montevideo,UY-MO,2017-10-30,2017-11-05,2017,44,7,7,100.0,100.0,3,21.285714285714285,23.0,14.528571428571428,12.8,52.285714285714285,43,89.85714285714286,95,5.76,8.22,33.4,27.3,31.0,5.3,1.0,217.45868153679532,0.128700018184566
Montevideo,UY-MO,2017-11-06,2017-11-12,2017,45,7,7,100.0,100.0,4,21.885714285714283,23.2,15.428571428571429,13.6,54.57142857142857,46,84.57142857142857,94,6.101428571428571,9.57,24.3,21.8,32.02,5.29,1.0,254.94958065720863,0.08285491738386994
Montevideo,UY-MO,2017-11-13,2017-11-19,2017,46,7,7,100.0,100.0,3,23.32857142857143,30.7,14.042857142857143,11.7,46.714285714285715,38,79.85714285714286,91,7.908571428571428,10.55,11.899999999999999,10.2,38.78,6.46,1.0,301.97048161152975,0.2010499927899887
Montevideo,UY-MO,2017-11-20,2017-11-26,2017,47,7,7,100.0,100.0,3,21.142857142857142,27.5,11.728571428571428,9.7,44.285714285714285,39,81.71428571428571,87,6.801428571428572,11.05,4.300000000000001,2.2,37.67,7.25,1.0,1.2819913457168823,0.25326105955435624
Montevideo,UY-MO,2017-11-27,2017-12-03,2017,48,7,7,100.0,100.0,1,23.114285714285717,25.2,14.542857142857144,11.7,50.714285714285715,41,79.71428571428571,87,6.9157142857142855,9.16,1.8,1.8,39.75,6.55,1.0,86.86237310328744,0.7763883795003287
Montevideo,UY-MO,2017-12-04,2017-12-10,2017,49,7,7,100.0,100.0,2,24.928571428571427,29.5,16.814285714285713,15.0,53.42857142857143,35,89.14285714285714,96,6.3999999999999995,8.68,1.8,1.1,37.45,6.96,1.0,105.42935102784513,0.3388857660492751
Montevideo,UY-MO,2017-12-11,2017-12-17,2017,50,7,7,100.0,100.0,2,28.071428571428573,34.3,18.12857142857143,14.0,40.0,29,77.14285714285714,96,7.164285714285714,11.19,39.2,39.1,45.32,8.36,1.0,349.5658736503692,0.16837928761332188
Montevideo,UY-MO,2017-12-18,2017-12-24,2017,51,7,7,100.0,100.0,2,24.02857142857143,29.3,16.72857142857143,12.6,53.57142857142857,44,82.57142857142857,97,6.258571428571429,9.57,11.799999999999999,8.1,36.09,6.3,1.0,78.91583682437641,0.7005100471924097
Montevideo,UY-MO,2017-12-25,2017-12-31,2017,52,7,7,100.0,100.0,1,28.671428571428574,31.5,19.685714285714287,15.5,47.714285714285715,42,84.14285714285714,95,5.905714285714287,8.65,0.4,0.4,45.04,7.12,1.0,50.190403518160345,0.5595214914636302
Paysandú,UY-PA,2017-01-02,2017-01-08,2017,1,7,7,100.0,100.0,6,30.104464285714283,32.4,21.261607142857144,15.1,58.223214285714285,33,92.98214285714286,100,5.510089285714286,7.32,35.7,18.075,33.70625,6.7,0.9911202706657546,53.106674460942706,0.640002710051961
Paysandú,UY-PA,2017-01-09,2017-01-15,2017,2,7,7,100.0,100.0,5,29.616964285714285,33.0,19.745535714285715,15.0,55.607142857142854,42,91.64285714285714,100,5.5756250000000005,7.56,73.0,29.96875,36.2375,6.97,0.9918754434050595,60.993438721242164,0.4239781692659537
Paysandú,UY-PA,2017-01-16,2017-01-22,2017,3,7,7,100.0,100.0,3,30.082142857142856,32.2,19.849999999999998,17.5,49.6875,36,91.57142857142857,100,5.175446428571428,8.01,58.1375,57.31875,40.91875,7.12,0.8874831349601932,94.58908831942544,0.6532380547273864
Paysandú,UY-PA,2017-01-23,2017-01-29,2017,4,7,7,100.0,100.0,2,27.624107142857145,32.1,17.125892857142855,13.4,44.473214285714285,35,86.30357142857143,96,5.070625,7.93,0.28125,0.25625,40.957499999999996,7.11,0.9843827498530323,126.66963568983222,0.3366093823848846
Paysandú,UY-PA,2017-01-30,2017-02-05,2017,5,7,7,100.0,100.0,6,29.591964285714287,34.2,20.873214285714287,17.8,52.910714285714285,41,92.9375,99,5.319553571428571,10.82,39.91875,20.58125,35.94,6.82,0.9857716879399732,61.345296311680286,0.34652065019904355
Paysandú,UY-PA,2017-02-06,2017-02-12,2017,6,7,7,100.0,100.0,4,26.389285714285712,31.3,18.04642857142857,12.2,58.848214285714285,39,88.40178571428571,99,5.0175,7.82,93.98125,67.90625,30.031875,6.36,0.9925451995901549,110.39295030866442,0.7582575577811065
Paysandú,UY-PA,2017-02-13,2017-02-19,2017,7,7,7,100.0,100.0,6,28.083035714285717,30.7,20.432142857142857,18.8,66.69642857142857,55,97.84821428571429,100,4.397589285714285,6.64,57.4875,19.9875,23.66,4.82,0.9848189010319268,339.4073142081386,0.4049161815486956
Paysandú,UY-PA,2017-02-20,2017-02-26,2017,8,7,7,100.0,100.0,6,30.78125,31.9,22.061607142857145,20.6,61.535714285714285,50,95.55357142857143,100,2.960982142857143,4.18,15.818750000000001,9.53125,32.108125,5.65,0.9582414841803688,79.99980823284717,0.40264459982978196
Paysandú,UY-PA,2017-02-27,2017-03-05,2017,9,7,7,100.0,100.0,3,29.161607142857143,32.1,20.675892857142856,15.8,57.589285714285715,44,89.85714285714286,98,4.581696428571428,7.65,4.025,2.0125,31.4125,5.75,0.9928096857007935,60.538080628752105,0.3585935623993178
Paysandú,UY-PA,2017-03-06,2017-03-12,2017,10,7,7,100.0,100.0,4,26.858035714285712,31.0,16.64375,12.4,47.99107142857143,36,89.35714285714286,99,5.7613392857142856,7.95,38.512499999999996,36.05625,31.29125,5.73,0.981970539083129,94.54731174723605,0.49029120305993873
Paysandú,UY-PA,2017-03-13,2017-03-19,2017,11,7,7,100.0,100.0,2,22.969642857142855,27.0,12.147321428571429,8.5,52.82142857142857,40,92.625,97,4.7335714285714285,8.42,20.75,20.35,26.538125,4.97,0.9871144196159829,114.15873219048824,0.42470161984046545
Paysandú,UY-PA,2017-03-20,2017-03-26,2017,12,7,7,100.0,100.0,4,26.380357142857143,28.1,17.061607142857145,12.4,57.80357142857143,49,94.70535714285714,100,4.665446428571428,7.11,7.35,5.58125,26.348125,4.4,0.9924396419258221,90.21703769240122,0.9765002842339507
Paysandú,UY-PA,2017-03-27,2017-04-02,2017,13,7,7,100.0,100.0,2,27.33660714285714,29.1,17.6375,15.3,53.285714285714285,47,85.67857142857143,97,6.3289285714285715,7.8,0.05625000000000001,0.043750000000000004,30.615000000000002,5.15,0.9997467592084098,74.14298368846558,0.9768648581155148
Paysandú,UY-PA,2017-04-03,2017-04-09,2017,14,7,7,100.0,100.0,5,26.166071428571428,28.6,17.60892857142857,12.8,55.57142857142857,32,89.29464285714286,98,5.298482142857144,8.08,39.31875,35.95,22.705,5.04,0.9838793499954184,93.5225478600869,0.6793334976729997
Paysandú,UY-PA,2017-04-10,2017-04-16,2017,15,7,7,100.0,100.0,2,21.322321428571428,23.1,12.624107142857143,8.8,57.848214285714285,47,91.09821428571429,100,5.615,9.97,13.50625,12.85,19.884375,3.72,0.997166261546571,128.7949036441362,0.44106915671995867
Paysandú,UY-PA,2017-04-17,2017-04-23,2017,16,7,7,100.0,100.0,3,20.95625,22.8,13.09375,8.2,60.0,42,92.98214285714286,99,5.114375,7.45,44.825,40.90625,15.211875000000001,3.25,0.962961966300383,134.12042066262913,0.4402884399870837
Paysandú,UY-PA,2017-04-24,2017-04-30,2017,17,7,7,100.0,100.0,2,20.914285714285715,23.9,10.699107142857143,7.6,54.589285714285715,38,88.92857142857143,97,5.445,9.88,39.03125,38.5375,18.7375,3.54,0.9744974341980323,350.84996394277965,0.5081256478344447
Paysandú,UY-PA,2017-05-01,2017-05-07,2017,18,7,7,100.0,100.0,2,24.38214285714286,25.7,13.854464285714286,9.3,61.82142857142857,48,94.67857142857143,100,4.509196428571428,7.42,7.58125,7.4937499999999995,17.605,2.87,0.9992482042588119,61.90372412520496,0.9471280720864884
Paysandú,UY-PA,2017-05-08,2017-05-14,2017,19,7,7,100.0,100.0,5,18.321428571428573,22.4,12.721428571428572,7.7,68.08928571428571,53,92.79464285714286,100,5.5874999999999995,6.71,54.518750000000004,26.725,10.873125,2.77,0.9597274544589898,145.39877161991024,0.537117896795559
Paysandú,UY-PA,2017-05-15,2017-05-21,2017,20,7,7,100.0,100.0,3,18.272321428571427,20.1,10.660714285714286,7.5,65.36607142857143,50,94.875,100,4.698482142857143,7.79,38.15625,32.09375,10.798124999999999,2.21,0.9828792267371005,33.3342528947442,0.19169360480171327
Paysandú,UY-PA,2017-05-22,2017-05-28,2017,21,7,7,100.0,100.0,6,18.417857142857144,22.0,12.200000000000001,7.8,72.53571428571429,51,93.52678571428571,100,5.291607142857143,7.55,35.550000000000004,29.19375,8.906875,2.35,0.968939001656681,108.83742928326419,0.3889010427686619
Paysandú,UY-PA,2017-05-29,2017-06-04,2017,22,7,7,100.0,100.0,1,16.09107142857143,18.0,9.365178571428572,4.8,64.46428571428571,56,95.75,100,4.492410714285715,6.28,0.00625,0.00625,9.644375,1.7,0.9973612046015873,130.7577183267485,0.6563547077272531
Paysandú,UY-PA,2017-06-05,2017-06-11,2017,23,7,7,100.0,100.0,3,15.419642857142858,18.9,6.591964285714285,3.1,60.785714285714285,51,94.58035714285714,100,4.977857142857142,7.72,5.64375,2.68125,11.051874999999999,2.54,0.9964760032742684,291.09177018873805,0.10951496602756165
Paysandú,UY-PA,2017-06-12,2017-06-18,2017,24,7,7,100.0,100.0,3,19.999107142857145,25.3,10.455357142857142,4.1,63.044642857142854,28,89.96428571428571,100,6.167767857142857,9.46,2.9875000000000003,1.56875,13.8525,3.21,0.9983325149985484,37.9342393587889,0.5320039724410087
Paysandú,UY-PA,2017-06-19,2017-06-25,2017,25,7,7,100.0,100.0,2,19.11785714285714,24.6,10.862499999999999,0.6,62.4375,51,86.61607142857143,100,6.195089285714286,8.36,0.06875,0.04375,15.219375,3.2,0.9964815475532053,18.028624117456452,0.7157099431642847
Paysandú,UY-PA,2017-06-26,2017-07-02,2017,26,7,7,100.0,100.0,3,17.212500000000002,24.3,10.901785714285714,6.1,70.34821428571429,54,93.38392857142857,100,4.783214285714286,7.67,40.325,24.66875,9.78375,3.15,0.9933949931911864,65.10759597608742,0.20028764330490015
Paysandú,UY-PA,2017-07-03,2017-07-09,2017,27,7,7,100.0,100.0,5,19.73125,22.4,12.742857142857144,7.0,68.24107142857143,57,92.375,100,5.670803571428571,7.8,43.15,18.06875,11.361875,2.68,0.9789485556247725,43.086070823109246,0.9002781934248912
Paysandú,UY-PA,2017-07-10,2017-07-16,2017,28,7,7,100.0,100.0,5,20.243750000000002,25.3,12.371428571428572,5.0,67.73214285714286,51,91.39285714285714,100,6.985803571428571,10.02,26.11875,14.575,13.96875,3.46,0.9881652630437784,36.82049327584754,0.2125247281549647
Paysandú,UY-PA,2017-07-17,2017-07-23,2017,29,7,7,100.0,100.0,0,15.283035714285715,23.7,4.24375,-0.3,51.473214285714285,38,83.48214285714286,96,5.149017857142857,6.82,0.0,0.0,14.924375,3.13,0.9948905000902568,333.9702780928044,0.7455415459505603
Paysandú,UY-PA,2017-07-24,2017-07-30,2017,30,7,7,100.0,100.0,3,23.098214285714285,25.5,15.657142857142857,13.6,63.098214285714285,52,85.92857142857143,97,6.045089285714285,8.22,21.06875,18.675,16.605,3.64,0.9283140119954462,30.860224280859164,0.8094509485467841
Paysandú,UY-PA,2017-07-31,2017-08-06,2017,31,7,7,100.0,100.0,3,17.08214285714286,22.7,9.308035714285714,3.3,68.66071428571429,54,95.6875,100,4.809285714285714,6.94,39.74375,24.53125,10.968125,2.54,0.9952659764529674,105.70457856115479,0.6634110143525193
Paysandú,UY-PA,2017-08-07,2017-08-13,2017,32,7,7,100.0,100.0,5,18.483035714285712,22.8,11.216071428571428,7.1,67.75,51,93.64285714285714,99,7.294196428571429,10.78,78.01875,33.78125,12.046875,2.37,0.9975198968147304,123.61650707438538,0.41284796506560917
Paysandú,UY-PA,2017-08-14,2017-08-20,2017,33,7,7,100.0,100.0,2,18.69107142857143,23.2,6.7250000000000005,3.3,51.61607142857143,37,90.41071428571429,97,5.383571428571429,9.6,8.693750000000001,8.64375,17.300625,3.17,0.9943424242740134,5.4885183926409065,0.13463117742951475
Paysandú,UY-PA,2017-08-21,2017-08-27,2017,34,7,7,100.0,100.0,4,22.980357142857144,28.9,13.024107142857144,1.7,61.25,41,91.125,100,6.190178571428572,9.46,66.25625,29.75625,18.438125,3.45,0.9641610046250696,40.59603825996599,0.813146024559801
Paysandú,UY-PA,2017-08-28,2017-09-03,2017,35,7,7,100.0,100.0,3,23.575892857142858,29.6,13.939285714285715,4.8,63.964285714285715,52,90.73214285714286,98,7.2124999999999995,9.63,40.325,38.38125,20.57875,4.33,0.9873191996699483,16.606853222406105,0.436330167903262
Paysandú,UY-PA,2017-09-04,2017-09-10,2017,36,7,7,100.0,100.0,5,20.950892857142858,26.2,13.451785714285714,9.3,71.14285714285714,54,94.79464285714286,100,6.650892857142857,10.04,113.36875,46.94375,13.475624999999999,3.07,0.9969857453992754,110.981180773621,0.6561678487998793
Paysandú,UY-PA,2017-09-11,2017-09-17,2017,37,7,7,100.0,100.0,3,18.469642857142855,21.4,10.422321428571427,7.4,55.13392857142857,49,94.45535714285714,100,5.211339285714286,10.27,33.8,26.8375,19.00625,3.39,0.9963417845282374,142.19980264768913,0.6088144529750866
Paysandú,UY-PA,2017-09-18,2017-09-24,2017,38,7,7,100.0,100.0,2,22.375,31.8,11.166071428571428,6.8,58.875,48,93.625,100,5.564196428571429,8.16,6.85625,6.5625,23.3825,5.2,0.9993951559529946,101.84781782872477,0.5940948260987086
Paysandú,UY-PA,2017-09-25,2017-10-01,2017,39,7,7,100.0,100.0,7,21.48392857142857,26.6,13.825892857142858,11.3,66.90178571428571,56,93.77678571428571,100,5.9775,8.16,54.3875,26.725,17.175,3.19,0.9930184192242789,110.68102308587486,0.7750853994709036
Paysandú,UY-PA,2017-10-02,2017-10-08,2017,40,7,7,100.0,100.0,3,23.10892857142857,26.3,12.850892857142856,8.9,48.526785714285715,36,86.41964285714286,98,8.430803571428571,11.14,11.25,10.112499999999999,32.83875,6.37,0.9985763368131692,11.631062151648054,0.2630609669420756
Paysandú,UY-PA,2017-10-09,2017-10-15,2017,41,7,7,100.0,100.0,5,19.549107142857142,23.5,11.165178571428571,6.9,57.74107142857143,44,91.61607142857143,100,6.3931249999999995,10.31,17.025000000000002,12.7375,22.53625,4.87,0.9933139266239464,145.20439227583663,0.6077544017560338
Paysandú,UY-PA,2017-10-16,2017-10-22,2017,42,7,7,100.0,100.0,6,22.947321428571428,28.4,13.684821428571428,8.5,60.973214285714285,44,93.5625,100,6.3393749999999995,8.81,46.493750000000006,26.5375,23.486875,5.01,0.9957465687012551,91.90907795320155,0.27846424555179244
Paysandú,UY-PA,2017-10-23,2017-10-29,2017,43,7,7,100.0,100.0,3,23.710714285714285,27.6,13.050892857142857,5.2,55.67857142857143,45,91.75892857142857,100,5.235803571428571,10.56,19.674999999999997,15.987499999999999,27.950625000000002,5.24,0.9951617243153587,87.44695567801828,0.6645524775626629
Paysandú,UY-PA,2017-10-30,2017-11-05,2017,44,7,7,100.0,100.0,3,24.3125,27.8,13.674107142857142,9.1,44.767857142857146,33,87.58928571428571,100,5.486071428571428,8.91,29.09375,25.2625,35.9275,6.47,0.9929059261843136,125.5225494219429,0.535252371177323
Paysandú,UY-PA,2017-11-06,2017-11-12,2017,45,7,7,100.0,100.0,2,25.54375,27.6,14.43392857142857,9.7,41.607142857142854,29,84.54464285714286,94,5.058750000000001,7.89,1.25625,0.80625,38.925625,6.42,0.9725899962597003,163.34151675608842,0.38891604737253127
Paysandú,UY-PA,2017-11-13,2017-11-19,2017,46,7,7,100.0,100.0,2,26.596428571428568,35.7,13.480357142857143,8.8,36.392857142857146,25,83.125,98,6.163303571428572,9.68,17.40625,13.55625,42.20625,8.4,0.9954389626756013,347.51918919955807,0.3556562792220608
Paysandú,UY-PA,2017-11-20,2017-11-26,2017,47,7,7,100.0,100.0,4,24.04642857142857,29.6,12.479464285714286,8.3,41.205357142857146,29,81.9375,95,6.0200000000000005,9.07,17.95,15.6875,39.29875,7.7,0.9968525949793369,93.91824310230223,0.4881296578490276
Paysandú,UY-PA,2017-11-27,2017-12-03,2017,48,7,7,100.0,100.0,3,28.061607142857145,30.6,15.674999999999999,10.0,41.17857142857143,31,83.66071428571429,96,6.8914285714285715,8.54,5.93125,3.9375,44.225,7.82,0.9985451404918688,110.20102985470004,0.8417390163108185
Paysandú,UY-PA,2017-12-04,2017-12-10,2017,49,7,7,100.0,100.0,3,29.651785714285715,34.9,17.799107142857142,14.7,35.464285714285715,20,83.3125,97,5.621250000000001,8.02,1.775,1.575,44.223749999999995,8.92,0.9952298114449728,122.76016640984352,0.31680792212715897
Paysandú,UY-PA,2017-12-11,2017-12-17,2017,50,7,7,100.0,100.0,1,31.5375,37.6,18.103571428571428,14.0,32.19642857142857,25,73.02678571428571,96,6.006696428571429,10.04,10.96875,10.96875,49.725625,8.03,0.9945324348765334,64.62787188424612,0.25616712857995877
Paysandú,UY-PA,2017-12-18,2017-12-24,2017,51,7,7,100.0,100.0,5,28.46517857142857,34.2,17.392857142857142,10.5,44.723214285714285,34,81.45535714285714,97,5.930446428571429,8.19,9.225,8.15,42.23375,7.0,0.9981082627732288,104.5360761185791,0.8599470541683222
Paysandú,UY-PA,2017-12-25,2017-12-31,2017,52,7,7,100.0,100.0,2,32.815178571428575,35.2,20.095535714285713,14.8,33.473214285714285,19,78.99107142857143,99,4.566160714285714,6.57,11.78125,9.45,47.9525,8.53,0.9955483182068106,83.0759961849123,0.6133478058145065
Rivera,UY-RV,2017-01-02,2017-01-08,2017,1,7,7,100.0,100.0,6,29.387012987012987,32.3,20.698701298701298,15.8,60.142857142857146,47,92.93506493506493,98,5.274805194805195,6.82,18.472727272727273,8.818181818181818,33.22,6.58,0.9921996055533204,55.55170595142042,0.4875526347098093
Rivera,UY-RV,2017-01-09,2017-01-15,2017,2,7,7,100.0,100.0,5,28.81948051948052,32.4,19.194805194805195,16.0,61.090909090909086,50,95.15584415584416,99,4.955324675324675,6.43,88.14545454545454,42.71818181818182,32.53727272727273,6.25,0.9980785137914178,80.95892233015576,0.3787840166248674
Rivera,UY-RV,2017-01-16,2017-01-22,2017,3,7,7,100.0,100.0,3,28.14155844155844,29.4,18.02857142857143,15.2,57.51948051948052,46,95.31168831168831,100,4.940779220779221,6.79,33.96363636363636,30.672727272727272,36.67181818181818,6.46,0.995091662194809,94.74305786547758,0.6108419310301305
Rivera,UY-RV,2017-01-23,2017-01-29,2017,4,7,7,100.0,100.0,3,26.575324675324676,30.8,16.814285714285713,12.7,50.97402597402597,45,93.42857142857143,98,4.604675324675325,6.93,11.936363636363636,11.645454545454545,35.22090909090909,6.07,0.9968679482342342,113.47963413349449,0.3991051432941265
Rivera,UY-RV,2017-01-30,2017-02-05,2017,5,7,7,100.0,100.0,7,29.098701298701297,32.1,20.494805194805195,18.2,58.07792207792208,49,96.4155844155844,100,4.605974025974026,8.34,35.04545454545455,12.545454545454545,33.50909090909091,5.63,0.9953114157362463,60.926659284492956,0.3037652087030636
Rivera,UY-RV,2017-02-06,2017-02-12,2017,6,7,7,100.0,100.0,5,26.32987012987013,31.2,17.23896103896104,12.0,58.25974025974026,45,91.12987012987013,99,4.61012987012987,7.21,52.60909090909091,25.61818181818182,29.201818181818183,6.12,0.9971164880798015,103.12526591669996,0.6698806996127495
Rivera,UY-RV,2017-02-13,2017-02-19,2017,7,7,7,100.0,100.0,6,28.45974025974026,32.0,20.42077922077922,19.0,65.06493506493506,57,96.83116883116882,100,4.496493506493507,6.12,48.13636363636364,20.5,26.722727272727273,4.64,0.975396157921198,346.3769372348824,0.552007250510423
Rivera,UY-RV,2017-02-20,2017-02-26,2017,8,7,7,100.0,100.0,5,29.62987012987013,30.5,21.32337662337662,19.6,62.96103896103896,51,97.93506493506494,100,2.974805194805195,4.0,12.836363636363636,6.863636363636363,31.023636363636363,5.43,0.9891244673061762,67.42462888796054,0.4298861377746581
Rivera,UY-RV,2017-02-27,2017-03-05,2017,9,7,7,100.0,100.0,4,28.47012987012987,31.3,20.24025974025974,16.4,58.66233766233766,43,94.1038961038961,100,4.228441558441558,6.93,18.627272727272725,10.636363636363637,29.14727272727273,5.51,0.9977178860140334,85.51079314974157,0.32941309066815944
Rivera,UY-RV,2017-03-06,2017-03-12,2017,10,7,7,100.0,100.0,4,26.436363636363637,29.8,16.364935064935064,11.4,52.8051948051948,40,95.23376623376623,100,5.605714285714286,8.56,76.60909090909091,43.56363636363636,29.01909090909091,5.46,0.9948735614068581,101.10770958184176,0.4450674869967907
Rivera,UY-RV,2017-03-13,2017-03-19,2017,11,7,7,100.0,100.0,2,23.07922077922078,28.9,12.155844155844155,9.1,54.48051948051948,43,93.11688311688313,98,4.813246753246752,7.32,16.990909090909092,9.1,26.587272727272726,4.68,0.9959468518510372,131.74671596517578,0.33549131037988056
Rivera,UY-RV,2017-03-20,2017-03-26,2017,12,7,7,100.0,100.0,5,25.705194805194804,27.1,16.512987012987015,12.8,60.51948051948052,50,95.22077922077924,100,4.685194805194805,7.28,11.081818181818182,7.636363636363637,24.32181818181818,3.95,0.9986010616305878,96.37534925021608,0.9718942943661495
Rivera,UY-RV,2017-03-27,2017-04-02,2017,13,7,7,100.0,100.0,2,25.87012987012987,26.9,16.44025974025974,14.8,53.532467532467535,47,93.0,97,6.029610389610389,7.07,0.03636363636363636,0.02727272727272727,28.14818181818182,4.44,0.9993985520563784,80.57116418559393,0.9714639282460061
Rivera,UY-RV,2017-04-03,2017-04-09,2017,14,7,7,100.0,100.0,5,25.46103896103896,28.4,16.854545454545455,11.9,60.45454545454545,40,93.12987012987013,98,5.207142857142857,7.38,44.9,28.29090909090909,20.836363636363636,4.12,0.9962802915179007,79.58548372110089,0.5652483735135313
Rivera,UY-RV,2017-04-10,2017-04-16,2017,15,7,7,100.0,100.0,3,20.73246753246753,23.4,13.35974025974026,10.6,63.5974025974026,51,91.57142857142857,99,5.5987012987012985,8.88,31.581818181818182,29.363636363636363,16.848181818181818,3.72,0.998476998206446,126.17969408269289,0.44597656465580976
Rivera,UY-RV,2017-04-17,2017-04-23,2017,16,7,7,100.0,100.0,4,20.525974025974026,22.7,13.466233766233767,7.3,63.74025974025974,48,94.63636363636364,100,5.184285714285714,7.67,72.19090909090909,62.38181818181818,14.245454545454546,2.98,0.9965797374238518,112.39780825303653,0.38124299570901055
Rivera,UY-RV,2017-04-24,2017-04-30,2017,17,7,7,100.0,100.0,2,20.649350649350648,23.7,10.45974025974026,7.0,55.38961038961039,43,88.4025974025974,98,5.082857142857143,9.48,5.872727272727273,4.490909090909091,18.103636363636365,3.32,0.9957697770743682,334.89424515003043,0.575767930678652
Rivera,UY-RV,2017-05-01,2017-05-07,2017,18,7,7,100.0,100.0,2,23.206493506493505,25.7,12.792207792207792,8.0,64.67532467532467,44,96.77922077922078,100,3.8655844155844155,6.11,0.04545454545454546,0.02727272727272728,16.072727272727274,2.73,0.9986186263708466,74.0691308626931,0.8960734042571565
Rivera,UY-RV,2017-05-08,2017-05-14,2017,19,7,7,100.0,100.0,4,18.570129870129872,21.6,12.694805194805195,6.7,68.93506493506494,50,94.15584415584416,100,5.464675324675325,7.0,101.73636363636363,72.51818181818182,10.185454545454546,2.68,0.9955497219274584,105.83157430651772,0.25715706462756066
Rivera,UY-RV,2017-05-15,2017-05-21,2017,20,7,7,100.0,100.0,4,18.384415584415585,20.9,11.022077922077923,7.7,67.02597402597402,55,95.32467532467533,100,5.143896103896104,7.34,30.172727272727272,22.863636363636363,11.025454545454545,2.1,0.9961922207170482,95.96392277852603,0.21110852502105326
Rivera,UY-RV,2017-05-22,2017-05-28,2017,21,7,7,100.0,100.0,6,18.864935064935064,23.7,12.916883116883117,7.3,74.83116883116882,56,94.98701298701299,100,5.430649350649351,8.31,68.11818181818181,52.66363636363636,8.403636363636364,2.24,0.9966258228491676,76.71243332976185,0.5206676872118494
Rivera,UY-RV,2017-05-29,2017-06-04,2017,22,7,7,100.0,100.0,3,16.425974025974025,18.4,9.754545454545454,5.6,65.9090909090909,57,94.98701298701299,100,4.542727272727273,7.38,0.2363636363636364,0.2090909090909091,9.274545454545454,1.77,0.9807682632100023,144.11333912226618,0.7302616299401371
Rivera,UY-RV,2017-06-05,2017-06-11,2017,23,7,7,100.0,100.0,3,15.445454545454547,17.8,7.487012987012987,4.9,64.8051948051948,54,94.35064935064936,100,4.961298701298701,7.24,12.972727272727273,6.7727272727272725,10.604545454545455,2.57,0.9982850085365087,235.5180260603182,0.1615113850381738
Rivera,UY-RV,2017-06-12,2017-06-18,2017,24,7,7,100.0,100.0,2,19.816883116883115,24.9,10.375324675324675,5.2,69.02597402597402,55,94.97402597402596,100,5.473896103896104,9.1,14.0,12.954545454545455,12.462727272727273,3.18,0.9976891446161692,42.78591792088039,0.5150134339353429
Rivera,UY-RV,2017-06-19,2017-06-25,2017,25,7,7,100.0,100.0,0,18.675324675324674,24.1,9.464935064935064,-0.2,64.35064935064935,51,91.62337662337663,97,5.297272727272727,7.32,0.0,0.0,13.23,2.48,0.9962423804446622,29.674364773395112,0.5691288563768676
Rivera,UY-RV,2017-06-26,2017-07-02,2017,26,7,7,100.0,100.0,2,17.816883116883115,23.2,10.648051948051947,4.9,69.74025974025975,56,93.97402597402598,100,4.4701298701298695,7.54,39.72727272727273,32.36363636363637,9.72090909090909,2.57,0.9935388289585029,130.69028093324897,0.24415865281997373
Rivera,UY-RV,2017-07-03,2017-07-09,2017,27,7,7,100.0,100.0,2,19.924675324675324,21.9,11.56103896103896,6.8,63.649350649350644,58,91.63636363636364,97,4.754805194805194,6.77,0.1,0.06363636363636363,12.79,2.31,0.9969260131167832,31.45055639134237,0.9481875075515892
Rivera,UY-RV,2017-07-10,2017-07-16,2017,28,7,7,100.0,100.0,5,20.65844155844156,24.8,13.2987012987013,5.1,68.1948051948052,54,93.1168831168831,100,5.894675324675325,9.18,48.67272727272727,21.072727272727274,13.195454545454545,3.84,0.9981693595817036,10.904847956430283,0.4141921566668057
Rivera,UY-RV,2017-07-17,2017-07-23,2017,29,7,7,100.0,100.0,0,15.050649350649351,23.3,3.844155844155844,-0.4,52.5974025974026,46,85.3896103896104,95,4.724285714285714,6.56,0.0,0.0,14.342727272727272,2.84,0.9979849574688587,317.4187244405953,0.6257260124140237
Rivera,UY-RV,2017-07-24,2017-07-30,2017,30,7,7,100.0,100.0,3,23.44025974025974,25.6,14.594805194805195,12.9,61.1948051948052,54,91.55844155844156,98,5.098311688311688,6.84,3.336363636363637,2.3636363636363638,15.736363636363636,3.06,0.9973939193289846,25.287020160386607,0.8117641153948704
Rivera,UY-RV,2017-07-31,2017-08-06,2017,31,7,7,100.0,100.0,2,17.776623376623377,21.6,9.483116883116882,4.0,69.23376623376623,54,96.16883116883118,100,4.597272727272727,7.47,54.263636363636365,50.81818181818182,11.084545454545454,2.5,0.9963839069981165,116.08716223530806,0.6593179935981162
Rivera,UY-RV,2017-08-07,2017-08-13,2017,32,7,7,100.0,100.0,6,18.187012987012988,21.4,11.307792207792208,7.2,70.33766233766234,56,93.6103896103896,97,6.4759740259740255,8.88,113.08181818181818,54.63636363636363,10.781818181818181,2.47,0.9950694464126234,86.35743573221947,0.3365050188749842
Rivera,UY-RV,2017-08-14,2017-08-20,2017,33,7,7,100.0,100.0,1,18.741558441558443,23.1,5.932467532467533,2.9,51.883116883116884,37,92.27272727272727,100,4.645064935064935,8.39,2.627272727272727,2.627272727272727,17.945454545454545,2.9,0.9669482271232767,314.261865543229,0.11220713368393964
Rivera,UY-RV,2017-08-21,2017-08-27,2017,34,7,7,100.0,100.0,2,22.705194805194804,29.1,12.418181818181818,1.5,61.961038961038966,44,89.44155844155844,100,5.905064935064936,9.23,14.681818181818183,13.936363636363637,18.905454545454546,4.1,0.9953097947367475,28.62305367846649,0.9051907510458155
Rivera,UY-RV,2017-08-28,2017-09-03,2017,35,7,7,100.0,100.0,3,23.922077922077925,29.1,14.035064935064936,5.5,63.48051948051948,57,91.35064935064936,98,6.875324675324675,8.86,12.727272727272727,6.136363636363637,20.7,4.1,0.998198785605262,26.539703208947433,0.5510941439680759
Rivera,UY-RV,2017-09-04,2017-09-10,2017,36,7,7,100.0,100.0,7,23.144155844155847,28.5,14.564935064935066,9.8,65.70129870129871,55,95.7012987012987,100,5.602207792207793,7.48,61.58181818181818,26.08181818181818,14.086363636363636,2.85,0.9927566929933622,109.09965351795795,0.5875079044657971
Rivera,UY-RV,2017-09-11,2017-09-17,2017,37,7,7,100.0,100.0,6,17.92077922077922,20.1,10.474025974025974,7.6,63.98701298701299,51,96.67532467532467,100,5.711038961038961,9.45,82.51818181818182,43.79090909090909,15.455454545454545,3.41,0.9984453281399164,148.38972395111168,0.627435183868165
Rivera,UY-RV,2017-09-18,2017-09-24,2017,38,7,7,100.0,100.0,2,22.735064935064937,30.6,12.425974025974027,6.9,62.311688311688314,53,95.53246753246754,99,4.75051948051948,6.11,6.6909090909090905,6.618181818181818,22.94454545454545,4.61,0.9971633854156944,108.84655881566935,0.6384083364923957
Rivera,UY-RV,2017-09-25,2017-10-01,2017,39,7,7,100.0,100.0,6,20.898701298701297,25.4,13.996103896103895,11.8,70.16883116883118,56,94.68831168831169,100,5.240389610389611,8.04,40.39090909090909,20.80909090909091,15.539090909090909,3.41,0.9896633708792517,106.77958473925295,0.9258197730565099
Rivera,UY-RV,2017-10-02,2017-10-08,2017,40,7,7,100.0,100.0,4,22.593506493506492,26.9,12.555844155844156,7.6,50.5064935064935,37,86.1168831168831,95,7.357272727272727,9.29,4.545454545454545,2.7818181818181817,31.193636363636365,5.81,0.9994215114318915,9.695552005536976,0.2126522838313159
Rivera,UY-RV,2017-10-09,2017-10-15,2017,41,7,7,100.0,100.0,5,19.08701298701299,22.6,12.28961038961039,6.9,66.64935064935065,48,92.3896103896104,98,5.908311688311689,9.14,77.60909090909091,53.35454545454545,18.62272727272727,4.74,0.9872033626834461,145.71411398423422,0.7245294051537527
Rivera,UY-RV,2017-10-16,2017-10-22,2017,42,7,7,100.0,100.0,6,23.292207792207794,28.5,13.423376623376623,7.5,61.42857142857143,42,91.18181818181817,99,6.121688311688311,8.46,44.4,20.072727272727274,23.728181818181817,4.77,0.997598799759693,93.69022535898242,0.2391434003701283
Rivera,UY-RV,2017-10-23,2017-10-29,2017,43,7,7,100.0,100.0,6,22.880519480519478,26.3,12.662337662337661,4.1,59.98701298701298,49,94.37662337662337,100,4.8896103896103895,8.61,12.409090909090908,11.081818181818182,25.592727272727274,4.77,0.9950308742303793,101.46767085469891,0.6138725162011535
Rivera,UY-RV,2017-10-30,2017-11-05,2017,44,7,7,100.0,100.0,4,23.712987012987014,27.3,13.062337662337663,9.0,51.44155844155845,43,92.18181818181817,98,5.577272727272727,8.25,16.7,6.054545454545454,33.944545454545455,5.71,0.9912207371249303,129.05037017511464,0.3838098522818503
Rivera,UY-RV,2017-11-06,2017-11-12,2017,45,7,7,100.0,100.0,4,24.472727272727273,26.4,13.866233766233766,10.1,46.42857142857143,36,90.05194805194806,100,5.35025974025974,8.41,4.454545454545454,3.8454545454545452,36.70363636363636,6.06,0.9946862662573681,174.99029448608957,0.4000177207987319
Rivera,UY-RV,2017-11-13,2017-11-19,2017,46,7,7,100.0,100.0,1,25.83246753246753,32.9,12.458441558441558,7.9,40.506493506493506,32,85.9090909090909,99,5.7106493506493505,8.1,13.463636363636363,13.463636363636363,39.56090909090909,7.97,0.9549996525730255,93.83380488235662,0.08611696564067313
Rivera,UY-RV,2017-11-20,2017-11-26,2017,47,7,7,100.0,100.0,3,23.09220779220779,27.4,11.454545454545455,6.6,45.03896103896104,32,86.45454545454547,99,5.205064935064935,7.29,14.490909090909092,12.845454545454546,35.262727272727275,7.13,0.9771750868359849,121.79332352649575,0.6293453392748739
Rivera,UY-RV,2017-11-27,2017-12-03,2017,48,7,7,100.0,100.0,4,27.315584415584418,29.5,14.781818181818183,11.4,42.857142857142854,32,87.33766233766234,98,6.58038961038961,8.04,19.71818181818182,19.554545454545455,41.54454545454546,7.02,0.9988267598162065,114.72232814775431,0.816381755922083
Rivera,UY-RV,2017-12-04,2017-12-10,2017,49,7,7,100.0,100.0,3,27.74025974025974,32.9,16.95064935064935,14.4,41.83116883116883,21,90.76623376623377,100,5.715714285714285,8.32,0.36363636363636365,0.3,38.94181818181818,8.11,0.9948794910350681,139.68940474779546,0.41293320459154037
Rivera,UY-RV,2017-12-11,2017-12-17,2017,50,7,7,100.0,100.0,2,30.448051948051948,36.4,17.56883116883117,12.6,34.064935064935064,21,77.64935064935064,92,5.714155844155845,9.01,10.154545454545454,9.972727272727273,45.769090909090906,7.96,0.9823840498298725,78.01073068381233,0.30527615302677774
Rivera,UY-RV,2017-12-18,2017-12-24,2017,51,7,7,100.0,100.0,4,28.27012987012987,33.1,17.711688311688313,10.5,45.81818181818182,37,84.46753246753246,97,5.670389610389611,7.46,7.8181818181818175,7.145454545454545,41.35818181818182,6.71,0.9991201701304462,110.95651250287496,0.8866859427450801
Rivera,UY-RV,2017-12-25,2017-12-31,2017,52,7,7,100.0,100.0,3,32.042857142857144,34.1,19.28831168831169,13.0,31.4025974025974,24,87.79220779220779,96,4.430779220779221,6.22,8.718181818181817,8.545454545454545,46.915454545454544,7.97,0.9929284256946204,92.02166967051411,0.933247863336086
Rocha,UY-RO,2017-01-02,2017-01-08,2017,1,7,7,100.0,100.0,4,27.070238095238096,30.2,18.28095238095238,12.7,57.4404761904762,32,94.16666666666666,99,6.164285714285714,8.91,41.300000000000004,21.758333333333336,34.3275,6.78,0.9949061168963885,56.54277488138764,0.3492769770232703
Rocha,UY-RO,2017-01-09,2017-01-15,2017,2,7,7,100.0,100.0,4,26.96666666666667,32.8,17.445238095238096,13.2,54.88095238095239,39,91.92857142857143,99,5.548452380952381,8.93,32.61666666666667,19.375,38.02583333333333,6.94,0.9830142460091089,77.17414975651064,0.46965500953215594
Rocha,UY-RO,2017-01-16,2017-01-22,2017,3,7,7,100.0,100.0,3,26.985714285714288,29.2,18.748809523809523,15.6,62.30952380952381,46,95.92857142857143,100,5.604880952380952,8.91,23.849999999999998,21.891666666666666,35.306666666666665,6.25,0.9922379137249406,73.71383236593746,0.6031606670348961
Rocha,UY-RO,2017-01-23,2017-01-29,2017,4,7,7,100.0,100.0,4,25.70357142857143,30.6,17.373809523809523,12.5,55.73809523809524,43,93.02380952380952,99,5.715952380952381,10.67,5.341666666666667,2.625,34.17,6.56,0.9923064090029906,96.20626461796475,0.23429309058785183
Rocha,UY-RO,2017-01-30,2017-02-05,2017,5,7,7,100.0,100.0,7,27.702380952380953,31.5,21.158333333333335,17.6,67.63095238095238,48,96.23809523809523,100,6.017857142857143,14.34,64.875,23.058333333333334,28.7275,5.99,0.9932712413979434,61.202719933645334,0.32873132504517955
Rocha,UY-RO,2017-02-06,2017-02-12,2017,6,7,7,100.0,100.0,6,24.086904761904766,27.3,18.396428571428572,12.5,66.41666666666667,50,90.48809523809523,99,6.352380952380953,13.56,23.0,16.675,24.80333333333333,4.85,0.9957578044327116,109.76602465690482,0.5212310425191955
Rocha,UY-RO,2017-02-13,2017-02-19,2017,7,7,7,100.0,100.0,6,27.876190476190477,30.7,20.895238095238096,18.2,65.71428571428571,52,96.76190476190477,100,4.769285714285714,6.19,48.0,17.691666666666666,27.174999999999997,5.04,0.9898540676256857,351.49255837934146,0.5093359857692846
Rocha,UY-RO,2017-02-20,2017-02-26,2017,8,7,7,100.0,100.0,6,29.188095238095237,30.8,21.451190476190476,19.5,66.10714285714286,56,99.08333333333334,100,3.67952380952381,5.32,11.508333333333335,9.25,28.72083333333333,5.05,0.9767908946858587,57.9838083625508,0.6249402998536296
Rocha,UY-RO,2017-02-27,2017-03-05,2017,9,7,7,100.0,100.0,5,27.64404761904762,31.7,20.86309523809524,16.8,58.892857142857146,43,91.14285714285714,99,5.345952380952381,8.27,10.941666666666666,5.625,30.515,5.25,0.996561088255851,93.74678439468646,0.2828144652027937
Rocha,UY-RO,2017-03-06,2017-03-12,2017,10,7,7,100.0,100.0,5,24.98095238095238,28.0,16.585714285714285,9.9,51.66666666666667,36,91.82142857142857,98,6.147738095238095,11.78,14.391666666666667,13.158333333333333,29.071666666666665,5.66,0.9798470085818378,0.11196826571389959,0.24564628423768295
Rocha,UY-RO,2017-03-13,2017-03-19,2017,11,7,7,100.0,100.0,4,22.817857142857143,28.2,14.275,11.4,53.67857142857143,40,87.91666666666666,97,5.54047619047619,10.55,34.56666666666666,31.858333333333334,25.859166666666667,5.13,0.9955012591273904,194.56395019930042,0.42064074521983713
Rocha,UY-RO,2017-03-20,2017-03-26,2017,12,7,7,100.0,100.0,7,23.95357142857143,25.8,17.775,13.1,69.10714285714286,56,94.66666666666666,100,5.319285714285714,7.44,11.408333333333333,6.758333333333333,21.008333333333333,3.78,0.9925733064404015,73.10886280422933,0.9875109562406231
Rocha,UY-RO,2017-03-27,2017-04-02,2017,13,7,7,100.0,100.0,4,23.940476190476186,25.9,18.127380952380953,15.6,58.642857142857146,45,89.58333333333334,96,6.2491666666666665,8.16,1.1583333333333334,0.5583333333333333,23.815,4.19,0.9970286458262093,65.91951078454169,0.9740422021795536
Rocha,UY-RO,2017-04-03,2017-04-09,2017,14,7,7,100.0,100.0,5,24.542857142857144,28.0,17.78095238095238,11.9,62.36904761904761,44,93.04761904761905,100,6.236666666666666,10.4,20.683333333333334,9.383333333333333,20.055833333333332,3.92,0.9969201849799295,57.152586861757854,0.45562551218042385
Rocha,UY-RO,2017-04-10,2017-04-16,2017,15,7,7,100.0,100.0,6,20.46666666666667,25.7,13.953571428571427,9.2,62.13095238095239,51,90.23809523809523,96,5.640119047619048,11.41,36.425000000000004,35.06666666666667,16.929166666666667,3.57,0.9968163535879917,160.23627671522271,0.3907985482764636
Rocha,UY-RO,2017-04-17,2017-04-23,2017,16,7,7,100.0,100.0,5,20.639285714285712,22.6,13.507142857142856,6.5,61.05952380952381,43,92.34523809523809,99,5.331428571428572,8.92,20.2,10.9,15.158333333333333,3.06,0.9959168151596602,293.65699350106684,0.10378594640201988
Rocha,UY-RO,2017-04-24,2017-04-30,2017,17,7,7,100.0,100.0,3,20.825,24.1,12.24047619047619,9.7,57.952380952380956,45,87.85714285714286,100,6.598452380952382,13.63,14.775,11.541666666666666,18.810000000000002,4.03,0.9982797836675779,307.5454811533494,0.5968816170356436
Rocha,UY-RO,2017-05-01,2017-05-07,2017,18,7,7,100.0,100.0,0,22.767857142857142,25.1,13.630952380952381,8.4,65.13095238095238,47,97.23809523809523,100,4.028333333333333,6.89,0.0,0.0,14.284166666666666,2.84,0.8877824679532723,36.76613659675324,0.8547642854762987
Rocha,UY-RO,2017-05-08,2017-05-14,2017,19,7,7,100.0,100.0,5,18.773809523809522,22.2,13.488095238095237,7.8,67.23809523809523,47,94.09523809523809,99,6.382976190476191,8.35,22.933333333333334,10.475,11.051666666666666,2.48,0.9929723086805202,201.1788616216125,0.25089608330583413
Rocha,UY-RO,2017-05-15,2017-05-21,2017,20,7,7,100.0,100.0,5,18.625,20.7,11.578571428571427,7.2,67.57142857142857,56,95.77380952380952,100,6.642380952380953,12.33,40.858333333333334,32.416666666666664,10.744166666666667,2.08,0.9959525250718304,354.8603342541684,0.17110916743440702
Rocha,UY-RO,2017-05-22,2017-05-28,2017,21,7,7,100.0,100.0,3,18.87857142857143,22.2,12.451190476190476,8.7,69.01190476190476,53,93.26190476190477,100,5.102380952380953,7.29,29.525000000000002,23.375,9.906666666666666,2.13,0.9955085281296749,34.967107755494254,0.20130304407038163
Rocha,UY-RO,2017-05-29,2017-06-04,2017,22,7,7,100.0,100.0,2,16.58214285714286,18.1,9.291666666666668,5.1,64.23809523809523,52,95.26190476190477,100,4.095238095238095,7.29,2.7416666666666667,2.591666666666667,9.954166666666667,1.76,0.9962590224198694,202.03627496293404,0.5660921866054583
Rocha,UY-RO,2017-06-05,2017-06-11,2017,23,7,7,100.0,100.0,2,15.017857142857142,18.4,7.404761904761905,1.6,59.67857142857143,43,92.94047619047619,100,5.768333333333333,10.11,23.866666666666667,23.791666666666668,10.9,2.65,0.967681272704436,262.30919339959394,0.7093089450141632
Rocha,UY-RO,2017-06-12,2017-06-18,2017,24,7,7,100.0,100.0,2,18.795238095238094,25.0,10.246428571428572,2.4,64.72619047619047,37,94.23809523809523,100,5.502976190476191,11.73,4.683333333333334,4.466666666666667,12.208333333333332,2.64,0.987636080886999,342.8401854885727,0.7179275250873488
Rocha,UY-RO,2017-06-19,2017-06-25,2017,25,7,7,100.0,100.0,1,18.677380952380954,24.6,10.020238095238096,1.5,65.14285714285714,48,90.67857142857143,97,5.2405952380952385,10.96,0.041666666666666664,0.041666666666666664,11.765,2.22,0.9963639038011186,347.52590622138075,0.7116140350339294
Rocha,UY-RO,2017-06-26,2017-07-02,2017,26,7,7,100.0,100.0,3,16.982142857142858,23.9,9.907142857142857,2.2,64.86904761904762,49,93.04761904761905,99,4.702738095238096,8.4,10.033333333333333,7.8,9.865,2.61,0.9542314569503683,293.2818670843331,0.15417080694147897
Rocha,UY-RO,2017-07-03,2017-07-09,2017,27,7,7,100.0,100.0,4,18.40952380952381,21.7,11.929761904761904,7.3,73.58333333333334,60,96.02380952380952,100,5.389166666666667,8.18,20.625,10.583333333333334,9.308333333333334,1.96,0.9551500107310319,38.65515812784855,0.8460367643559473
Rocha,UY-RO,2017-07-10,2017-07-16,2017,28,7,7,100.0,100.0,6,18.626190476190477,24.8,12.509523809523811,5.9,72.20238095238095,58,94.46428571428571,100,6.426666666666667,9.53,25.941666666666666,15.700000000000001,10.195833333333335,3.05,0.959186078101997,32.72770395054275,0.2057898081563127
Rocha,UY-RO,2017-07-17,2017-07-23,2017,29,7,7,100.0,100.0,1,14.523809523809524,22.4,5.055952380952381,1.3,57.17857142857143,44,86.10714285714286,100,5.914047619047619,9.93,0.18333333333333335,0.18333333333333335,12.9625,2.74,0.9976838815194259,302.6924650135784,0.6475892210674344
Rocha,UY-RO,2017-07-24,2017-07-30,2017,30,7,7,100.0,100.0,5,19.952380952380953,24.6,13.651190476190477,11.1,75.88095238095238,59,95.94047619047619,100,5.531071428571429,7.61,25.05,15.0,9.828333333333333,2.48,0.9912373069177944,66.93378441119317,0.4134555433444794
Rocha,UY-RO,2017-07-31,2017-08-06,2017,31,7,7,100.0,100.0,3,16.151190476190475,20.5,9.210714285714285,3.0,70.30952380952381,56,96.08333333333334,100,5.130119047619048,7.24,30.150000000000002,16.7,10.3025,2.19,0.9916431510620155,118.98719038756083,0.29054810868804193
Rocha,UY-RO,2017-08-07,2017-08-13,2017,32,7,7,100.0,100.0,7,16.95,20.3,12.126190476190475,9.1,73.90476190476191,64,94.03571428571429,100,8.049880952380953,14.12,71.11666666666666,40.574999999999996,10.023333333333333,2.16,0.9968744871409668,81.29048622598891,0.33784993416120535
Rocha,UY-RO,2017-08-14,2017-08-20,2017,33,7,7,100.0,100.0,3,17.277380952380952,20.8,6.982142857142857,3.5,53.26190476190476,38,92.57142857142857,99,5.8025,10.85,3.2416666666666663,3.1999999999999997,16.43,3.06,0.9968845932347559,286.4061861660018,0.6160439984336915
Rocha,UY-RO,2017-08-21,2017-08-27,2017,34,7,7,100.0,100.0,4,20.26309523809524,27.6,12.151190476190477,0.9,69.91666666666667,43,94.22619047619048,100,5.280952380952381,8.71,17.383333333333333,11.433333333333332,12.97,3.03,0.9063752388312645,30.819874574262062,0.7471516417259629
Rocha,UY-RO,2017-08-28,2017-09-03,2017,35,7,7,100.0,100.0,5,22.083333333333336,30.6,13.62857142857143,5.7,68.92857142857143,54,93.03571428571429,99,7.308452380952381,12.83,41.608333333333334,34.24166666666667,16.62,3.97,0.9961643476862866,24.22242052432012,0.6019676137412312
Rocha,UY-RO,2017-09-04,2017-09-10,2017,36,7,7,100.0,100.0,6,19.474999999999998,23.0,13.886904761904763,8.5,75.01190476190477,51,95.27380952380952,99,6.142261904761905,9.32,62.93333333333334,18.375,10.978333333333333,2.61,0.9868953967434347,108.30231316742298,0.5575933576805201
Rocha,UY-RO,2017-09-11,2017-09-17,2017,37,7,7,100.0,100.0,4,17.545238095238098,20.6,10.502380952380951,6.8,62.226190476190474,53,93.32142857142857,100,5.940714285714286,15.09,48.233333333333334,30.025000000000002,16.445,3.12,0.9892765847259796,165.32349749762733,0.574006721068574
Rocha,UY-RO,2017-09-18,2017-09-24,2017,38,7,7,100.0,100.0,2,20.14166666666667,27.7,11.247619047619049,6.2,66.45238095238095,50,96.53571428571429,100,5.5525,8.67,10.116666666666667,8.383333333333333,19.251666666666665,3.86,0.9933279672058595,129.33525341590862,0.47577969699318967
Rocha,UY-RO,2017-09-25,2017-10-01,2017,39,7,7,100.0,100.0,5,18.813095238095237,22.8,13.570238095238095,11.0,68.36904761904762,50,93.26190476190477,100,5.931666666666667,8.52,10.391666666666667,4.258333333333334,15.780833333333334,3.66,0.9810701536372392,84.34511582319804,0.6400406312918747
Rocha,UY-RO,2017-10-02,2017-10-08,2017,40,7,7,100.0,100.0,4,21.075,26.8,11.998809523809523,7.3,51.63095238095237,37,91.44047619047619,99,8.39345238095238,11.82,22.183333333333334,16.741666666666667,27.288333333333334,5.24,0.9970785962947855,338.30207428982345,0.2350526203446952
Rocha,UY-RO,2017-10-09,2017-10-15,2017,41,7,7,100.0,100.0,4,19.21309523809524,23.8,11.829761904761906,7.6,60.52380952380952,43,91.11904761904762,100,6.127380952380952,8.45,16.424999999999997,8.816666666666666,21.212500000000002,4.56,0.996506403712938,186.905433085324,0.41127031802657377
Rocha,UY-RO,2017-10-16,2017-10-22,2017,42,7,7,100.0,100.0,5,21.275000000000002,26.9,12.222619047619048,6.0,62.13095238095239,43,93.35714285714286,100,7.486547619047619,11.37,31.708333333333332,23.15833333333333,23.969166666666666,4.86,0.9969002038935592,16.332108045104,0.1416821459787347
Rocha,UY-RO,2017-10-23,2017-10-29,2017,43,7,7,100.0,100.0,4,20.99047619047619,26.1,12.611904761904762,4.7,66.55952380952381,47,94.73809523809523,100,5.5772619047619045,9.96,36.733333333333334,29.583333333333332,23.2175,4.55,0.9682409165066339,87.93923387301183,0.785873033445287
Rocha,UY-RO,2017-10-30,2017-11-05,2017,44,7,7,100.0,100.0,4,21.998809523809523,25.8,12.16904761904762,8.7,51.273809523809526,40,92.83333333333334,99,5.969761904761905,9.69,2.4,0.9333333333333332,31.48,5.07,0.9901371432267309,174.57633377401336,0.3498610933561294
Rocha,UY-RO,2017-11-06,2017-11-12,2017,45,7,7,100.0,100.0,6,22.625,26.6,14.520238095238096,10.8,53.02380952380952,33,92.54761904761905,99,6.903809523809524,13.53,11.8,5.6000000000000005,31.3875,5.39,0.9908749952382793,302.14942964231216,0.15603636230722587
Rocha,UY-RO,2017-11-13,2017-11-19,2017,46,7,7,100.0,100.0,3,24.54642857142857,33.9,11.982142857142858,8.3,44.26190476190476,26,88.41666666666666,97,7.06452380952381,10.15,1.7249999999999999,1.0916666666666666,38.295,7.96,0.9966126905597152,275.8408145008376,0.25788279399010383
Rocha,UY-RO,2017-11-20,2017-11-26,2017,47,7,7,100.0,100.0,4,21.47738095238095,29.1,10.778571428571428,5.8,42.98809523809524,29,83.57142857142857,97,5.9425,10.26,3.375,1.9083333333333332,36.4475,8.11,0.9062176665184598,184.33624110986275,0.3715884367444063
Rocha,UY-RO,2017-11-27,2017-12-03,2017,48,7,7,100.0,100.0,4,23.00714285714286,29.2,14.635714285714286,10.1,52.88095238095239,35,85.61904761904762,95,7.265714285714286,9.88,3.3583333333333334,2.1083333333333334,33.2475,6.35,0.9971868575486204,89.56521953654853,0.6926662242671049
Rocha,UY-RO,2017-12-04,2017-12-10,2017,49,7,7,100.0,100.0,6,25.717857142857145,33.9,16.45357142857143,13.2,52.392857142857146,27,94.36904761904762,100,5.837380952380952,8.5,6.875,2.1333333333333333,35.564166666666665,6.86,0.9864414573941332,108.34202344758555,0.39270669408887976
Rocha,UY-RO,2017-12-11,2017-12-17,2017,50,7,7,100.0,100.0,2,28.320238095238096,36.3,16.65357142857143,10.6,39.047619047619044,26,84.72619047619048,95,7.007857142857143,12.71,7.633333333333334,7.625,43.8975,9.06,0.9963000361212029,343.7698873400139,0.15714172247870659
Rocha,UY-RO,2017-12-18,2017-12-24,2017,51,7,7,100.0,100.0,4,25.01309523809524,31.9,17.43690476190476,11.9,51.73809523809524,39,82.88095238095238,98,6.199166666666666,9.69,8.925,7.625,34.06333333333333,6.34,0.9966023407239464,90.26914498071716,0.750550322572082
Rocha,UY-RO,2017-12-25,2017-12-31,2017,52,7,7,100.0,100.0,2,29.390476190476193,33.4,18.761904761904763,12.8,44.61904761904763,26,92.48809523809523,99,5.417261904761905,7.78,1.7666666666666668,1.0333333333333334,42.8025,7.67,0.9847586837048474,55.050038270487846,0.7666141967241586
Río Negro,UY-RN,2017-01-02,2017-01-08,2017,1,7,7,100.0,100.0,4,29.69464285714286,31.4,20.689285714285713,15.8,57.607142857142854,31,93.10714285714286,100,5.467678571428571,6.93,47.0375,21.325,34.47625,6.53,0.9918703631311433,55.27391825947616,0.5604556811429997
Río Negro,UY-RN,2017-01-09,2017-01-15,2017,2,7,7,100.0,100.0,5,29.282142857142855,32.6,19.232142857142858,15.8,52.44642857142857,38,90.01785714285714,99,5.670714285714285,7.3,45.925000000000004,17.6125,38.955,6.87,0.9964232129949853,55.14444666453616,0.3756238190732958
Río Negro,UY-RN,2017-01-16,2017-01-22,2017,3,7,7,100.0,100.0,3,29.85892857142857,32.0,20.0125,18.3,52.375,38,91.23214285714286,99,5.1937500000000005,9.18,59.2875,57.6875,39.16125,6.96,0.9970102941722186,86.1351369657288,0.7130182097115305
Río Negro,UY-RN,2017-01-23,2017-01-29,2017,4,7,7,100.0,100.0,3,27.18035714285714,31.9,16.962500000000002,13.4,46.589285714285715,38,86.73214285714286,94,4.965535714285714,7.57,0.6375,0.3625,39.37875,7.07,0.9977802409739124,113.21855731504286,0.2721987460154006
Río Negro,UY-RN,2017-01-30,2017-02-05,2017,5,7,7,100.0,100.0,6,28.955357142857142,33.4,20.539285714285715,17.5,55.339285714285715,43,92.82142857142857,98,5.640000000000001,11.3,60.5,23.2,34.0875,6.6,0.9970514188422602,44.36355009558067,0.2712308594490208
Río Negro,UY-RN,2017-02-06,2017-02-12,2017,6,7,7,100.0,100.0,4,25.696428571428573,29.8,18.121428571428574,12.5,61.232142857142854,45,88.5,98,5.107321428571429,7.65,68.45,51.8125,28.689999999999998,6.12,0.9949843886934386,112.39022773929376,0.7395643682256209
Río Negro,UY-RN,2017-02-13,2017-02-19,2017,7,7,7,100.0,100.0,6,28.114285714285717,30.8,20.201785714285712,18.3,66.0,50,97.51785714285714,100,4.0148214285714285,5.5,51.9875,21.975,25.1125,5.14,0.9810999976416743,341.52238142616034,0.3731132218691106
Río Negro,UY-RN,2017-02-20,2017-02-26,2017,8,7,7,100.0,100.0,6,30.880357142857143,31.9,22.1375,20.5,60.30357142857143,50,95.98214285714286,100,2.8771428571428572,4.24,15.125,7.725,31.74375,5.5,0.9365626430477316,14.330165377603437,0.23581488223082078
Río Negro,UY-RN,2017-02-27,2017-03-05,2017,9,7,7,100.0,100.0,4,29.026785714285715,32.3,20.474999999999998,15.8,54.964285714285715,41,89.89285714285714,98,4.590178571428572,7.83,1.7874999999999999,1.1749999999999998,32.4075,5.67,0.9973972012823188,58.45165943230441,0.2581807676820233
Río Negro,UY-RN,2017-03-06,2017-03-12,2017,10,7,7,100.0,100.0,4,26.294642857142858,30.7,16.62857142857143,12.5,48.160714285714285,37,89.25,99,5.365,7.67,69.93750000000001,66.65,30.265,5.24,0.9954736386872975,94.45499092230813,0.326756384931403
Río Negro,UY-RN,2017-03-13,2017-03-19,2017,11,7,7,100.0,100.0,2,22.635714285714283,26.6,12.305357142857144,9.1,53.517857142857146,42,92.60714285714286,98,4.432678571428571,8.44,17.224999999999998,16.8875,25.901249999999997,4.8,0.9951289543603216,112.07540538891669,0.3493972673002226
Río Negro,UY-RN,2017-03-20,2017-03-26,2017,12,7,7,100.0,100.0,4,25.748214285714287,27.0,16.914285714285715,13.2,60.214285714285715,50,95.16071428571429,100,4.556964285714286,7.17,8.975,5.175,24.86625,4.13,0.9972418133216554,84.5864514998378,0.9862533256522288
Río Negro,UY-RN,2017-03-27,2017-04-02,2017,13,7,7,100.0,100.0,2,26.594642857142855,27.8,17.392857142857142,16.0,55.44642857142857,49,88.57142857142857,96,6.431964285714286,7.78,0.09999999999999999,0.0875,28.25125,4.58,0.9996611164471567,72.26005660754599,0.9864070001800488
Río Negro,UY-RN,2017-04-03,2017-04-09,2017,14,7,7,100.0,100.0,5,25.841071428571432,27.7,17.423214285714288,13.4,55.714285714285715,38,89.69642857142857,97,4.887142857142857,8.17,38.7625,34.2,22.18375,4.59,0.9793993434613913,100.21979622771866,0.6241917535865747
Río Negro,UY-RN,2017-04-10,2017-04-16,2017,15,7,7,100.0,100.0,2,20.94107142857143,22.7,12.482142857142858,8.8,58.339285714285715,44,91.5,99,5.356964285714286,10.38,9.0375,8.75,19.1175,3.7,0.9988190320088189,126.8721318175628,0.4180004836577065
Río Negro,UY-RN,2017-04-17,2017-04-23,2017,16,7,7,100.0,100.0,3,20.655357142857145,22.5,12.998214285714285,8.0,58.982142857142854,43,93.125,98,4.9678571428571425,6.82,31.95,27.7,15.24875,3.11,0.9913994552475345,136.08336866084372,0.38316844496879277
Río Negro,UY-RN,2017-04-24,2017-04-30,2017,17,7,7,100.0,100.0,2,20.771428571428572,23.6,10.883928571428571,7.6,55.375,40,89.10714285714286,98,5.697321428571429,10.06,34.75,33.8625,18.735,3.43,0.9836478272332897,336.5020134137838,0.46679700983348615
Río Negro,UY-RN,2017-05-01,2017-05-07,2017,18,7,7,100.0,100.0,2,24.01071428571429,25.5,13.164285714285715,8.8,62.42857142857143,48,95.76785714285714,100,4.15125,6.41,7.2,7.175,16.825,2.88,0.9982635433760293,58.88005216462465,0.9687510841934817
Río Negro,UY-RN,2017-05-08,2017-05-14,2017,19,7,7,100.0,100.0,5,18.02857142857143,21.7,12.489285714285714,8.4,69.25,57,93.375,99,5.445,6.66,28.5625,21.0375,10.29375,2.32,0.9798460531992763,142.8067743009951,0.7794486817011276
Río Negro,UY-RN,2017-05-15,2017-05-21,2017,20,7,7,100.0,100.0,4,17.755357142857143,19.1,10.551785714285714,7.5,65.39285714285714,52,94.80357142857143,100,5.036607142857143,8.24,44.9375,35.7875,10.162500000000001,2.09,0.9921657061694663,23.159590478421688,0.2204030168950386
Río Negro,UY-RN,2017-05-22,2017-05-28,2017,21,7,7,100.0,100.0,5,17.789285714285715,21.0,11.673214285714286,7.5,71.92857142857143,54,94.01785714285714,100,5.038928571428571,7.08,21.087500000000002,19.125,8.73,2.22,0.9826415304028896,119.05378687676802,0.43320058519886406
Río Negro,UY-RN,2017-05-29,2017-06-04,2017,22,7,7,100.0,100.0,1,15.839285714285714,17.7,9.146428571428572,5.2,64.39285714285714,54,96.5,100,4.041428571428571,5.77,0.0125,0.0125,9.03,1.61,0.9959914342482737,136.5806840538502,0.6273958327762338
Río Negro,UY-RN,2017-06-05,2017-06-11,2017,23,7,7,100.0,100.0,2,15.139285714285714,18.5,6.367857142857143,2.7,60.785714285714285,50,94.625,100,4.757142857142857,7.61,3.1374999999999997,2.6125,10.85,2.56,0.9974029549518801,295.9211611348659,0.18524471883623075
Río Negro,UY-RN,2017-06-12,2017-06-18,2017,24,7,7,100.0,100.0,3,19.207142857142856,24.7,9.801785714285714,2.8,62.44642857142857,31,89.57142857142857,100,6.024821428571428,9.14,2.3375,2.2,13.20125,2.98,0.9989531948608541,28.44376216556441,0.5276159856656956
Río Negro,UY-RN,2017-06-19,2017-06-25,2017,25,7,7,100.0,100.0,1,19.008928571428573,24.7,10.630357142857141,0.4,62.80357142857143,51,87.33928571428571,97,5.902321428571429,8.21,0.125,0.125,14.515,3.06,0.9995520743779301,8.294911280669723,0.7549545646641319
Río Negro,UY-RN,2017-06-26,2017-07-02,2017,26,7,7,100.0,100.0,3,17.17142857142857,24.2,10.482142857142858,5.9,67.28571428571429,54,92.55357142857143,100,4.4992857142857146,7.73,15.85,8.5,9.99125,2.92,0.9954752333956857,30.79842758417442,0.16755666400199237
Río Negro,UY-RN,2017-07-03,2017-07-09,2017,27,7,7,100.0,100.0,5,19.12142857142857,22.0,12.067857142857141,7.5,70.5,58,94.23214285714286,100,5.459821428571429,7.51,53.3875,19.75,10.1975,2.44,0.9646799520180608,55.15393767118356,0.7464988874422858
Río Negro,UY-RN,2017-07-10,2017-07-16,2017,28,7,7,100.0,100.0,6,19.417857142857144,25.0,11.876785714285715,5.1,69.05357142857143,57,91.875,100,6.693214285714285,9.99,16.2875,9.2375,12.48125,3.32,0.9946458849011381,37.37649892630802,0.20359265389084752
Río Negro,UY-RN,2017-07-17,2017-07-23,2017,29,7,7,100.0,100.0,0,15.035714285714286,23.6,4.508928571428571,-0.1,53.357142857142854,42,84.16071428571429,95,5.104464285714286,6.58,0.0,0.0,14.0125,2.71,0.9963350142833555,328.83345887988423,0.7690443688573623
Río Negro,UY-RN,2017-07-24,2017-07-30,2017,30,7,7,100.0,100.0,4,22.00714285714286,25.3,14.950000000000001,12.4,67.01785714285714,54,89.14285714285714,95,6.156428571428571,8.64,13.5875,8.5375,14.42875,3.38,0.9289172416920918,57.23159905106002,0.482970497229639
Río Negro,UY-RN,2017-07-31,2017-08-06,2017,31,7,7,100.0,100.0,3,16.70714285714286,22.3,9.076785714285714,2.8,68.64285714285714,55,96.78571428571429,100,4.626607142857144,6.44,35.35,21.1,10.73875,2.36,0.9957718612881166,99.01224649243686,0.6731333555014289
Río Negro,UY-RN,2017-08-07,2017-08-13,2017,32,7,7,100.0,100.0,5,18.035714285714285,22.0,11.137500000000001,6.7,68.78571428571429,52,93.51785714285714,98,7.112321428571429,10.83,50.3,22.725,11.45125,2.15,0.9985151445325056,123.14274030637766,0.3868562157499491
Río Negro,UY-RN,2017-08-14,2017-08-20,2017,33,7,7,100.0,100.0,1,18.132142857142856,22.8,6.85,3.1,51.57142857142857,36,89.92857142857143,96,5.123392857142856,9.3,10.75,10.75,16.70125,3.1,0.9982040408341378,300.7560175838079,0.2526000299868339
Río Negro,UY-RN,2017-08-21,2017-08-27,2017,34,7,7,100.0,100.0,5,22.31607142857143,27.5,12.539285714285715,1.6,63.482142857142854,41,92.5,99,5.58875,8.01,130.9,56.4375,16.31625,3.25,0.9857936271240904,41.04892094251198,0.6846713597995499
Río Negro,UY-RN,2017-08-28,2017-09-03,2017,35,7,7,100.0,100.0,3,23.09642857142857,29.7,13.708928571428572,5.3,64.58928571428571,52,91.64285714285714,98,6.6746428571428575,9.78,48.95,45.7625,18.63375,3.89,0.9962029009992784,11.12954703048522,0.43997598010118366
Río Negro,UY-RN,2017-09-04,2017-09-10,2017,36,7,7,100.0,100.0,5,19.81607142857143,24.4,13.319642857142856,9.1,72.5,53,95.25,100,6.4817857142857145,10.32,124.92500000000001,57.7,11.86,2.69,0.9985252762174585,111.23139408262467,0.6710094977659863
Río Negro,UY-RN,2017-09-11,2017-09-17,2017,37,7,7,100.0,100.0,4,18.064285714285713,21.2,10.155357142857143,6.9,55.785714285714285,49,94.82142857142857,100,4.895892857142857,10.29,17.9375,14.425,17.92375,3.19,0.997434613250527,137.1649410686922,0.5486295336771012
Río Negro,UY-RN,2017-09-18,2017-09-24,2017,38,7,7,100.0,100.0,2,21.99642857142857,31.9,10.698214285714286,6.7,58.92857142857143,49,94.48214285714286,100,5.272678571428571,8.1,10.7875,10.1375,22.755000000000003,4.92,0.9981099687948711,97.19854031707796,0.6000919134971066
Río Negro,UY-RN,2017-09-25,2017-10-01,2017,39,7,7,100.0,100.0,7,20.571428571428573,24.5,13.342857142857143,11.2,67.17857142857143,55,93.69642857142857,99,6.198214285714286,8.57,33.675,16.2625,16.665,3.14,0.9978278505600947,110.83523247421452,0.7062252266740898
Río Negro,UY-RN,2017-10-02,2017-10-08,2017,40,7,7,100.0,100.0,3,22.648214285714285,26.0,12.364285714285714,9.3,48.839285714285715,33,88.33928571428571,98,8.1525,10.78,6.05,4.75,31.30125,6.15,0.9994288376701487,355.9283132773364,0.23982246179391253
Río Negro,UY-RN,2017-10-09,2017-10-15,2017,41,7,7,100.0,100.0,4,19.260714285714283,23.6,11.15,7.0,57.214285714285715,44,91.85714285714286,99,5.8585714285714285,9.79,11.35,7.6125,22.43,4.85,0.9955520022996193,150.7001628689665,0.4258369343763305
Río Negro,UY-RN,2017-10-16,2017-10-22,2017,42,7,7,100.0,100.0,6,22.508928571428573,28.3,13.048214285714286,9.2,59.42857142857143,44,93.19642857142857,100,6.234642857142857,8.73,59.4,50.6375,23.6725,5.16,0.9984589758072964,96.93073166442886,0.28779653757052676
Río Negro,UY-RN,2017-10-23,2017-10-29,2017,43,7,7,100.0,100.0,3,23.27857142857143,27.2,13.019642857142857,6.2,56.67857142857143,44,92.82142857142857,100,4.984464285714286,9.59,32.8125,29.05,27.35125,5.04,0.9960325998058247,90.71498122946012,0.7346563340471035
Río Negro,UY-RN,2017-10-30,2017-11-05,2017,44,7,7,100.0,100.0,4,23.866071428571427,27.1,13.501785714285715,9.9,44.392857142857146,35,89.33928571428571,100,5.253571428571428,8.7,28.562500000000004,24.85,34.7275,6.2,0.98475649860836,135.34445673855794,0.4583504608017815
Río Negro,UY-RN,2017-11-06,2017-11-12,2017,45,7,7,100.0,100.0,3,25.135714285714283,27.1,14.360714285714284,10.2,41.589285714285715,28,86.82142857142857,95,4.965178571428572,7.61,0.39999999999999997,0.35,37.6875,6.23,0.9914516355154565,177.35349610364906,0.2748226413944324
Río Negro,UY-RN,2017-11-13,2017-11-19,2017,46,7,7,100.0,100.0,2,26.633928571428573,35.4,13.696428571428571,9.2,34.964285714285715,24,80.82142857142857,93,6.085,8.97,6.9,4.4375,42.5625,7.8,0.9979743899255249,336.9995846839731,0.3687521761976171
Río Negro,UY-RN,2017-11-20,2017-11-26,2017,47,7,7,100.0,100.0,5,23.27857142857143,29.3,12.298214285714286,8.8,40.982142857142854,34,85.05357142857143,95,6.1067857142857145,9.4,36.05,22.1375,37.035000000000004,7.59,0.9952772992673785,83.41803212724513,0.3956643069904254
Río Negro,UY-RN,2017-11-27,2017-12-03,2017,48,7,7,100.0,100.0,3,26.917857142857144,28.3,15.044642857142858,9.8,43.357142857142854,35,84.55357142857143,96,6.602857142857142,8.32,3.2625,2.0125,41.78375,7.15,0.9976231439991617,104.03166713997636,0.8241372778911086
Río Negro,UY-RN,2017-12-04,2017-12-10,2017,49,7,7,100.0,100.0,3,29.39107142857143,34.2,17.619642857142857,14.8,36.089285714285715,23,86.21428571428571,95,5.520178571428572,7.24,1.825,1.6875,43.056250000000006,8.48,0.9955957092553808,115.94372227716404,0.25694621706901677
Río Negro,UY-RN,2017-12-11,2017-12-17,2017,50,7,7,100.0,100.0,2,31.192857142857143,36.5,17.876785714285713,14.6,32.30357142857143,27,74.25,94,5.906785714285713,9.82,22.825,22.8125,48.535,7.77,0.9984166811844689,51.73359602076477,0.18551723302597245
Río Negro,UY-RN,2017-12-18,2017-12-24,2017,51,7,7,100.0,100.0,4,27.405357142857145,33.6,16.807142857142857,11.0,46.92857142857143,31,83.67857142857143,96,5.694821428571429,8.27,8.8625,7.9375,39.4925,6.73,0.9980023617398778,98.25103959189244,0.8428317819296154
Río Negro,UY-RN,2017-12-25,2017-12-31,2017,52,7,7,100.0,100.0,3,32.580357142857146,35.2,19.973214285714285,15.1,33.767857142857146,23,78.33928571428571,97,4.307857142857143,6.33,11.8125,11.0625,47.426249999999996,7.78,0.9511120130922682,71.17771644409532,0.5857290351897559
Salto,UY-SA,2017-01-02,2017-01-08,2017,1,7,7,100.0,100.0,6,30.18235294117647,33.4,21.71596638655462,15.4,59.52941176470589,45,91.68067226890756,99,5.597478991596638,7.63,11.329411764705881,5.4411764705882355,34.00235294117647,6.97,0.9968338172869818,50.543715823393725,0.5947494560103697
Salto,UY-SA,2017-01-09,2017-01-15,2017,2,7,7,100.0,100.0,4,30.084873949579833,33.6,20.7672268907563,15.4,58.1764705882353,44,91.82352941176471,97,5.49,7.33,73.00588235294117,28.188235294117646,35.57941176470588,7.0,0.9891537444413736,65.78550534934332,0.5165216250459324
Salto,UY-SA,2017-01-16,2017-01-22,2017,3,7,7,100.0,100.0,3,29.715966386554623,32.3,19.66890756302521,17.2,49.10084033613445,37,91.48739495798318,100,5.279495798319329,7.69,44.68235294117647,43.83529411764706,40.98117647058824,7.17,0.9729912434466066,93.31965515570114,0.46714283390779127
Salto,UY-SA,2017-01-23,2017-01-29,2017,4,7,7,100.0,100.0,1,27.841176470588234,32.6,17.574789915966388,13.3,44.352941176470594,35,87.05042016806723,98,5.141008403361345,7.91,1.088235294117647,1.088235294117647,40.83588235294118,7.1,0.9752862435753783,116.53389169024331,0.36318810565331217
Salto,UY-SA,2017-01-30,2017-02-05,2017,5,7,7,100.0,100.0,6,30.008403361344538,33.6,21.001680672268908,17.8,51.54621848739496,38,94.14285714285714,99,5.175378151260504,9.7,37.035294117647055,23.36470588235294,36.67,6.85,0.9900972016567481,68.12939752715265,0.35742258195589993
Salto,UY-SA,2017-02-06,2017-02-12,2017,6,7,7,100.0,100.0,5,26.89747899159664,31.9,18.139495798319327,12.6,58.0,39,87.92436974789916,98,4.837899159663865,6.97,79.85882352941177,39.63529411764706,30.554117647058824,6.27,0.9918107327560478,105.49144904247602,0.7480649291646341
Salto,UY-SA,2017-02-13,2017-02-19,2017,7,7,7,100.0,100.0,6,28.159663865546218,32.2,20.736134453781514,19.1,66.52100840336134,58,96.81512605042018,100,4.869243697478992,7.03,55.95882352941177,21.023529411764706,23.958823529411763,4.55,0.990513421074107,341.3787295940162,0.419452038134425
Salto,UY-SA,2017-02-20,2017-02-26,2017,8,7,7,100.0,100.0,6,30.741176470588236,32.2,21.978991596638654,20.2,60.26050420168067,48,95.6218487394958,100,3.144705882352941,4.52,18.158823529411762,10.258823529411766,32.572941176470586,5.91,0.9543506670701623,90.1797797033328,0.4129835677506311
Salto,UY-SA,2017-02-27,2017-03-05,2017,9,7,7,100.0,100.0,3,29.354621848739495,32.3,21.0218487394958,16.0,57.436974789915965,44,90.05042016806723,98,4.678403361344538,7.3,5.376470588235295,2.835294117647059,31.474705882352943,5.79,0.9847661773618551,65.61475029137253,0.42680021906951143
Salto,UY-SA,2017-03-06,2017-03-12,2017,10,7,7,100.0,100.0,4,27.197478991596636,31.9,17.30840336134454,12.9,48.63025210084033,37,91.31932773109244,99,6.112184873949579,7.94,54.258823529411764,44.11176470588235,31.54470588235294,6.19,0.9942135329719731,96.83317313486724,0.6059344571092078
Salto,UY-SA,2017-03-13,2017-03-19,2017,11,7,7,100.0,100.0,2,23.32436974789916,27.6,12.530252100840338,9.1,53.76470588235294,41,91.68067226890756,96,4.9931092436974795,8.23,18.370588235294118,18.029411764705884,27.32470588235294,4.95,0.9882152591884641,118.34553186465675,0.4474181236985139
Salto,UY-SA,2017-03-20,2017-03-26,2017,12,7,7,100.0,100.0,4,26.7327731092437,28.7,17.36470588235294,12.9,56.554621848739494,49,93.40336134453783,99,4.9493277310924375,6.91,2.9411764705882355,2.011764705882353,27.21,4.57,0.9921681383565255,91.26160295015254,0.9650930230120031
Salto,UY-SA,2017-03-27,2017-04-02,2017,13,7,7,100.0,100.0,0,27.476470588235294,29.5,17.784033613445377,15.3,53.02521008403362,45,84.52941176470588,97,6.508403361344539,7.65,0.0,0.0,31.671764705882353,5.41,0.9992736702773445,77.31527718612556,0.9732818076043606
Salto,UY-SA,2017-04-03,2017-04-09,2017,14,7,7,100.0,100.0,5,26.203361344537818,29.5,17.85966386554622,12.7,56.32773109243697,32,88.98319327731092,99,5.65,8.88,47.55882352941177,42.27058823529412,22.909411764705883,5.05,0.9916194756396192,87.8648632774677,0.685896771915558
Salto,UY-SA,2017-04-10,2017-04-16,2017,15,7,7,100.0,100.0,2,21.508403361344538,23.9,13.290756302521007,9.4,60.00840336134454,47,90.82352941176471,100,5.837899159663865,9.14,28.38235294117647,27.564705882352943,19.658823529411766,3.66,0.9969381573801809,128.37742495596987,0.4498588554779596
Salto,UY-SA,2017-04-17,2017-04-23,2017,16,7,7,100.0,100.0,3,21.042016806722692,23.0,13.810084033613446,8.6,62.19327731092437,45,92.5798319327731,98,5.4773949579831935,7.9,64.14117647058823,56.911764705882355,15.321176470588235,3.31,0.9431868988429042,122.49651727038568,0.3978642654877027
Salto,UY-SA,2017-04-24,2017-04-30,2017,17,7,7,100.0,100.0,3,21.053781512605042,24.6,10.85126050420168,7.3,53.81512605042017,40,89.2016806722689,97,5.540588235294117,9.76,23.17058823529412,22.61764705882353,18.816470588235294,3.45,0.9826385235208522,357.2474954007969,0.509616465597944
Salto,UY-SA,2017-05-01,2017-05-07,2017,18,7,7,100.0,100.0,2,24.48235294117647,26.3,14.405882352941177,10.5,62.38655462184874,52,93.89075630252101,100,4.6456302521008395,7.44,1.0470588235294116,0.9647058823529411,17.925882352941176,2.95,0.9978099665476814,69.33927741991441,0.9327543612805618
Salto,UY-SA,2017-05-08,2017-05-14,2017,19,7,7,100.0,100.0,5,18.712605042016808,23.4,13.347899159663866,8.2,68.1344537815126,53,92.27731092436976,100,5.687983193277311,7.12,99.16470588235293,66.47647058823529,11.188823529411765,3.01,0.9771439050049749,131.0856098468772,0.5303547443572255
Salto,UY-SA,2017-05-15,2017-05-21,2017,20,7,7,100.0,100.0,3,18.647058823529413,21.5,11.079831932773109,7.7,65.5798319327731,53,94.77310924369748,100,4.765546218487395,7.78,29.141176470588235,23.84705882352941,11.239411764705883,2.25,0.9643005666500314,40.10084778084513,0.23164266317633112
Salto,UY-SA,2017-05-22,2017-05-28,2017,21,7,7,100.0,100.0,6,18.916806722689074,23.5,12.938655462184872,7.7,73.63025210084035,52,93.52941176470588,100,5.748991596638655,7.94,53.582352941176474,40.588235294117645,8.956470588235295,2.38,0.9716758220901808,92.3610932599547,0.4270575187951987
Salto,UY-SA,2017-05-29,2017-06-04,2017,22,7,7,100.0,100.0,2,16.431932773109246,18.6,10.089915966386554,5.1,65.34453781512606,57,94.32773109243696,100,4.806218487394958,6.97,0.07647058823529412,0.047058823529411764,9.935882352941176,1.78,0.9960404330727537,126.48248694467637,0.6805106984556736
Salto,UY-SA,2017-06-05,2017-06-11,2017,23,7,7,100.0,100.0,3,15.631092436974788,18.5,7.29327731092437,4.7,62.10924369747899,53,94.03361344537815,99,5.249159663865546,8.02,8.394117647058824,3.5647058823529414,11.111764705882354,2.39,0.9946146909986788,262.5444299207643,0.07276989819014047
Salto,UY-SA,2017-06-12,2017-06-18,2017,24,7,7,100.0,100.0,3,20.590756302521008,25.6,11.123529411764705,5.4,65.1344537815126,32,93.71428571428571,99,6.344957983193278,9.52,5.1,2.523529411764706,13.877647058823529,2.86,0.998293535319123,47.27337591209749,0.5431815586247718
Salto,UY-SA,2017-06-19,2017-06-25,2017,25,7,7,100.0,100.0,1,19.245378151260503,24.8,10.73529411764706,-0.0,62.21008403361345,52,87.72268907563024,100,6.264957983193277,8.32,0.017647058823529415,0.017647058823529415,15.436470588235295,3.03,0.9966776122683431,29.51345038106818,0.6560225238019086
Salto,UY-SA,2017-06-26,2017-07-02,2017,26,7,7,100.0,100.0,3,17.70420168067227,24.5,11.412605042016807,5.9,71.59663865546219,54,92.60504201680672,100,4.961596638655463,7.54,47.00588235294117,29.805882352941175,9.91764705882353,3.18,0.993399766521967,102.56645584011926,0.30826753872329504
Salto,UY-SA,2017-07-03,2017-07-09,2017,27,7,7,100.0,100.0,5,20.19495798319328,23.2,13.02016806722689,7.1,65.07563025210084,56,89.63025210084034,99,5.677394957983194,7.61,20.029411764705884,12.41764705882353,12.677647058823531,2.81,0.9930637448805958,40.65652722252977,0.9492116001644048
Salto,UY-SA,2017-07-10,2017-07-16,2017,28,7,7,100.0,100.0,5,20.96470588235294,25.8,13.14621848739496,5.1,66.94117647058823,52,92.10084033613445,100,7.093529411764706,9.89,34.34705882352941,13.676470588235293,14.645882352941175,3.58,0.9042411155297071,50.658503848126344,0.2674855562428854
Salto,UY-SA,2017-07-17,2017-07-23,2017,29,7,7,100.0,100.0,0,15.34033613445378,24.5,4.1949579831932775,-0.7,50.15966386554622,40,84.31932773109244,96,5.019495798319328,6.81,0.0,0.0,15.307647058823528,3.28,0.9951319091691319,334.25322086406504,0.686548176399249
Salto,UY-SA,2017-07-24,2017-07-30,2017,30,7,7,100.0,100.0,2,24.04873949579832,26.1,15.868907563025209,13.4,58.436974789915965,51,84.9327731092437,98,5.853025210084033,7.7,6.723529411764705,3.7411764705882353,18.57235294117647,3.88,0.9968974378703985,28.48223251225504,0.8667172908144128
Salto,UY-SA,2017-07-31,2017-08-06,2017,31,7,7,100.0,100.0,3,17.734453781512606,23.0,9.952941176470588,3.7,67.71428571428571,52,94.22689075630252,100,4.99453781512605,7.52,45.57058823529412,37.794117647058826,11.434705882352942,2.67,0.9877940451151355,111.25447536881944,0.6756203436807128
Salto,UY-SA,2017-08-07,2017-08-13,2017,32,7,7,100.0,100.0,5,18.619327731092437,22.5,11.367226890756303,7.1,67.73109243697479,52,93.57142857142857,100,7.536470588235295,10.51,125.70588235294117,54.45882352941176,12.311764705882354,2.5,0.9965620036721032,125.59883929704263,0.4380259223228476
Salto,UY-SA,2017-08-14,2017-08-20,2017,33,7,7,100.0,100.0,1,19.33109243697479,24.3,6.615126050420168,3.3,50.983193277310924,36,90.92436974789916,98,5.515714285714286,10.41,8.664705882352942,8.664705882352942,18.198235294117648,3.12,0.9921101490925067,65.62037993120404,0.22454216794713872
Salto,UY-SA,2017-08-21,2017-08-27,2017,34,7,7,100.0,100.0,4,23.403361344537814,29.3,13.40924369747899,1.7,60.63865546218488,41,87.80672268907563,99,6.491848739495799,10.42,22.56470588235294,15.817647058823528,19.51058823529412,4.19,0.9817963597553073,36.37611634096298,0.9282357368703966
Salto,UY-SA,2017-08-28,2017-09-03,2017,35,7,7,100.0,100.0,4,24.409243697478992,30.5,14.418487394957982,5.3,61.90756302521009,53,89.16806722689077,97,7.454201680672269,10.05,21.405882352941173,20.070588235294117,22.11,4.48,0.9912927800154422,24.394710800651914,0.4675275529595597
Salto,UY-SA,2017-09-04,2017-09-10,2017,36,7,7,100.0,100.0,5,22.449579831932773,27.1,14.137815126050421,9.8,70.29411764705883,53,93.97478991596638,100,6.691428571428572,9.49,111.67058823529412,38.55294117647059,14.38,3.32,0.9965897705900411,110.14284773840258,0.6551480588431196
Salto,UY-SA,2017-09-11,2017-09-17,2017,37,7,7,100.0,100.0,4,18.48739495798319,21.4,10.862184873949579,7.7,56.831932773109244,49,94.47899159663866,100,5.507478991596639,9.85,51.135294117647064,39.05294117647059,18.948823529411765,3.53,0.9968174835159535,144.0701330670884,0.6413409167323243
Salto,UY-SA,2017-09-18,2017-09-24,2017,38,7,7,100.0,100.0,2,22.915126050420167,32.1,12.240336134453782,8.2,58.92436974789916,48,92.57142857142857,97,5.718571428571429,8.37,4.9941176470588236,4.729411764705882,24.291176470588237,5.32,0.998276244223468,106.16353763003497,0.6227405491408319
Salto,UY-SA,2017-09-25,2017-10-01,2017,39,7,7,100.0,100.0,6,22.136134453781516,28.0,14.48655462184874,11.4,66.73949579831933,56,93.15966386554622,100,5.971428571428571,8.6,49.305882352941175,23.235294117647058,17.978823529411766,3.71,0.9926989340097883,108.14189324569521,0.8281487824799061
Salto,UY-SA,2017-10-02,2017-10-08,2017,40,7,7,100.0,100.0,3,23.461344537815126,27.3,13.35378151260504,8.2,47.45378151260504,33,86.39495798319328,98,8.404957983193277,10.78,14.194117647058821,12.923529411764704,33.641176470588235,6.61,0.9987696087911229,19.906077499605203,0.2702068639074811
Salto,UY-SA,2017-10-09,2017-10-15,2017,41,7,7,100.0,100.0,5,19.66470588235294,23.5,12.065546218487397,7.4,60.647058823529406,43,92.10084033613445,99,6.707394957983193,10.48,43.417647058823526,31.38235294117647,21.76823529411765,4.86,0.995714255899961,141.80961119217983,0.7181166366787636
Salto,UY-SA,2017-10-16,2017-10-22,2017,42,7,7,100.0,100.0,6,23.432773109243698,29.0,14.298319327731093,8.1,62.36974789915966,45,93.3529411764706,99,6.24546218487395,8.76,58.747058823529414,25.023529411764706,23.671176470588236,4.76,0.9975393965177668,95.42069350463782,0.3255036933606862
Salto,UY-SA,2017-10-23,2017-10-29,2017,43,7,7,100.0,100.0,4,23.771428571428572,27.5,13.195798319327732,5.4,56.75630252100841,46,91.6470588235294,99,5.517478991596638,10.8,12.547058823529412,10.382352941176471,27.974117647058822,5.46,0.9963743522152948,87.94177564098963,0.6180074709770343
Salto,UY-SA,2017-10-30,2017-11-05,2017,44,7,7,100.0,100.0,4,24.589915966386553,29.3,14.059663865546218,8.7,45.596638655462186,33,87.63025210084034,100,5.896638655462184,9.35,30.047058823529415,27.65294117647059,36.371764705882356,6.68,0.9934279626329846,126.57717244037454,0.5571338259189438
Salto,UY-SA,2017-11-06,2017-11-12,2017,45,7,7,100.0,100.0,3,25.64117647058824,27.6,14.587394957983193,9.8,42.915966386554615,31,85.00840336134453,94,5.207394957983193,7.79,2.9823529411764707,1.9529411764705884,39.40941176470589,6.47,0.9909443376457068,158.9484350150366,0.49343159734564623
Salto,UY-SA,2017-11-13,2017-11-19,2017,46,7,7,100.0,100.0,2,26.234453781512602,35.2,13.112605042016806,8.6,40.26050420168067,28,84.84033613445378,99,6.320840336134453,10.36,21.64117647058824,18.576470588235296,41.17,8.39,0.9916772996171062,19.972160743751232,0.26726379286693397
Salto,UY-SA,2017-11-20,2017-11-26,2017,47,7,7,100.0,100.0,4,24.428571428571427,29.4,12.7109243697479,7.8,41.6890756302521,29,83.7983193277311,96,6.097983193277311,8.44,11.705882352941176,8.152941176470588,39.902352941176474,7.59,0.9928725721189956,95.00376822010399,0.5520322346736573
Salto,UY-SA,2017-11-27,2017-12-03,2017,48,7,7,100.0,100.0,3,28.52521008403361,30.9,16.196638655462184,11.0,42.15966386554622,31,83.84033613445378,97,6.930588235294118,8.39,11.011764705882353,6.252941176470588,44.817647058823525,7.86,0.9977240534568201,112.53408432322266,0.8539996511789398
Salto,UY-SA,2017-12-04,2017-12-10,2017,49,7,7,100.0,100.0,3,29.32857142857143,35.0,17.931932773109246,14.6,37.10084033613445,19,86.61344537815125,97,5.723529411764706,8.02,1.4529411764705884,1.2823529411764707,44.11588235294118,9.07,0.9943462784192871,122.77154313654499,0.4130838890013015
Salto,UY-SA,2017-12-11,2017-12-17,2017,50,7,7,100.0,100.0,2,31.39327731092437,37.9,18.43109243697479,14.1,33.15966386554622,25,73.21848739495798,93,6.235714285714286,10.06,6.776470588235294,6.476470588235294,49.711176470588235,8.48,0.9914415147876251,82.08036172941735,0.3501601451643146
Salto,UY-SA,2017-12-18,2017-12-24,2017,51,7,7,100.0,100.0,5,29.276470588235295,34.7,18.192436974789917,10.4,43.52941176470588,34,79.63025210084034,93,6.1712605042016815,8.27,7.888235294117647,7.329411764705882,44.33176470588235,7.15,0.9985719293277705,107.14391543587557,0.8766021429040622
Salto,UY-SA,2017-12-25,2017-12-31,2017,52,7,7,100.0,100.0,2,32.38991596638656,35.8,20.105882352941176,14.7,34.773109243697476,20,81.17647058823529,97,4.627394957983193,7.08,12.25294117647059,8.63529411764706,46.80176470588235,8.62,0.985451570035024,90.40340791611762,0.7334790336613587
San José,UY-SJ,2017-01-02,2017-01-08,2017,1,7,7,100.0,100.0,3,28.025000000000002,31.2,18.87857142857143,13.3,53.75,35,91.53571428571429,99,5.758928571428571,10.32,56.975,43.325,34.86,6.91,0.9938489766776089,43.47766037586338,0.391556210685183
San José,UY-SJ,2017-01-09,2017-01-15,2017,2,7,7,100.0,100.0,3,28.835714285714285,31.6,18.010714285714286,13.8,46.642857142857146,32,87.07142857142857,98,5.7682142857142855,7.97,22.975,13.75,41.4475,7.26,0.9758269514606818,43.21784496651926,0.2912878179515284
San José,UY-SJ,2017-01-16,2017-01-22,2017,3,7,7,100.0,100.0,3,29.732142857142858,32.7,19.967857142857145,17.3,47.392857142857146,35,87.85714285714286,97,5.404285714285714,7.48,11.7,9.875,41.0875,7.28,0.9988868130930324,61.36622912315892,0.5907291137315887
San José,UY-SJ,2017-01-23,2017-01-29,2017,4,7,7,100.0,100.0,3,27.175,31.8,17.325,12.3,44.07142857142857,36,84.57142857142857,94,5.022857142857142,8.39,3.275,2.1,39.7,7.4,0.9943286556097853,98.5623440277749,0.06640658302706079
San José,UY-SJ,2017-01-30,2017-02-05,2017,5,7,7,100.0,100.0,5,28.264285714285712,33.8,20.075,16.9,56.285714285714285,38,94.85714285714286,99,6.585,15.68,62.025,23.8,31.595,7.09,0.9969499942556437,22.420473713727677,0.25605660312839323
San José,UY-SJ,2017-02-06,2017-02-12,2017,6,7,7,100.0,100.0,4,25.49642857142857,28.9,17.34642857142857,12.3,55.75,45,89.82142857142857,99,5.570714285714286,9.18,14.399999999999999,8.7,29.825,5.49,0.9994100060428567,120.70083233606947,0.5806107827243093
San José,UY-SJ,2017-02-13,2017-02-19,2017,7,7,7,100.0,100.0,5,27.939285714285713,30.8,20.103571428571428,16.9,62.535714285714285,50,96.35714285714286,99,4.6274999999999995,6.13,56.075,28.575,26.880000000000003,5.54,0.9956649915851129,314.21496928340156,0.6345029465096524
San José,UY-SJ,2017-02-20,2017-02-26,2017,8,7,7,100.0,100.0,5,31.282142857142855,32.0,21.70357142857143,20.5,58.285714285714285,52,96.17857142857143,100,3.619285714285714,5.11,12.85,6.55,34.0725,5.51,0.9866568143720205,344.5959772885146,0.21669275856732906
San José,UY-SJ,2017-02-27,2017-03-05,2017,9,7,7,100.0,100.0,5,28.87857142857143,33.2,20.589285714285715,13.9,49.82142857142857,42,88.78571428571429,99,4.8774999999999995,6.8,9.899999999999999,8.225,33.02,5.5,0.9986952858750789,29.66301040036344,0.22947576045133403
San José,UY-SJ,2017-03-06,2017-03-12,2017,10,7,7,100.0,100.0,2,25.146428571428572,29.4,16.72142857142857,11.4,46.964285714285715,38,85.57142857142857,96,5.7057142857142855,7.81,50.800000000000004,49.95,30.9125,5.71,0.9963119911017937,329.7727391388807,0.29364215719472064
San José,UY-SJ,2017-03-13,2017-03-19,2017,11,7,7,100.0,100.0,2,22.460714285714285,27.0,13.107142857142858,8.8,50.714285714285715,37,88.53571428571429,98,4.5725,8.51,10.25,10.1,26.135,4.76,0.9978721529865168,58.35380130290879,0.17154825113828928
San José,UY-SJ,2017-03-20,2017-03-26,2017,12,7,7,100.0,100.0,5,25.267857142857142,26.3,16.310714285714287,11.8,59.75,46,94.78571428571429,99,4.299285714285714,6.97,20.85,14.5,23.7525,4.13,0.9995730716564523,61.07490863884466,0.9746404194818875
San José,UY-SJ,2017-03-27,2017-04-02,2017,13,7,7,100.0,100.0,1,26.082142857142856,27.2,16.985714285714288,15.4,52.285714285714285,42,90.42857142857143,96,6.166785714285714,7.03,0.775,0.775,26.942500000000003,4.68,0.999849059416002,53.41141895178143,0.9820229133663524
San José,UY-SJ,2017-04-03,2017-04-09,2017,14,7,7,100.0,100.0,5,25.082142857142856,26.6,16.84642857142857,13.5,54.964285714285715,39,93.0,100,5.457142857142857,7.63,10.925,9.275,21.8825,4.51,0.9866105656307995,74.6637153721792,0.2606910453090919
San José,UY-SJ,2017-04-10,2017-04-16,2017,15,7,7,100.0,100.0,2,20.464285714285715,22.6,12.107142857142858,7.6,53.964285714285715,44,89.17857142857143,97,5.325357142857143,9.98,7.15,6.75,19.275,3.91,0.997038093699909,110.933400909573,0.2569198146931224
San José,UY-SJ,2017-04-17,2017-04-23,2017,16,7,7,100.0,100.0,3,20.771428571428572,21.8,12.921428571428573,8.7,53.0,39,90.35714285714286,98,4.793928571428571,6.58,22.65,17.375,17.1875,3.12,0.9991138132459216,302.009922619221,0.056582630861806406
San José,UY-SJ,2017-04-24,2017-04-30,2017,17,7,7,100.0,100.0,3,21.00357142857143,24.2,12.189285714285715,9.3,50.92857142857143,41,86.42857142857143,98,6.5060714285714285,10.88,15.100000000000001,10.875,20.34,3.79,0.9990353873307212,319.7831001084647,0.6462072657976945
San José,UY-SJ,2017-05-01,2017-05-07,2017,18,7,7,100.0,100.0,1,23.932142857142857,25.4,13.203571428571427,10.9,55.57142857142857,40,95.25,100,4.28,6.78,3.75,3.75,16.955000000000002,2.98,0.9986970717795735,30.51369700983662,0.8328891779040214
San José,UY-SJ,2017-05-08,2017-05-14,2017,19,7,7,100.0,100.0,3,17.857142857142858,20.3,11.842857142857143,6.2,68.10714285714286,54,93.5,100,4.940714285714286,7.17,57.825,54.25,9.7525,2.06,0.9961421667661201,142.7678454212598,0.6287505448330061
San José,UY-SJ,2017-05-15,2017-05-21,2017,20,7,7,100.0,100.0,5,17.139285714285712,20.7,10.110714285714286,7.3,68.03571428571429,58,95.21428571428571,99,5.786428571428572,8.39,28.05,22.175,9.7875,1.98,0.9980833450770726,347.0186644010951,0.5082574278435276
San José,UY-SJ,2017-05-22,2017-05-28,2017,21,7,7,100.0,100.0,4,17.228571428571428,20.7,11.064285714285713,7.5,67.57142857142857,54,94.17857142857143,100,4.75,6.33,24.0,13.825,9.155000000000001,2.05,0.9981823300279651,110.52407884648741,0.2994273702149956
San José,UY-SJ,2017-05-29,2017-06-04,2017,22,7,7,100.0,100.0,2,15.510714285714284,16.8,7.450000000000001,5.7,65.21428571428571,54,97.60714285714286,100,3.5067857142857144,5.47,0.6000000000000001,0.325,9.184999999999999,1.54,0.9948804181150351,203.36595055847292,0.3372021628181224
San José,UY-SJ,2017-06-05,2017-06-11,2017,23,7,7,100.0,100.0,2,14.546428571428573,17.3,6.646428571428572,1.2,57.357142857142854,44,93.25,99,4.872142857142857,7.42,0.225,0.2,11.135,2.43,0.9973678700645018,285.8902750659191,0.5864899786515577
San José,UY-SJ,2017-06-12,2017-06-18,2017,24,7,7,100.0,100.0,1,17.95714285714286,23.7,9.078571428571427,1.3,59.142857142857146,36,90.32142857142857,100,6.473571428571428,11.23,8.15,8.15,12.045,2.87,0.9968186437621315,347.82263888882756,0.7148515839961793
San José,UY-SJ,2017-06-19,2017-06-25,2017,25,7,7,100.0,100.0,2,18.62857142857143,24.9,10.692857142857145,2.1,60.67857142857143,45,87.64285714285714,92,5.857142857142857,7.71,0.9,0.65,13.2575,2.55,0.9997865231315789,355.2724328420835,0.7850283960130298
San José,UY-SJ,2017-06-26,2017-07-02,2017,26,7,7,100.0,100.0,1,16.985714285714288,23.6,9.982142857142858,4.6,61.17857142857143,51,91.25,99,4.734285714285714,7.99,6.225,6.225,10.945,2.71,0.998305361400549,323.39393641550913,0.515000153251575
San José,UY-SJ,2017-07-03,2017-07-09,2017,27,7,7,100.0,100.0,5,16.782142857142855,19.5,10.471428571428572,8.0,73.07142857142857,56,93.35714285714286,99,5.958214285714286,7.79,72.075,37.25,8.535,2.24,0.9991044641653116,35.912486293533505,0.3431538684280542
San José,UY-SJ,2017-07-10,2017-07-16,2017,28,7,7,100.0,100.0,6,17.160714285714285,24.7,10.49642857142857,5.1,71.78571428571429,54,93.14285714285714,99,6.573214285714286,8.35,28.95,12.875,8.945,2.46,0.998541326046683,140.1388301891203,0.1435994478035775
San José,UY-SJ,2017-07-17,2017-07-23,2017,29,7,7,100.0,100.0,1,14.435714285714285,19.9,5.664285714285714,1.5,54.642857142857146,42,83.71428571428571,97,5.665,7.07,0.825,0.825,13.25,2.47,0.9930205261906624,313.39885511270705,0.6367856600852182
San José,UY-SJ,2017-07-24,2017-07-30,2017,30,7,7,100.0,100.0,5,19.782142857142855,24.6,13.085714285714285,9.6,71.21428571428571,56,95.39285714285714,99,5.827142857142857,7.03,27.9,9.275,11.0825,3.08,0.9980626948969281,59.02555064829197,0.49313401779009963
San José,UY-SJ,2017-07-31,2017-08-06,2017,31,7,7,100.0,100.0,2,16.364285714285714,21.4,8.532142857142857,4.4,67.82142857142857,56,96.17857142857143,100,4.658571428571428,6.69,14.325,9.325,10.6875,2.24,0.9974676847326004,54.607453325868086,0.35827011027716316
San José,UY-SJ,2017-08-07,2017-08-13,2017,32,7,7,100.0,100.0,5,16.95,21.3,11.039285714285715,5.8,68.32142857142857,54,94.67857142857143,100,7.623571428571429,11.61,51.6,25.625,9.8875,1.94,0.9980344029683925,115.83614244258645,0.20832588616229178
San José,UY-SJ,2017-08-14,2017-08-20,2017,33,7,7,100.0,100.0,4,17.053571428571427,20.9,7.310714285714285,5.0,49.25,36,88.46428571428571,97,5.720357142857144,8.44,25.325000000000003,23.85,17.052500000000002,2.98,0.9958981346230671,291.6577242773314,0.6097799596956117
San José,UY-SJ,2017-08-21,2017-08-27,2017,34,7,7,100.0,100.0,4,19.985714285714288,24.7,11.778571428571428,1.7,70.57142857142857,41,91.92857142857143,100,5.806071428571428,8.23,82.60000000000001,42.6,12.4125,3.17,0.9978763411688719,26.228898178689448,0.5577713669703912
San José,UY-SJ,2017-08-28,2017-09-03,2017,35,7,7,100.0,100.0,3,21.51071428571429,27.3,11.74642857142857,3.6,65.64285714285714,51,93.92857142857143,98,6.871071428571428,9.49,12.2,9.2,15.7275,2.96,0.9971522042007306,358.04505460071147,0.5224081365982493
San José,UY-SJ,2017-09-04,2017-09-10,2017,36,7,7,100.0,100.0,5,18.17142857142857,23.1,12.424999999999999,7.5,70.92857142857143,51,96.10714285714286,99,5.9375,8.86,70.525,30.375,11.615,2.56,0.9992632175459045,108.37790384606512,0.6227694358448813
San José,UY-SJ,2017-09-11,2017-09-17,2017,37,7,7,100.0,100.0,4,17.571428571428573,20.8,8.860714285714286,5.7,57.67857142857143,48,93.96428571428571,100,4.8500000000000005,12.17,1.025,0.35,17.5425,3.23,0.9971047065868232,128.24656300751647,0.36043580816675275
San José,UY-SJ,2017-09-18,2017-09-24,2017,38,7,7,100.0,100.0,2,20.696428571428573,30.0,9.796428571428573,5.1,59.892857142857146,50,94.85714285714286,100,5.024285714285715,7.69,23.349999999999998,21.525,21.235,4.15,0.9924914780033475,85.9959612356394,0.40849232278138725
San José,UY-SJ,2017-09-25,2017-10-01,2017,39,7,7,100.0,100.0,6,19.24642857142857,23.7,11.700000000000001,8.9,64.82142857142857,52,94.42857142857143,98,5.9817857142857145,8.53,27.175,14.225000000000001,15.8175,3.28,0.999275415121766,99.24468600979472,0.5192346698597355
San José,UY-SJ,2017-10-02,2017-10-08,2017,40,7,7,100.0,100.0,2,21.075,25.6,10.903571428571428,7.8,50.607142857142854,35,88.28571428571429,96,8.082142857142857,10.66,6.0,5.525,27.9325,5.65,0.9987541481824024,327.5925855925985,0.35356845224052835
San José,UY-SJ,2017-10-09,2017-10-15,2017,41,7,7,100.0,100.0,4,18.789285714285715,23.5,10.296428571428573,5.5,56.035714285714285,44,91.07142857142857,98,5.639285714285714,8.32,14.65,6.175,22.0975,4.8,0.9975077170487171,184.39855503511012,0.3052838271716211
San José,UY-SJ,2017-10-16,2017-10-22,2017,42,7,7,100.0,100.0,6,21.028571428571432,27.1,11.153571428571428,7.1,57.5,41,93.53571428571429,100,7.196428571428571,10.72,20.2,7.65,23.810000000000002,5.24,0.9997674805575778,33.85104141261611,0.145893309998126
San José,UY-SJ,2017-10-23,2017-10-29,2017,43,7,7,100.0,100.0,4,22.471428571428568,26.3,12.010714285714286,4.4,55.57142857142857,44,91.17857142857143,98,4.930714285714286,9.02,21.625,19.5,27.3375,4.85,0.9978792645090493,70.58764113495539,0.6552512428722314
San José,UY-SJ,2017-10-30,2017-11-05,2017,44,7,7,100.0,100.0,4,22.567857142857143,24.6,13.314285714285715,10.6,45.107142857142854,32,91.75,99,5.274642857142857,7.87,19.575,18.25,32.4475,5.44,0.996224881050824,253.5509055220968,0.12776869504320174
San José,UY-SJ,2017-11-06,2017-11-12,2017,45,7,7,100.0,100.0,4,23.521428571428572,25.9,14.450000000000001,11.2,45.464285714285715,31,88.07142857142857,97,5.438571428571429,7.89,7.525,6.075,34.6175,5.84,0.9970550202279268,240.20164821893388,0.10581835431395638
San José,UY-SJ,2017-11-13,2017-11-19,2017,46,7,7,100.0,100.0,2,25.25,33.9,13.314285714285715,10.8,37.214285714285715,29,77.92857142857143,90,7.321428571428571,9.63,4.625,4.35,42.177499999999995,7.27,0.9978555015277758,307.4063831909346,0.2254216850515856
San José,UY-SJ,2017-11-20,2017-11-26,2017,47,7,7,100.0,100.0,3,22.510714285714283,29.2,11.085714285714285,8.0,38.142857142857146,32,82.28571428571429,95,5.970714285714286,9.95,11.950000000000001,11.425,39.025,7.94,0.9930918610501038,31.96689069831013,0.256031634559852
San José,UY-SJ,2017-11-27,2017-12-03,2017,48,7,7,100.0,100.0,1,25.764285714285712,28.3,14.039285714285715,9.0,38.285714285714285,28,79.96428571428571,89,6.293571428571428,8.6,0.425,0.425,43.72,7.28,0.9986545894283775,85.02009773171656,0.7766247961345517
San José,UY-SJ,2017-12-04,2017-12-10,2017,49,7,7,100.0,100.0,4,27.914285714285715,32.9,16.8,14.8,39.714285714285715,25,88.14285714285714,97,5.546785714285714,7.41,3.075,1.5,41.2375,7.86,0.9953838096629449,108.86150951932832,0.15115860948931503
San José,UY-SJ,2017-12-11,2017-12-17,2017,50,7,7,100.0,100.0,3,30.392857142857142,35.9,17.735714285714288,13.6,31.214285714285715,24,74.0,98,6.413928571428571,9.72,32.05,31.625,47.96,8.37,0.9986513472080887,327.0952502769228,0.17487701625227442
San José,UY-SJ,2017-12-18,2017-12-24,2017,51,7,7,100.0,100.0,3,25.885714285714283,31.8,15.685714285714285,9.8,46.785714285714285,35,84.64285714285714,98,5.3914285714285715,8.68,14.799999999999999,11.85,35.9375,6.56,0.9989724288755829,75.36893799758403,0.7152346346425923
San José,UY-SJ,2017-12-25,2017-12-31,2017,52,7,7,100.0,100.0,1,31.310714285714287,35.2,19.182142857142857,14.7,35.67857142857143,25,80.46428571428571,94,4.703214285714286,7.66,6.175,6.175,46.730000000000004,7.85,0.9973459995956354,47.291806459052104,0.5031720949753802
Soriano,UY-SO,2017-01-02,2017-01-08,2017,1,7,7,100.0,100.0,3,28.837142857142858,31.8,20.235714285714288,13.5,55.542857142857144,35,91.67142857142856,100,5.316000000000001,8.63,113.85999999999999,79.74,34.774,7.04,0.9929535006785943,58.92628924742705,0.4241854394413882
Soriano,UY-SO,2017-01-09,2017-01-15,2017,2,7,7,100.0,100.0,5,28.740000000000002,31.7,18.731428571428573,14.5,51.41428571428571,35,88.48571428571428,100,5.531285714285715,8.32,27.25,10.67,39.695,7.04,0.9842938428262415,53.18346778090089,0.3317413159002688
Soriano,UY-SO,2017-01-16,2017-01-22,2017,3,7,7,100.0,100.0,3,30.101428571428574,32.3,20.634285714285713,18.4,52.199999999999996,40,90.60000000000001,98,5.124857142857143,7.2,17.36,16.65,39.924,6.98,0.9946179869482498,69.05911079112232,0.6465050042734753
Soriano,UY-SO,2017-01-23,2017-01-29,2017,4,7,7,100.0,100.0,3,27.27285714285714,31.5,17.365714285714287,11.9,44.128571428571426,38,82.82857142857142,94,4.731571428571429,7.44,0.32999999999999996,0.22999999999999998,40.443,7.24,0.9741304749592838,93.21833201841078,0.24451921904414392
Soriano,UY-SO,2017-01-30,2017-02-05,2017,5,7,7,100.0,100.0,5,28.91142857142857,34.0,20.372857142857146,16.6,51.74285714285714,40,91.78571428571429,100,5.762428571428572,14.23,78.77000000000001,54.720000000000006,35.459,7.11,0.9839624584083619,45.3445285125572,0.12915480793999637
Soriano,UY-SO,2017-02-06,2017-02-12,2017,6,7,7,100.0,100.0,4,25.548571428571428,29.1,17.75714285714286,11.5,59.857142857142854,45,88.61428571428571,98,5.481999999999999,8.29,39.94,24.81,29.442,5.85,0.9926066496076948,114.00775291938955,0.696010421308631
Soriano,UY-SO,2017-02-13,2017-02-19,2017,7,7,7,100.0,100.0,6,27.737142857142857,30.3,20.014285714285712,17.4,65.72857142857143,53,97.08571428571429,100,4.152142857142858,5.93,90.25999999999999,44.1,26.025,5.29,0.9760558891201528,331.4809838326996,0.4102247732530324
Soriano,UY-SO,2017-02-20,2017-02-26,2017,8,7,7,100.0,100.0,6,31.157142857142855,32.1,22.108571428571427,19.9,60.1,52,95.91428571428571,99,2.9032857142857145,4.06,14.91,11.01,33.293,5.41,0.9622198299914676,351.81935808336357,0.19473685694287024
Soriano,UY-SO,2017-02-27,2017-03-05,2017,9,7,7,100.0,100.0,4,28.834285714285716,32.2,20.518571428571427,14.4,53.17142857142857,41,89.28571428571429,98,4.413428571428571,6.91,7.05,6.4799999999999995,32.807,5.36,0.9911610185417171,35.301462056474634,0.16735824946183991
Soriano,UY-SO,2017-03-06,2017-03-12,2017,10,7,7,100.0,100.0,4,25.451428571428572,30.1,16.657142857142855,11.3,49.199999999999996,38,87.64285714285714,98,5.1422857142857135,7.31,79.72,78.01,29.432000000000002,5.47,0.9772616536836475,73.2004599268598,0.11829007708087512
Soriano,UY-SO,2017-03-13,2017-03-19,2017,11,7,7,100.0,100.0,2,22.315714285714286,26.8,12.304285714285713,9.0,52.800000000000004,43,92.87142857142858,97,4.158142857142857,8.15,13.86,13.85,25.542,4.69,0.9947424377532286,76.60487869555396,0.2505541247359979
Soriano,UY-SO,2017-03-20,2017-03-26,2017,12,7,7,100.0,100.0,5,25.428571428571427,27.1,16.779999999999998,12.2,61.728571428571435,49,94.81428571428572,99,4.180000000000001,7.09,15.46,7.7700000000000005,23.77,4.06,0.9930228856813276,69.831918527629,0.9615398930226806
Soriano,UY-SO,2017-03-27,2017-04-02,2017,13,7,7,100.0,100.0,3,26.021428571428572,27.6,17.458571428571428,15.4,58.042857142857144,49,88.61428571428571,96,6.275142857142858,7.6,0.72,0.51,26.719,4.58,0.9972790595793578,61.71946649926447,0.9892126949170812
Soriano,UY-SO,2017-04-03,2017-04-09,2017,14,7,7,100.0,100.0,5,25.155714285714286,27.2,16.947142857142858,12.9,56.31428571428571,38,90.2,98,5.1337142857142855,7.54,18.209999999999997,12.819999999999999,21.68,4.47,0.9939886822435237,104.08292969585563,0.5043956647388461
Soriano,UY-SO,2017-04-10,2017-04-16,2017,15,7,7,100.0,100.0,2,20.812857142857144,22.9,12.072857142857144,7.9,56.18571428571429,44,89.84285714285714,99,5.042142857142857,8.77,5.0600000000000005,4.5200000000000005,19.237000000000002,3.67,0.9972049600350188,124.86664337629676,0.38003524303777053
Soriano,UY-SO,2017-04-17,2017-04-23,2017,16,7,7,100.0,100.0,3,20.774285714285718,22.9,12.795714285714284,7.9,56.1,43,91.88571428571429,98,4.982571428571428,6.4,22.11,15.02,17.093,3.37,0.9880300802183317,141.4975560451015,0.23987899459355155
Soriano,UY-SO,2017-04-24,2017-04-30,2017,17,7,7,100.0,100.0,3,20.804285714285715,23.2,11.135714285714286,7.9,53.714285714285715,37,88.97142857142856,97,6.059571428571429,10.77,20.969999999999995,20.419999999999998,19.098,3.48,0.9784458962221529,323.9195700219643,0.4517766625016729
Soriano,UY-SO,2017-05-01,2017-05-07,2017,18,7,7,100.0,100.0,1,24.09,25.1,13.43142857142857,9.1,59.01428571428572,43,95.68571428571428,100,4.243714285714286,7.06,15.36,15.36,16.961000000000002,2.92,0.9917808094480554,47.649657454517005,0.9287588272307812
Soriano,UY-SO,2017-05-08,2017-05-14,2017,19,7,7,100.0,100.0,4,17.919999999999998,20.6,11.874285714285715,6.9,67.31428571428572,54,93.04285714285713,99,5.450714285714286,7.9,44.74,38.67,10.355,2.22,0.9891303427126837,139.5890469655746,0.7394453051235981
Soriano,UY-SO,2017-05-15,2017-05-21,2017,20,7,7,100.0,100.0,3,17.341428571428573,19.2,10.222857142857142,7.7,64.92857142857143,53,94.31428571428572,100,5.095571428571428,7.07,29.92,21.630000000000003,10.286,2.12,0.9398816362923778,333.9599589467676,0.4894879033818608
Soriano,UY-SO,2017-05-22,2017-05-28,2017,21,7,7,100.0,100.0,4,16.91,21.1,10.95142857142857,7.4,69.48571428571428,49,94.44285714285715,100,4.770428571428572,6.02,21.7,12.91,8.526,2.2,0.9962434587854523,118.06152839523277,0.49180187693742616
Soriano,UY-SO,2017-05-29,2017-06-04,2017,22,7,7,100.0,100.0,2,15.598571428571429,17.8,8.197142857142858,4.5,63.55714285714286,51,97.07142857142857,100,3.637571428571429,5.38,0.3,0.27999999999999997,9.084,1.59,0.9811364323538391,142.95705271995115,0.4125285699292041
Soriano,UY-SO,2017-06-05,2017-06-11,2017,23,7,7,100.0,100.0,2,14.687142857142858,18.2,5.894285714285714,1.6,59.471428571428575,44,94.61428571428571,100,4.502571428571429,6.84,5.5600000000000005,4.8100000000000005,10.41,2.31,0.9929619385128573,296.6726371021844,0.3650557750747571
Soriano,UY-SO,2017-06-12,2017-06-18,2017,24,7,7,100.0,100.0,2,18.464285714285715,24.3,9.075714285714286,0.5,58.91428571428571,33,89.87142857142858,100,6.078714285714286,9.94,6.510000000000001,6.44,12.096,2.95,0.9938070016444841,18.106650601257478,0.5847172212818927
Soriano,UY-SO,2017-06-19,2017-06-25,2017,25,7,7,100.0,100.0,2,18.414285714285715,24.5,10.401428571428571,1.2,63.271428571428565,48,88.68571428571428,97,5.7250000000000005,7.34,0.56,0.5,12.908999999999999,2.56,0.9976495490564437,5.49034620635061,0.7713505808015266
Soriano,UY-SO,2017-06-26,2017-07-02,2017,26,7,7,100.0,100.0,3,17.27857142857143,23.9,10.131428571428572,5.1,64.94285714285714,55,92.05714285714285,100,4.414571428571429,7.27,6.82,6.640000000000001,10.055,2.66,0.988406144432127,317.4064347479333,0.2662447166805397
Soriano,UY-SO,2017-07-03,2017-07-09,2017,27,7,7,100.0,100.0,5,17.107142857142858,19.6,10.73857142857143,7.7,74.89999999999999,58,94.01428571428572,99,5.851999999999999,7.2,66.42999999999999,32.87,8.2,2.35,0.9950560859903071,59.62612238140973,0.4487563102020197
Soriano,UY-SO,2017-07-10,2017-07-16,2017,28,7,7,100.0,100.0,6,17.894285714285715,24.7,11.05,4.7,70.21428571428571,55,91.62857142857142,99,6.657428571428572,8.75,17.8,7.9,9.803,2.5,0.9925240882859779,123.27642576979152,0.19411815947979605
Soriano,UY-SO,2017-07-17,2017-07-23,2017,29,7,7,100.0,100.0,1,14.772857142857143,21.3,4.684285714285714,0.5,54.05714285714286,42,84.55714285714285,97,5.025285714285714,6.33,0.27999999999999997,0.27999999999999997,13.054,2.26,0.9791450571111546,337.10865245049166,0.7702546900304154
Soriano,UY-SO,2017-07-24,2017-07-30,2017,30,7,7,100.0,100.0,5,20.759999999999998,24.6,13.74,10.4,70.38571428571429,57,92.51428571428572,98,6.023571428571429,8.1,16.09,6.2,12.391,3.25,0.9963459484586397,65.36947879649036,0.5620597928631609
Soriano,UY-SO,2017-07-31,2017-08-06,2017,31,7,7,100.0,100.0,3,16.462857142857143,22.1,8.781428571428572,3.9,68.98571428571428,55,96.05714285714285,100,4.725714285714285,6.57,28.39,20.27,10.584,2.26,0.9759218685686587,71.07685280140782,0.5044783594324971
Soriano,UY-SO,2017-08-07,2017-08-13,2017,32,7,7,100.0,100.0,5,17.40142857142857,20.9,11.142857142857142,6.1,66.87142857142857,44,93.3,99,7.010285714285715,10.75,45.24,23.130000000000003,10.904,2.39,0.9971239530741592,120.18328452362297,0.3116200053174489
Soriano,UY-SO,2017-08-14,2017-08-20,2017,33,7,7,100.0,100.0,4,17.63,21.4,7.484285714285714,4.8,50.07142857142857,35,89.54285714285713,97,5.4634285714285715,9.71,22.799999999999997,22.619999999999997,16.857,3.0,0.9973578638348383,293.07560960719843,0.3425095881808437
Soriano,UY-SO,2017-08-21,2017-08-27,2017,34,7,7,100.0,100.0,4,21.32428571428571,26.4,11.991428571428571,1.8,66.77142857142857,42,92.25714285714285,100,5.665285714285714,8.36,138.42,78.66,13.762,3.33,0.9957512820682366,46.441637346409024,0.6652509389090778
Soriano,UY-SO,2017-08-28,2017-09-03,2017,35,7,7,100.0,100.0,4,21.98428571428571,28.3,12.629999999999999,3.8,64.38571428571429,49,92.38571428571429,98,6.558428571428571,8.71,22.8,15.9,16.264,3.13,0.9962529598626292,10.005440773187926,0.4299346592806077
Soriano,UY-SO,2017-09-04,2017-09-10,2017,36,7,7,100.0,100.0,5,18.645714285714284,23.8,12.185714285714285,8.3,69.54285714285714,50,94.39999999999999,99,6.223,10.53,89.28999999999999,36.63,11.891,2.71,0.9984269824296291,109.59312555879373,0.6735779277339192
Soriano,UY-SO,2017-09-11,2017-09-17,2017,37,7,7,100.0,100.0,4,17.8,21.5,9.120000000000001,5.1,57.028571428571425,50,93.38571428571429,100,4.694857142857143,10.94,0.9099999999999999,0.43,17.723,3.33,0.9928625927155982,133.48075325485345,0.43584721948535265
Soriano,UY-SO,2017-09-18,2017-09-24,2017,38,7,7,100.0,100.0,2,21.50714285714286,31.1,10.200000000000001,5.0,58.614285714285714,48,94.31428571428572,100,5.215142857142857,8.22,23.28,23.080000000000002,22.527,4.48,0.9944243233819678,87.29421448466539,0.6153074870441712
Soriano,UY-SO,2017-09-25,2017-10-01,2017,39,7,7,100.0,100.0,7,19.765714285714285,24.3,12.37142857142857,9.3,65.65714285714286,49,93.87142857142858,97,6.062857142857142,8.46,30.22,18.69,16.433,3.51,0.9971717030816556,107.51242686588672,0.6207620763753451
Soriano,UY-SO,2017-10-02,2017-10-08,2017,40,7,7,100.0,100.0,2,21.91857142857143,25.6,11.375714285714285,7.9,49.285714285714285,33,88.78571428571429,100,7.724142857142858,9.87,4.8100000000000005,2.87,29.644,5.8,0.9975332621395926,343.1619102253192,0.2779812944002082
Soriano,UY-SO,2017-10-09,2017-10-15,2017,41,7,7,100.0,100.0,5,19.052857142857142,23.6,10.392857142857142,4.9,55.42857142857143,43,90.11428571428571,99,5.511571428571429,9.32,8.66,3.59,21.781,4.87,0.9950270198668492,165.67089996293961,0.3295902927126067
Soriano,UY-SO,2017-10-16,2017-10-22,2017,42,7,7,100.0,100.0,6,21.82,27.0,12.241428571428571,7.8,56.67142857142857,37,92.38571428571429,100,6.355571428571429,9.19,13.430000000000001,10.55,25.180999999999997,5.23,0.9952264605856708,74.17031306627703,0.23242699561669225
Soriano,UY-SO,2017-10-23,2017-10-29,2017,43,7,7,100.0,100.0,4,23.435714285714283,27.8,12.711428571428572,4.8,52.114285714285714,39,91.60000000000001,100,4.815857142857142,9.2,25.730000000000004,23.89,29.040999999999997,5.25,0.9927092048390117,75.52150831044688,0.741890229340072
Soriano,UY-SO,2017-10-30,2017-11-05,2017,44,7,7,100.0,100.0,4,23.43142857142857,25.7,13.47857142857143,10.1,41.81428571428571,31,87.48571428571428,100,5.430142857142857,8.41,12.850000000000001,12.4,34.788,6.28,0.9944850561959202,172.37396626237222,0.19477384369588344
Soriano,UY-SO,2017-11-06,2017-11-12,2017,45,7,7,100.0,100.0,3,25.44142857142857,27.7,14.645714285714286,11.0,36.5,25,84.62857142857142,95,5.041142857142857,7.78,0.20999999999999996,0.16999999999999998,38.748,6.39,0.9920631778451822,225.16756606154246,0.22759369441193694
Soriano,UY-SO,2017-11-13,2017-11-19,2017,46,7,7,100.0,100.0,2,27.185714285714283,35.4,14.115714285714287,10.4,30.728571428571428,23,76.35714285714286,90,6.961285714285714,10.57,3.8999999999999995,3.8299999999999996,45.515,8.0,0.9958333428740411,319.4073417779295,0.3789497021954188
Soriano,UY-SO,2017-11-20,2017-11-26,2017,47,7,7,100.0,100.0,4,24.237142857142857,30.5,12.295714285714284,8.6,33.214285714285715,28,79.34285714285714,95,6.158285714285715,10.05,7.6000000000000005,5.2700000000000005,40.336,7.94,0.9961668617777404,72.04067343618334,0.27669418350378344
Soriano,UY-SO,2017-11-27,2017-12-03,2017,48,7,7,100.0,100.0,1,27.537142857142857,29.7,14.944285714285714,9.3,36.028571428571425,26,79.7,95,6.058714285714286,8.17,7.040000000000001,7.040000000000001,44.815,7.58,0.9955009277335305,91.05223823272887,0.8178355701418553
Soriano,UY-SO,2017-12-04,2017-12-10,2017,49,7,7,100.0,100.0,3,29.868571428571425,34.5,17.787142857142857,15.3,33.72857142857143,21,86.48571428571428,94,5.279571428571429,8.32,1.27,0.58,43.733000000000004,8.71,0.9931637815583374,116.05845314053354,0.1774594346139616
Soriano,UY-SO,2017-12-11,2017-12-17,2017,50,7,7,100.0,100.0,4,31.525714285714287,36.3,18.169999999999998,14.0,30.514285714285712,24,74.18571428571428,93,6.302428571428572,9.63,15.4,15.290000000000001,50.548,7.89,0.9963623710296575,17.92713357290819,0.12600815128789733
Soriano,UY-SO,2017-12-18,2017-12-24,2017,51,7,7,100.0,100.0,4,27.132857142857144,33.7,16.335714285714285,10.0,43.55714285714286,27,84.64285714285714,97,5.359714285714285,8.43,12.23,7.859999999999999,37.494,6.77,0.9954696960581381,81.35700453440084,0.7814647518436642
Soriano,UY-SO,2017-12-25,2017-12-31,2017,52,7,7,100.0,100.0,3,33.004285714285714,36.1,19.98428571428571,14.9,30.428571428571427,22,77.85714285714286,94,4.263285714285714,7.79,4.79,4.61,47.871,7.87,0.9860683402163819,34.287807396264476,0.4672967662566713
Tacuarembó,UY-TA,2017-01-02,2017-01-08,2017,1,7,7,100.0,100.0,6,29.639097744360903,32.8,20.43533834586466,14.7,56.57894736842105,32,93.28571428571429,99,5.210827067669173,7.05,30.9,13.136842105263158,34.40157894736842,6.62,0.989700233603804,56.94356118880098,0.5307226348889633
Tacuarembó,UY-TA,2017-01-09,2017-01-15,2017,2,7,7,100.0,100.0,5,29.04360902255639,32.6,18.641353383458647,14.3,56.16541353383458,44,93.6842105263158,98,5.202706766917293,7.39,67.57894736842105,26.347368421052632,35.44052631578947,6.82,0.9954471937209461,72.54213955856629,0.3550868422916128
Tacuarembó,UY-TA,2017-01-16,2017-01-22,2017,3,7,7,100.0,100.0,3,28.613533834586466,30.2,18.333834586466164,15.1,56.96992481203007,40,95.4436090225564,100,5.2679699248120295,9.9,41.49999999999999,38.647368421052626,37.05105263157895,6.88,0.9884473333709902,93.30907623490738,0.7204363540896972
Tacuarembó,UY-TA,2017-01-23,2017-01-29,2017,4,7,7,100.0,100.0,2,26.782706766917293,31.1,16.577443609022556,12.4,49.03007518796993,44,92.57894736842105,98,4.671278195488722,7.82,4.478947368421053,4.378947368421053,36.75157894736842,6.64,0.9883447582210929,105.03913137326631,0.3627913537702347
Tacuarembó,UY-TA,2017-01-30,2017-02-05,2017,5,7,7,100.0,100.0,7,29.303007518796992,32.7,20.554887218045113,16.7,55.41353383458647,46,95.7218045112782,100,5.3117293233082705,11.73,47.910526315789475,15.531578947368422,34.56947368421053,6.18,0.9945222851600438,60.34837797876198,0.3045228098052552
Tacuarembó,UY-TA,2017-02-06,2017-02-12,2017,6,7,7,100.0,100.0,4,26.04285714285714,31.1,17.42105263157895,11.7,58.857142857142854,44,91.07518796992483,99,4.893233082706766,7.92,34.32105263157895,17.13157894736842,28.436315789473685,6.06,0.9956385513185683,108.90050484317241,0.7075262866559756
Tacuarembó,UY-TA,2017-02-13,2017-02-19,2017,7,7,7,100.0,100.0,6,28.496240601503757,31.7,20.387969924812033,19.1,64.51127819548871,53,97.49624060150377,100,4.543984962406015,5.9,57.76842105263158,24.289473684210527,26.32842105263158,4.99,0.9886028313005305,342.7967440911561,0.4673401441255516
Tacuarembó,UY-TA,2017-02-20,2017-02-26,2017,8,7,7,100.0,100.0,6,30.090225563909772,31.3,21.472932330827067,19.6,62.090225563909776,52,97.6015037593985,100,2.9078947368421053,4.18,19.489473684210527,14.484210526315788,31.20105263157895,5.47,0.945420888150277,72.2664551842865,0.29891301624858946
Tacuarembó,UY-TA,2017-02-27,2017-03-05,2017,9,7,7,100.0,100.0,3,28.729323308270676,31.9,20.1390977443609,15.7,57.21052631578947,45,92.5187969924812,99,4.501203007518797,7.83,12.305263157894737,8.636842105263158,30.92157894736842,5.66,0.9948233568318668,73.10145221250595,0.33379957354502066
Tacuarembó,UY-TA,2017-03-06,2017-03-12,2017,10,7,7,100.0,100.0,4,26.28345864661654,30.4,15.98421052631579,10.8,50.40601503759399,37,94.203007518797,99,5.495187969924812,8.2,38.85263157894737,28.71578947368421,29.488947368421055,5.33,0.9937030810852953,93.79277374960789,0.4260769481274495
Tacuarembó,UY-TA,2017-03-13,2017-03-19,2017,11,7,7,100.0,100.0,2,22.9406015037594,28.0,12.004511278195489,9.6,53.88721804511278,42,93.24060150375941,98,4.755187969924812,8.78,18.989473684210527,13.08421052631579,26.405263157894737,4.78,0.9934017030800611,122.99611046167412,0.3219646883600683
Tacuarembó,UY-TA,2017-03-20,2017-03-26,2017,12,7,7,100.0,100.0,5,25.62330827067669,27.3,16.44360902255639,11.7,59.88721804511278,49,95.74436090225564,100,4.716917293233083,7.52,11.436842105263159,7.2631578947368425,23.99157894736842,4.05,0.9961453204101466,89.58603111011952,0.9785415657153415
Tacuarembó,UY-TA,2017-03-27,2017-04-02,2017,13,7,7,100.0,100.0,3,25.96315789473684,27.0,16.634586466165413,14.7,54.42857142857143,47,93.87218045112783,98,6.45609022556391,7.96,0.052631578947368425,0.031578947368421054,27.64263157894737,4.44,0.9985096749731077,76.75817165334749,0.9777379144735302
Tacuarembó,UY-TA,2017-04-03,2017-04-09,2017,14,7,7,100.0,100.0,5,25.726315789473684,28.0,16.85112781954887,11.3,58.68421052631579,38,93.02255639097744,98,5.210300751879699,8.23,45.205263157894734,38.742105263157896,21.328421052631576,4.32,0.995673792911129,82.44492810639458,0.5323471079799453
Tacuarembó,UY-TA,2017-04-10,2017-04-16,2017,15,7,7,100.0,100.0,3,20.646616541353385,22.7,13.188721804511278,10.2,61.67669172932331,51,90.94736842105263,99,5.473308270676691,10.05,30.34736842105263,26.99473684210526,17.85421052631579,3.71,0.9968172226823525,128.2071593212176,0.4221410601078528
Tacuarembó,UY-TA,2017-04-17,2017-04-23,2017,16,7,7,100.0,100.0,2,20.557142857142857,23.0,13.328571428571427,7.1,62.54887218045112,45,94.2781954887218,100,5.048345864661654,6.91,57.636842105263156,45.026315789473685,14.34315789473684,3.06,0.9846383503847517,107.58121364686407,0.261509238974903
Tacuarembó,UY-TA,2017-04-24,2017-04-30,2017,17,7,7,100.0,100.0,2,20.601503759398497,24.1,10.822556390977443,6.8,56.12781954887218,43,87.4812030075188,98,5.508421052631578,10.61,21.536842105263155,16.44736842105263,18.468947368421052,3.46,0.9946875070947774,331.16225805183046,0.572973269587411
Tacuarembó,UY-TA,2017-05-01,2017-05-07,2017,18,7,7,100.0,100.0,2,23.19248120300752,25.5,12.29248120300752,7.0,65.50375939849623,50,97.1203007518797,100,3.969624060150376,6.66,0.042105263157894736,0.031578947368421054,15.76157894736842,2.67,0.9931130085345359,67.53997386300934,0.9375187959560286
Tacuarembó,UY-TA,2017-05-08,2017-05-14,2017,19,7,7,100.0,100.0,5,18.05639097744361,21.8,12.539849624060151,6.1,71.03007518796993,54,94.55639097744361,100,5.256390977443608,6.66,63.4,25.92105263157895,9.481052631578947,2.59,0.9404377660499434,145.7427532776104,0.41929069105765987
Tacuarembó,UY-TA,2017-05-15,2017-05-21,2017,20,7,7,100.0,100.0,4,18.11503759398496,20.6,11.027067669172933,7.5,66.10526315789474,51,95.16541353383458,100,5.272631578947369,8.45,25.426315789473684,13.368421052631579,10.614210526315789,2.11,0.9934655975560033,74.5395093418302,0.20268470331330418
Tacuarembó,UY-TA,2017-05-22,2017-05-28,2017,21,7,7,100.0,100.0,6,18.421804511278197,23.1,12.276691729323307,7.4,73.86466165413535,55,95.0,100,5.151052631578947,7.61,55.57368421052631,45.41052631578947,8.521578947368422,2.27,0.9940501940415212,77.8029748065839,0.4552960465751011
Tacuarembó,UY-TA,2017-05-29,2017-06-04,2017,22,7,7,100.0,100.0,2,16.330075187969925,18.2,9.492481203007518,5.7,65.5639097744361,57,95.57894736842105,100,4.169548872180451,6.24,0.06315789473684211,0.042105263157894736,9.168947368421053,1.77,0.977063665902442,141.88780444549687,0.7233423083957572
Tacuarembó,UY-TA,2017-06-05,2017-06-11,2017,23,7,7,100.0,100.0,3,15.312030075187971,18.1,7.01578947368421,2.6,63.07518796992481,52,93.57894736842105,100,4.996842105263157,7.96,6.510526315789473,3.2526315789473683,11.123157894736842,2.74,0.9952755418336705,256.34189889888785,0.16601703976711907
Tacuarembó,UY-TA,2017-06-12,2017-06-18,2017,24,7,7,100.0,100.0,3,19.42406015037594,24.9,10.073684210526315,2.9,68.09774436090225,33,94.92481203007519,100,5.565563909774435,9.3,9.405263157894737,7.042105263157896,12.468947368421052,2.9,0.99679728113662,36.18175117534363,0.5143169039527336
Tacuarembó,UY-TA,2017-06-19,2017-06-25,2017,25,7,7,100.0,100.0,1,18.895488721804508,24.7,9.86390977443609,0.1,63.774436090225564,51,91.69924812030074,100,5.475338345864662,7.94,0.021052631578947368,0.021052631578947368,13.396842105263158,2.88,0.9859520340327391,21.71819766507789,0.6543897709649124
Tacuarembó,UY-TA,2017-06-26,2017-07-02,2017,26,7,7,100.0,100.0,3,17.15639097744361,23.9,10.51954887218045,4.6,69.96992481203007,53,94.27067669172934,100,4.467067669172932,7.63,42.9421052631579,28.063157894736843,9.281052631578946,2.77,0.9887024895813828,96.41123913819278,0.17187214766293024
Tacuarembó,UY-TA,2017-07-03,2017-07-09,2017,27,7,7,100.0,100.0,5,19.86766917293233,22.8,11.76842105263158,6.3,66.01503759398496,58,92.72932330827068,100,4.958496240601504,7.23,7.805263157894737,4.7631578947368425,11.42578947368421,2.14,0.994609800192846,35.93875376712506,0.9270526804514558
Tacuarembó,UY-TA,2017-07-10,2017-07-16,2017,28,7,7,100.0,100.0,5,20.339097744360902,24.9,12.748120300751879,5.4,67.93984962406014,56,93.5187969924812,100,6.3206015037593986,9.68,42.636842105263156,13.299999999999999,13.031578947368422,3.61,0.9565238239169618,352.6347498410332,0.30862489330369913
Tacuarembó,UY-TA,2017-07-17,2017-07-23,2017,29,7,7,100.0,100.0,0,15.145112781954888,23.7,4.119548872180451,0.1,52.6015037593985,43,84.9172932330827,97,5.041203007518797,7.24,0.0,0.0,14.338947368421053,2.91,0.9978316357643694,315.95257316299245,0.6662511968818804
Tacuarembó,UY-TA,2017-07-24,2017-07-30,2017,30,7,7,100.0,100.0,3,22.91203007518797,25.5,14.769172932330827,13.0,65.6842105263158,54,92.46616541353384,98,5.388646616541353,8.22,11.631578947368421,6.2,14.462105263157895,3.29,0.986052225015469,22.88154557523825,0.8178378346425562
Tacuarembó,UY-TA,2017-07-31,2017-08-06,2017,31,7,7,100.0,100.0,3,16.953383458646616,22.1,9.10827067669173,3.5,69.57894736842105,53,96.81203007518798,100,4.587067669172932,7.18,40.71578947368421,33.973684210526315,10.511578947368422,2.48,0.9952425842578247,108.7113834534651,0.6632471074382991
Tacuarembó,UY-TA,2017-08-07,2017-08-13,2017,32,7,7,100.0,100.0,6,18.07894736842105,21.5,11.329323308270677,6.9,69.36842105263158,54,93.81203007518798,97,6.910375939849624,11.76,104.90526315789472,57.163157894736834,11.100526315789473,2.35,0.872777359509311,104.48792802236255,0.22089262961748668
Tacuarembó,UY-TA,2017-08-14,2017-08-20,2017,33,7,7,100.0,100.0,2,18.518796992481203,23.3,5.8466165413533835,1.5,50.16541353383458,36,92.97744360902256,99,4.9009774436090225,9.1,6.478947368421053,6.4526315789473685,17.35105263157895,3.08,0.9952104074616926,297.5041286106456,0.24123039420630912
Tacuarembó,UY-TA,2017-08-21,2017-08-27,2017,34,7,7,100.0,100.0,4,22.751127819548874,28.3,12.224060150375939,1.0,61.70676691729323,42,90.86466165413535,100,5.726165413533835,9.51,23.626315789473686,20.18421052631579,18.08157894736842,3.78,0.9848999552942114,26.822193534552024,0.911797139948627
Tacuarembó,UY-TA,2017-08-28,2017-09-03,2017,35,7,7,100.0,100.0,4,23.606766917293236,29.7,13.750375939849622,4.5,64.3157894736842,56,92.49624060150377,99,7.037067669172933,9.7,24.83684210526316,21.55263157894737,19.824736842105263,4.14,0.9964394783868433,23.847768484976772,0.5324138853146363
Tacuarembó,UY-TA,2017-09-04,2017-09-10,2017,36,7,7,100.0,100.0,6,21.693984962406013,26.2,14.278195488721805,9.3,70.6842105263158,54,94.85714285714286,100,5.870451127819549,8.73,88.42105263157896,22.663157894736845,12.66421052631579,2.58,0.9889417645951506,113.25152183415682,0.6380412167303601
Tacuarembó,UY-TA,2017-09-11,2017-09-17,2017,37,7,7,100.0,100.0,5,18.025563909774437,20.1,10.232330827067669,7.5,58.902255639097746,49,96.28571428571429,100,5.421353383458647,11.88,55.863157894736844,37.847368421052636,17.187894736842104,3.46,0.9974398957029058,144.04500441826386,0.6036229065983126
Tacuarembó,UY-TA,2017-09-18,2017-09-24,2017,38,7,7,100.0,100.0,2,21.947368421052634,31.6,11.69248120300752,6.3,62.48120300751879,49,96.18796992481202,100,5.000676691729324,7.34,5.078947368421053,3.2421052631578946,22.10421052631579,4.85,0.9953548007551357,107.91885714585133,0.5977116091317682
Tacuarembó,UY-TA,2017-09-25,2017-10-01,2017,39,7,7,100.0,100.0,7,20.78872180451128,25.3,13.757894736842106,11.2,68.34586466165413,54,94.40601503759399,100,5.516541353383459,7.86,42.368421052631575,16.073684210526313,15.695789473684211,3.3,0.951730110795379,110.25242602974579,0.8851252075714447
Tacuarembó,UY-TA,2017-10-02,2017-10-08,2017,40,7,7,100.0,100.0,5,22.613533834586466,26.8,12.44812030075188,8.1,49.13533834586467,35,87.28571428571429,94,7.746842105263157,10.35,4.126315789473685,3.031578947368421,31.117894736842107,6.12,0.9985225638416123,2.11725312944757,0.22013393966487338
Tacuarembó,UY-TA,2017-10-09,2017-10-15,2017,41,7,7,100.0,100.0,5,19.369172932330827,22.9,11.403007518796993,6.6,60.27067669172932,44,93.0,100,5.8879699248120305,10.26,39.26315789473684,28.642105263157898,21.032105263157895,4.75,0.9868649270665212,141.98642013133232,0.5464871839811317
Tacuarembó,UY-TA,2017-10-16,2017-10-22,2017,42,7,7,100.0,100.0,7,23.021052631578947,29.0,13.172180451127819,8.5,61.879699248120296,41,91.93233082706767,100,6.320375939849624,9.65,45.47894736842105,17.489473684210527,23.422105263157896,4.98,0.998517248207767,87.79157491314722,0.2188827449378606
Tacuarembó,UY-TA,2017-10-23,2017-10-29,2017,43,7,7,100.0,100.0,7,22.90751879699248,27.2,12.663157894736841,4.1,59.774436090225564,46,94.02255639097744,99,5.2218045112781954,9.76,15.189473684210528,13.663157894736843,26.01263157894737,4.88,0.9925608764284741,98.50867553694654,0.6792984196880163
Tacuarembó,UY-TA,2017-10-30,2017-11-05,2017,44,7,7,100.0,100.0,4,23.630075187969926,27.5,12.860902255639099,8.0,47.992481203007515,37,91.28571428571429,98,5.3052631578947365,9.0,21.157894736842103,13.926315789473682,34.61526315789474,5.85,0.9880434419437429,140.82340815154663,0.39036082801125654
Tacuarembó,UY-TA,2017-11-06,2017-11-12,2017,45,7,7,100.0,100.0,4,24.601503759398497,26.2,14.09624060150376,10.8,43.69924812030075,33,90.09022556390978,99,5.574962406015038,8.46,1.705263157894737,0.9421052631578949,37.10263157894737,6.11,0.9958000694586348,180.13984546065095,0.2774262530630064
Tacuarembó,UY-TA,2017-11-13,2017-11-19,2017,46,7,7,100.0,100.0,2,25.909022556390976,33.8,12.734586466165414,7.9,37.96992481203007,30,86.05263157894737,97,6.0747368421052625,9.3,15.757894736842106,14.436842105263159,40.648421052631576,8.3,0.892375856583479,355.44366839818065,0.273490772112063
Tacuarembó,UY-TA,2017-11-20,2017-11-26,2017,47,7,7,100.0,100.0,4,22.924812030075184,28.1,11.750375939849624,6.9,42.7218045112782,32,84.33834586466165,98,5.4645864661654135,9.21,15.373684210526314,13.157894736842104,36.62684210526316,7.46,0.9855683405140011,105.48478576681315,0.475565407079949
Tacuarembó,UY-TA,2017-11-27,2017-12-03,2017,48,7,7,100.0,100.0,4,27.27518796992481,29.5,14.623308270676691,9.9,40.53383458646617,31,85.94736842105263,98,6.77609022556391,8.29,9.33157894736842,9.163157894736841,42.682105263157894,7.2,0.998291450536693,108.6773905329103,0.7916575383552884
Tacuarembó,UY-TA,2017-12-04,2017-12-10,2017,49,7,7,100.0,100.0,3,28.518796992481207,33.4,16.90827067669173,14.4,37.57142857142857,20,88.61654135338345,100,5.839248120300752,8.16,0.4526315789473684,0.2789473684210526,40.50842105263158,8.28,0.9949325772681537,129.46730287267684,0.276562403989193
Tacuarembó,UY-TA,2017-12-11,2017-12-17,2017,50,7,7,100.0,100.0,2,30.612781954887218,36.6,17.20751879699248,12.7,33.142857142857146,26,78.70676691729322,94,5.911353383458646,10.41,13.789473684210527,13.742105263157896,46.32157894736842,7.98,0.9894700491671201,44.771077517545415,0.1917694240111119
Tacuarembó,UY-TA,2017-12-18,2017-12-24,2017,51,7,7,100.0,100.0,5,28.06766917293233,32.9,17.06466165413534,10.1,45.69924812030075,35,84.38345864661655,98,5.832932330827068,8.64,4.221052631578948,3.6,41.5478947368421,6.94,0.9962315800079529,104.98711269733403,0.8614585766705458
Tacuarembó,UY-TA,2017-12-25,2017-12-31,2017,52,7,7,100.0,100.0,2,32.40526315789474,34.5,19.335338345864663,13.5,31.52631578947368,20,85.58646616541353,98,4.290300751879699,6.61,20.168421052631576,20.07894736842105,46.566842105263156,8.04,0.9713607379373717,85.96855725211371,0.8420370303463653
Treinta y Tres,UY-TT,2017-01-02,2017-01-08,2017,1,7,7,100.0,100.0,4,28.49047619047619,30.8,18.639682539682543,13.0,54.666666666666664,31,93.4920634920635,100,5.66968253968254,7.78,27.3,10.38888888888889,34.931111111111115,6.73,0.9978830325376553,61.09810029205891,0.3865349741525323
Treinta y Tres,UY-TT,2017-01-09,2017-01-15,2017,2,7,7,100.0,100.0,5,28.28095238095238,33.2,17.125396825396827,12.7,48.98412698412698,36,93.04761904761905,99,5.279047619047619,8.12,21.588888888888892,10.155555555555557,39.28111111111111,6.7,0.9967826263879218,84.66976401106879,0.21987670048415253
Treinta y Tres,UY-TT,2017-01-16,2017-01-22,2017,3,7,7,100.0,100.0,2,27.84920634920635,29.0,18.146031746031746,14.9,57.61904761904761,47,95.74603174603173,100,5.323333333333333,8.81,37.88888888888889,34.18888888888889,36.285555555555554,6.29,0.9958232858650096,84.16586671903798,0.7096319501000622
Treinta y Tres,UY-TT,2017-01-23,2017-01-29,2017,4,7,7,100.0,100.0,5,26.711111111111112,30.7,16.692063492063493,12.2,48.3968253968254,43,93.09523809523809,99,5.167142857142857,8.37,2.177777777777778,1.5333333333333334,35.24111111111111,6.51,0.9954925157689457,108.34215847680248,0.20038367491115666
Treinta y Tres,UY-TT,2017-01-30,2017-02-05,2017,5,7,7,100.0,100.0,7,29.046031746031748,31.9,20.955555555555556,17.2,55.74603174603175,44,96.04761904761905,100,5.8068253968253964,12.81,43.53333333333333,22.08888888888889,31.615555555555556,6.29,0.9979658862281572,58.910567130271424,0.2819050378394509
Treinta y Tres,UY-TT,2017-02-06,2017-02-12,2017,6,7,7,100.0,100.0,5,25.43968253968254,28.5,17.52857142857143,11.8,58.539682539682545,45,91.23809523809526,100,6.144126984126984,10.22,23.733333333333334,13.122222222222222,27.256666666666668,5.45,0.992686521159334,114.46023342080231,0.5909941922623835
Treinta y Tres,UY-TT,2017-02-13,2017-02-19,2017,7,7,7,100.0,100.0,7,28.173015873015874,30.9,20.725396825396825,19.1,65.7936507936508,51,96.17460317460316,100,4.582539682539683,6.31,67.22222222222221,31.488888888888887,25.357777777777777,5.23,0.9945216015264581,347.4646806996448,0.5207150458107028
Treinta y Tres,UY-TT,2017-02-20,2017-02-26,2017,8,7,7,100.0,100.0,5,29.273015873015872,31.2,20.987301587301584,19.1,64.23809523809523,54,98.47619047619048,100,3.124920634920635,4.88,28.644444444444446,22.644444444444446,27.378888888888888,5.11,0.9897427612156716,58.32891305358364,0.49430983685972457
Treinta y Tres,UY-TT,2017-02-27,2017-03-05,2017,9,7,7,100.0,100.0,5,28.03015873015873,31.6,19.957142857142856,15.3,57.36507936507936,46,93.07936507936508,100,4.936349206349206,8.63,22.822222222222223,16.72222222222222,30.173333333333332,5.23,0.9969129257241154,89.75121974100628,0.2542560871660607
Treinta y Tres,UY-TT,2017-03-06,2017-03-12,2017,10,7,7,100.0,100.0,5,25.355555555555554,28.5,15.485714285714286,10.1,50.79365079365079,33,93.04761904761905,99,5.663809523809524,8.82,15.011111111111113,12.355555555555556,28.644444444444442,5.11,0.9957308897752013,78.51600922544763,0.24377409401278707
Treinta y Tres,UY-TT,2017-03-13,2017-03-19,2017,11,7,7,100.0,100.0,4,23.020634920634922,28.5,12.087301587301587,8.6,52.22222222222222,40,88.23809523809523,100,5.090634920634921,8.01,20.28888888888889,18.0,25.23,4.76,0.9796930188507902,201.26818216445767,0.20167954682474412
Treinta y Tres,UY-TT,2017-03-20,2017-03-26,2017,12,7,7,100.0,100.0,6,24.446031746031743,26.0,16.877777777777776,11.2,63.698412698412696,53,96.57142857142857,100,4.9963492063492065,7.42,9.622222222222222,6.933333333333334,21.12,3.71,0.9992030600750642,83.18172699475112,0.9841140362534336
Treinta y Tres,UY-TT,2017-03-27,2017-04-02,2017,13,7,7,100.0,100.0,2,24.43968253968254,26.6,17.136507936507936,14.6,54.920634920634924,42,91.98412698412699,98,6.061111111111111,7.49,1.2555555555555553,0.922222222222222,24.41111111111111,4.44,0.9996460466222052,72.69629292146041,0.9738527512832722
Treinta y Tres,UY-TT,2017-04-03,2017-04-09,2017,14,7,7,100.0,100.0,4,25.09047619047619,28.1,16.90793650793651,11.0,58.80952380952381,41,93.73015873015872,100,5.8631746031746035,10.26,28.711111111111116,20.022222222222226,20.75111111111111,4.22,0.9973061441971078,71.18299643119208,0.4885732696754579
Treinta y Tres,UY-TT,2017-04-10,2017-04-16,2017,15,7,7,100.0,100.0,3,20.41904761904762,26.1,13.101587301587301,9.8,60.53968253968254,50,91.4920634920635,97,5.497142857142856,9.3,35.9,35.65555555555555,16.89,3.98,0.9923606936046134,151.47610802447548,0.3804850193387271
Treinta y Tres,UY-TT,2017-04-17,2017-04-23,2017,16,7,7,100.0,100.0,4,20.20634920634921,22.5,13.146031746031747,6.5,63.523809523809526,43,93.7936507936508,100,5.393174603174603,9.12,30.53333333333333,19.244444444444444,14.36111111111111,2.86,0.987792704285403,344.04031560211286,0.08948895130080668
Treinta y Tres,UY-TT,2017-04-24,2017-04-30,2017,17,7,7,100.0,100.0,3,20.347619047619048,24.1,11.342857142857142,8.2,56.80952380952381,43,86.76190476190477,98,6.274444444444444,11.87,12.488888888888887,9.7,19.03333333333333,3.92,0.9988467606224213,310.6984275942419,0.5820523594560684
Treinta y Tres,UY-TT,2017-05-01,2017-05-07,2017,18,7,7,100.0,100.0,0,22.815873015873017,25.7,13.074603174603174,8.3,62.73015873015873,44,96.68253968253967,100,3.765873015873016,6.14,0.0,0.0,14.8,2.74,0.9957858601089697,54.9179257413355,0.8613585874346397
Treinta y Tres,UY-TT,2017-05-08,2017-05-14,2017,19,7,7,100.0,100.0,5,18.263492063492063,22.8,12.211111111111112,5.0,69.28571428571429,47,94.5079365079365,100,5.814444444444445,8.2,40.47777777777778,21.211111111111112,9.88888888888889,2.52,0.9885408144870432,187.45152897918874,0.2951159543528952
Treinta y Tres,UY-TT,2017-05-15,2017-05-21,2017,20,7,7,100.0,100.0,4,18.22222222222222,21.2,10.807936507936507,6.4,65.61904761904762,53,95.14285714285714,100,6.277936507936508,11.22,36.42222222222222,30.15555555555555,10.768888888888888,2.21,0.9935097920105643,354.5411810012959,0.13734579472838065
Treinta y Tres,UY-TT,2017-05-22,2017-05-28,2017,21,7,7,100.0,100.0,4,18.460317460317462,22.3,12.007936507936508,8.8,71.07936507936508,53,93.77777777777779,100,5.413968253968254,7.92,53.233333333333334,43.62222222222222,8.982222222222221,2.26,0.9978124517386642,53.444549431780345,0.2068828922449862
Treinta y Tres,UY-TT,2017-05-29,2017-06-04,2017,22,7,7,100.0,100.0,1,16.304761904761907,18.0,8.631746031746031,5.7,64.38095238095238,55,96.36507936507937,100,3.958253968253968,6.77,2.488888888888889,2.488888888888889,9.744444444444444,1.61,0.9918487550748447,194.31151591780713,0.5655213970723769
Treinta y Tres,UY-TT,2017-06-05,2017-06-11,2017,23,7,7,100.0,100.0,1,14.944444444444445,18.3,7.026984126984126,1.9,61.19047619047619,50,92.26984126984128,99,5.482857142857142,9.91,15.288888888888888,15.288888888888888,11.103333333333333,2.9,0.9899496464798868,246.6826963990952,0.40995822221372513
Treinta y Tres,UY-TT,2017-06-12,2017-06-18,2017,24,7,7,100.0,100.0,2,18.914285714285715,25.3,10.011111111111111,2.5,65.42857142857143,37,93.77777777777779,100,5.525079365079365,8.79,7.6,5.311111111111111,12.578888888888889,3.16,0.9641055120782881,9.2720378777763,0.6218623382243352
Treinta y Tres,UY-TT,2017-06-19,2017-06-25,2017,25,7,7,100.0,100.0,0,18.771428571428572,25.0,9.980952380952383,0.3,62.0,45,89.3015873015873,95,5.19079365079365,7.58,0.0,0.0,13.115555555555556,2.46,0.9858120757619817,344.86724834251646,0.7311300010171311
Treinta y Tres,UY-TT,2017-06-26,2017-07-02,2017,26,7,7,100.0,100.0,2,16.955555555555556,23.8,9.866666666666665,3.1,67.15873015873017,52,92.74603174603173,100,4.489047619047619,7.72,41.66666666666667,33.25555555555556,9.841111111111111,2.77,0.9957439487498421,270.7941740530942,0.08784628167505999
Treinta y Tres,UY-TT,2017-07-03,2017-07-09,2017,27,7,7,100.0,100.0,4,19.306349206349207,22.3,11.174603174603174,6.6,67.61904761904762,59,95.46031746031747,100,4.575873015873015,7.26,8.733333333333334,4.2444444444444445,10.385555555555555,2.05,0.9924152397188785,26.85576405105029,0.8758455283292583
Treinta y Tres,UY-TT,2017-07-10,2017-07-16,2017,28,7,7,100.0,100.0,5,19.73174603174603,25.0,12.5984126984127,4.5,68.60317460317461,57,93.34920634920636,100,6.3068253968253964,9.17,33.43333333333333,14.488888888888889,11.581111111111111,3.44,0.9718222247285927,332.4366924112804,0.23861270863625964
Treinta y Tres,UY-TT,2017-07-17,2017-07-23,2017,29,7,7,100.0,100.0,0,14.706349206349206,23.4,4.7555555555555555,0.6,53.77777777777778,44,84.85714285714286,100,5.948412698412699,9.17,0.0,0.0,13.93888888888889,2.47,0.9968581362743768,305.40439780972014,0.6774445320736187
Treinta y Tres,UY-TT,2017-07-24,2017-07-30,2017,30,7,7,100.0,100.0,4,21.822222222222223,25.1,13.7984126984127,12.1,68.7936507936508,57,95.85714285714286,100,5.589047619047619,6.75,33.71111111111111,22.51111111111111,12.477777777777778,2.66,0.8876694310202755,25.06544276719483,0.7035545625020271
Treinta y Tres,UY-TT,2017-07-31,2017-08-06,2017,31,7,7,100.0,100.0,3,16.35873015873016,21.3,8.525396825396825,2.9,69.04761904761905,54,96.80952380952382,100,4.842698412698413,6.8,28.266666666666666,14.799999999999999,10.423333333333332,2.27,0.9901355585507515,119.01617256293852,0.3346843836047065
Treinta y Tres,UY-TT,2017-08-07,2017-08-13,2017,32,7,7,100.0,100.0,7,17.425396825396824,20.6,11.514285714285714,7.4,71.73015873015872,56,94.41269841269842,99,7.676825396825397,12.65,83.15555555555555,42.55555555555556,10.296666666666667,2.19,0.9966505017462918,90.16409292642794,0.326610743649101
Treinta y Tres,UY-TT,2017-08-14,2017-08-20,2017,33,7,7,100.0,100.0,1,17.809523809523807,22.0,6.476190476190476,3.3,49.98412698412698,37,91.6984126984127,98,5.277777777777778,8.85,3.6333333333333337,3.6333333333333337,17.137777777777778,2.95,0.9954985374558575,287.5511440837777,0.5924313928585592
Treinta y Tres,UY-TT,2017-08-21,2017-08-27,2017,34,7,7,100.0,100.0,4,21.428571428571427,28.7,12.09047619047619,1.0,63.88888888888889,42,92.46031746031746,100,4.958730158730158,7.78,16.033333333333335,14.055555555555555,14.946666666666667,3.16,0.9901166548429202,24.840189393258374,0.7755232297154406
Treinta y Tres,UY-TT,2017-08-28,2017-09-03,2017,35,7,7,100.0,100.0,5,22.75714285714286,30.0,13.787301587301588,5.6,64.46031746031746,54,92.41269841269842,99,6.891111111111111,10.77,21.988888888888887,20.5,17.962222222222223,4.19,0.9922094190094658,24.799019075335544,0.5546520506326186
Treinta y Tres,UY-TT,2017-09-04,2017-09-10,2017,36,7,7,100.0,100.0,7,20.35238095238095,23.7,13.282539682539682,7.4,73.12698412698413,54,96.22222222222221,100,5.981746031746032,9.66,55.72222222222222,18.91111111111111,11.338888888888889,2.6,0.9922452912005866,105.45490872033453,0.539348843418526
Treinta y Tres,UY-TT,2017-09-11,2017-09-17,2017,37,7,7,100.0,100.0,4,17.906349206349205,21.3,9.593650793650793,6.7,60.20634920634921,51,95.15873015873015,100,5.8834920634920636,13.15,61.388888888888886,38.0,16.275555555555556,3.23,0.9972639566039082,157.50278934768056,0.5926835866872465
Treinta y Tres,UY-TT,2017-09-18,2017-09-24,2017,38,7,7,100.0,100.0,2,21.049206349206347,29.7,10.955555555555557,5.4,63.285714285714285,49,97.47619047619047,100,5.135238095238095,7.77,7.877777777777777,6.566666666666666,19.924444444444443,4.2,0.993308407594604,123.97206762802307,0.5656152622345729
Treinta y Tres,UY-TT,2017-09-25,2017-10-01,2017,39,7,7,100.0,100.0,7,19.501587301587303,23.3,13.068253968253968,10.9,67.25396825396825,52,94.77777777777779,100,5.804603174603175,8.37,24.11111111111111,13.311111111111112,14.536666666666667,3.33,0.9951419811005807,95.01783103696671,0.7903495867198667
Treinta y Tres,UY-TT,2017-10-02,2017-10-08,2017,40,7,7,100.0,100.0,4,21.622222222222224,27.2,11.898412698412699,7.4,49.74603174603175,37,90.4920634920635,97,8.229682539682539,10.57,23.58888888888889,17.433333333333334,28.91777777777778,5.59,0.9983848892657294,339.0318189770188,0.21034527711878956
Treinta y Tres,UY-TT,2017-10-09,2017-10-15,2017,41,7,7,100.0,100.0,6,19.187301587301587,23.9,11.393650793650794,6.6,59.8095238095238,43,92.71428571428571,100,5.9465079365079365,8.86,20.877777777777776,11.61111111111111,20.197777777777777,4.73,0.9955595902155734,179.6237990063195,0.4207251129465667
Treinta y Tres,UY-TT,2017-10-16,2017-10-22,2017,42,7,7,100.0,100.0,6,22.046031746031748,28.3,11.777777777777777,6.7,60.61904761904761,41,91.80952380952381,99,6.938571428571429,9.71,38.33333333333333,13.011111111111111,23.508888888888887,4.9,0.9977926593127326,53.67513643302183,0.13632310436147774
Treinta y Tres,UY-TT,2017-10-23,2017-10-29,2017,43,7,7,100.0,100.0,5,21.952380952380953,26.2,12.126984126984127,3.2,62.03174603174603,47,95.73015873015872,99,5.208253968253969,8.41,28.1,23.444444444444443,24.126666666666665,4.68,0.9842977650624879,95.89358737145824,0.8238712842712325
Treinta y Tres,UY-TT,2017-10-30,2017-11-05,2017,44,7,7,100.0,100.0,4,22.884126984126986,26.1,12.373015873015873,8.9,48.79365079365079,39,93.12698412698413,100,5.65984126984127,9.67,3.222222222222222,1.9333333333333331,32.73555555555556,5.23,0.9965757987524949,165.76974220151925,0.34777477569474763
Treinta y Tres,UY-TT,2017-11-06,2017-11-12,2017,45,7,7,100.0,100.0,4,23.83809523809524,26.9,14.074603174603173,10.7,44.20634920634921,30,88.65079365079364,97,6.277936507936508,10.74,1.8666666666666667,1.1222222222222222,35.49777777777778,6.0,0.9977461961074806,238.55590695486524,0.12817719509776881
Treinta y Tres,UY-TT,2017-11-13,2017-11-19,2017,46,7,7,100.0,100.0,2,25.666666666666668,33.9,12.126984126984127,8.1,37.3015873015873,27,86.98412698412699,97,6.604603174603175,8.97,0.8555555555555555,0.7777777777777778,41.55555555555556,8.19,0.9973983374899079,276.97211004670544,0.22339326774994037
Treinta y Tres,UY-TT,2017-11-20,2017-11-26,2017,47,7,7,100.0,100.0,5,22.34444444444444,28.7,10.82063492063492,6.1,38.857142857142854,30,82.23809523809526,96,5.343809523809524,9.06,11.166666666666668,9.533333333333333,36.84888888888889,7.84,0.9870591984299505,165.98332387749784,0.4301185552531384
Treinta y Tres,UY-TT,2017-11-27,2017-12-03,2017,48,7,7,100.0,100.0,4,24.83968253968254,29.6,14.014285714285714,9.2,44.3968253968254,33,85.73015873015872,97,7.095079365079365,9.2,2.8444444444444446,1.9555555555555557,36.30222222222222,6.54,0.9990381699360068,97.259543827831,0.7172514411691382
Treinta y Tres,UY-TT,2017-12-04,2017-12-10,2017,49,7,7,100.0,100.0,5,27.492063492063494,33.6,17.252380952380953,15.3,41.63492063492064,21,90.52380952380952,100,5.866984126984128,7.68,2.7,1.0777777777777777,38.05111111111111,7.99,0.9942687192307547,113.62333050618328,0.33839879332139927
Treinta y Tres,UY-TT,2017-12-11,2017-12-17,2017,50,7,7,100.0,100.0,2,29.758730158730156,36.3,16.873015873015873,11.7,32.80952380952381,26,80.33333333333334,93,6.740317460317461,11.43,6.1,6.088888888888889,46.21222222222222,8.79,0.9944682405968743,1.0051013670856204,0.16270364576660862
Treinta y Tres,UY-TT,2017-12-18,2017-12-24,2017,51,7,7,100.0,100.0,3,26.503174603174607,32.2,17.046031746031748,10.1,46.26984126984127,37,83.68253968253968,98,6.203174603174603,8.6,6.244444444444444,5.655555555555555,35.7,6.42,0.9988793861439477,96.09488424508301,0.8065337039814557
Treinta y Tres,UY-TT,2017-12-25,2017-12-31,2017,52,7,7,100.0,100.0,2,31.06031746031746,33.8,18.38888888888889,12.7,35.476190476190474,22,91.23809523809523,100,5.2503174603174605,6.93,3.9000000000000004,3.855555555555556,46.10111111111111,7.69,0.9907541557878582,68.30120364974485,0.8270370025876975
