coordenada_id,departamento_solicitado,departamento_iso,latitud_solicitada,longitud_solicitada,distancia_limite_m,metodo_seleccion,margen_interior_m,latitud_reportada,longitud_reportada,elevacion_reportada_m,distancia_solicitada_reportada_m,departamento_open_meteo,estado_asignacion,mismo_departamento,punto_valido,distancia_limite_nacional_m,tipo_zona,timezone,timezone_abbreviation,utc_offset_seconds,daily_units_json
URY_AR_G_E450000_N6600000,Artigas,UY-AR,-30.73183900000001,-57.52228699999999,12944.486524066826,grid,7500,-30.7,-57.5,94.0,4123.630023329667,Artigas,mismo_departamento,True,True,27066.889070947298,limite_interdepartamental,America/Montevideo,GMT-3,-10800,"{""et0_fao_evapotranspiration"": ""mm"", ""precipitation_sum"": ""mm"", ""relative_humidity_2m_max"": ""%"", ""relative_humidity_2m_min"": ""%"", ""temperature_2m_max"": ""°C"", ""temperature_2m_min"": ""°C"", ""time"": ""iso8601"", ""wind_direction_10m_dominant"": ""°"", ""wind_speed_10m_max"": ""m/s""}"
URY_AR_G_E450000_N6625000,Artigas,UY-AR,-30.506253999999995,-57.52107699999999,20960.844389837555,grid,7500,-30.5,-57.5,102.0,2138.006674902912,Artigas,mismo_departamento,True,True,20960.844389837555,limite_interdepartamental,America/Montevideo,GMT-3,-10800,"{""et0_fao_evapotranspiration"": ""mm"", ""precipitation_sum"": ""mm"", ""relative_humidity_2m_max"": ""%"", ""relative_humidity_2m_min"": ""%"", ""temperature_2m_max"": ""°C"", ""temperature_2m_min"": ""°C"", ""time"": ""iso8601"", ""wind_direction_10m_dominant"": ""°"", ""wind_speed_10m_max"": ""m/s""}"
URY_AR_G_E475000_N6600000,Artigas,UY-AR,-30.732627000000004,-57.261147,22875.657951149573,grid,7500,-30.7,-57.299995,140.0,5187.428769486086,Artigas,mismo_departamento,True,True,48610.32073147739,limite_interdepartamental,America/Montevideo,GMT-3,-10800,"{""et0_fao_evapotranspiration"": ""mm"", ""precipitation_sum"": ""mm"", ""relative_humidity_2m_max"": ""%"", ""relative_humidity_2m_min"": ""%"", ""temperature_2m_max"": ""°C"", ""temperature_2m_min"": ""°C"", ""time"": ""iso8601"", ""wind_direction_10m_dominant"": ""°"", ""wind_speed_10m_max"": ""m/s""}"
URY_AR_G_E475000_N6625000,Artigas,UY-AR,-30.50703499999999,-57.260542,23655.965238987817,grid,7500,-30.5,-57.299995,63.0,3865.2651948510556,Artigas,mismo_departamento,True,True,23655.965238987817,limite_interdepartamental,America/Montevideo,GMT-3,-10800,"{""et0_fao_evapotranspiration"": ""mm"", ""precipitation_sum"": ""mm"", ""relative_humidity_2m_max"": ""%"", ""relative_humidity_2m_min"": ""%"", ""temperature_2m_max"": ""°C"", ""temperature_2m_min"": ""°C"", ""time"": ""iso8601"", ""wind_direction_10m_dominant"": ""°"", ""wind_speed_10m_max"": ""m/s""}"
URY_AR_G_E500000_N6575000,Artigas,UY-AR,-30.958475999999997,-57.00000000000001,8995.2915130693,grid,7500,-31.0,-57.0,111.0,4601.887328904122,Artigas,mismo_departamento,True,True,77077.21772913708,limite_interdepartamental,America/Montevideo,GMT-3,-10800,"{""et0_fao_evapotranspiration"": ""mm"", ""precipitation_sum"": ""mm"", ""relative_humidity_2m_max"": ""%"", ""relative_humidity_2m_min"": ""%"", ""temperature_2m_max"": ""°C"", ""temperature_2m_min"": ""°C"", ""time"": ""iso8601"", ""wind_direction_10m_dominant"": ""°"", ""wind_speed_10m_max"": ""m/s""}"
URY_AR_G_E500000_N6600000,Artigas,UY-AR,-30.73289,-57.00000000000001,33925.22982975581,grid,7500,-30.7,-57.0,156.0,3644.878288139589,Artigas,mismo_departamento,True,True,53297.8389980953,limite_interdepartamental,America/Montevideo,GMT-3,-10800,"{""et0_fao_evapotranspiration"": ""mm"", ""precipitation_sum"": ""mm"", ""relative_humidity_2m_max"": ""%"", ""relative_humidity_2m_min"": ""%"", ""temperature_2m_max"": ""°C"", ""temperature_2m_min"": ""°C"", ""time"": ""iso8601"", ""wind_direction_10m_dominant"": ""°"", ""wind_speed_10m_max"": ""m/s""}"
URY_AR_G_E500000_N6625000,Artigas,UY-AR,-30.507296,-57.00000000000001,31419.67034110182,grid,7500,-30.5,-57.0,99.0,808.5181279070675,Artigas,mismo_departamento,True,True,31419.670341101424,limite_interdepartamental,America/Montevideo,GMT-3,-10800,"{""et0_fao_evapotranspiration"": ""mm"", ""precipitation_sum"": ""mm"", ""relative_humidity_2m_max"": ""%"", ""relative_humidity_2m_min"": ""%"", ""temperature_2m_max"": ""°C"", ""temperature_2m_min"": ""°C"", ""time"": ""iso8601"", ""wind_direction_10m_dominant"": ""°"", ""wind_speed_10m_max"": ""m/s""}"
URY_AR_G_E500000_N6650000,Artigas,UY-AR,-30.281694,-57.00000000000001,15828.59979901856,grid,7500,-30.3,-57.0,81.0,2028.5430658087134,Artigas,mismo_departamento,True,True,15828.599799018011,limite_interdepartamental,America/Montevideo,GMT-3,-10800,"{""et0_fao_evapotranspiration"": ""mm"", ""precipitation_sum"": ""mm"", ""relative_humidity_2m_max"": ""%"", ""relative_humidity_2m_min"": ""%"", ""temperature_2m_max"": ""°C"", ""temperature_2m_min"": ""°C"", ""time"": ""iso8601"", ""wind_direction_10m_dominant"": ""°"", ""wind_speed_10m_max"": ""m/s""}"
URY_AR_G_E525000_N6575000,Artigas,UY-AR,-30.958211,-56.738241,9076.77563119342,grid,7500,-31.0,-56.699997,221.0,5897.86312746396,Artigas,mismo_departamento,True,True,61215.313807398765,limite_interdepartamental,America/Montevideo,GMT-3,-10800,"{""et0_fao_evapotranspiration"": ""mm"", ""precipitation_sum"": ""mm"", ""relative_humidity_2m_max"": ""%"", ""relative_humidity_2m_min"": ""%"", ""temperature_2m_max"": ""°C"", ""temperature_2m_min"": ""°C"", ""time"": ""iso8601"", ""wind_direction_10m_dominant"": ""°"", ""wind_speed_10m_max"": ""m/s""}"
URY_AR_G_E525000_N6600000,Artigas,UY-AR,-30.732627000000004,-56.738853,31482.672866565565,grid,7500,-30.7,-56.699997,181.0,5187.978047128347,Artigas,mismo_departamento,True,True,42742.570533843034,limite_interdepartamental,America/Montevideo,GMT-3,-10800,"{""et0_fao_evapotranspiration"": ""mm"", ""precipitation_sum"": ""mm"", ""relative_humidity_2m_max"": ""%"", ""relative_humidity_2m_min"": ""%"", ""temperature_2m_max"": ""°C"", ""temperature_2m_min"": ""°C"", ""time"": ""iso8601"", ""wind_direction_10m_dominant"": ""°"", ""wind_speed_10m_max"": ""m/s""}"
URY_AR_G_E525000_N6625000,Artigas,UY-AR,-30.50703499999999,-56.739458,24671.372459937764,grid,7500,-30.5,-56.699997,152.0,3866.017085790188,Artigas,mismo_departamento,True,True,24671.372459937764,limite_interdepartamental,America/Montevideo,GMT-3,-10800,"{""et0_fao_evapotranspiration"": ""mm"", ""precipitation_sum"": ""mm"", ""relative_humidity_2m_max"": ""%"", ""relative_humidity_2m_min"": ""%"", ""temperature_2m_max"": ""°C"", ""temperature_2m_min"": ""°C"", ""time"": ""iso8601"", ""wind_direction_10m_dominant"": ""°"", ""wind_speed_10m_max"": ""m/s""}"
URY_AR_G_E525000_N6650000,Artigas,UY-AR,-30.28143600000001,-56.740056,9419.250083983256,grid,7500,-30.3,-56.699997,128.0,4367.178750202953,Artigas,mismo_departamento,True,True,9419.250083983256,limite_interdepartamental,America/Montevideo,GMT-3,-10800,"{""et0_fao_evapotranspiration"": ""mm"", ""precipitation_sum"": ""mm"", ""relative_humidity_2m_max"": ""%"", ""relative_humidity_2m_min"": ""%"", ""temperature_2m_max"": ""°C"", ""temperature_2m_min"": ""°C"", ""time"": ""iso8601"", ""wind_direction_10m_dominant"": ""°"", ""wind_speed_10m_max"": ""m/s""}"
URY_AR_G_E550000_N6600000,Artigas,UY-AR,-30.73183900000001,-56.477713,17471.60009044519,grid,7500,-30.7,-56.5,268.0,4123.630023329936,Artigas,mismo_departamento,True,True,26363.184616488226,limite_interdepartamental,America/Montevideo,GMT-3,-10800,"{""et0_fao_evapotranspiration"": ""mm"", ""precipitation_sum"": ""mm"", ""relative_humidity_2m_max"": ""%"", ""relative_humidity_2m_min"": ""%"", ""temperature_2m_max"": ""°C"", ""temperature_2m_min"": ""°C"", ""time"": ""iso8601"", ""wind_direction_10m_dominant"": ""°"", ""wind_speed_10m_max"": ""m/s""}"
URY_AR_G_E550000_N6625000,Artigas,UY-AR,-30.506253999999995,-56.478923,8081.017171959331,grid,7500,-30.5,-56.5,145.0,2138.006674903517,Artigas,mismo_departamento,True,True,8081.017171959331,limite_interdepartamental,America/Montevideo,GMT-3,-10800,"{""et0_fao_evapotranspiration"": ""mm"", ""precipitation_sum"": ""mm"", ""relative_humidity_2m_max"": ""%"", ""relative_humidity_2m_min"": ""%"", ""temperature_2m_max"": ""°C"", ""temperature_2m_min"": ""°C"", ""time"": ""iso8601"", ""wind_direction_10m_dominant"": ""°"", ""wind_speed_10m_max"": ""m/s""}"
URY_CA_G_E575000_N6175000,Canelones,UY-CA,-34.56402099999999,-56.18242,17046.39022628587,grid,7500,-34.6,-56.199997,43.0,4303.3223403439715,Canelones,mismo_departamento,True,True,28945.811542580082,limite_interdepartamental,America/Montevideo,GMT-3,-10800,"{""et0_fao_evapotranspiration"": ""mm"", ""precipitation_sum"": ""mm"", ""relative_humidity_2m_max"": ""%"", ""relative_humidity_2m_min"": ""%"", ""temperature_2m_max"": ""°C"", ""temperature_2m_min"": ""°C"", ""time"": ""iso8601"", ""wind_direction_10m_dominant"": ""°"", ""wind_speed_10m_max"": ""m/s""}"
URY_CA_G_E600000_N6175000,Canelones,UY-CA,-34.561892,-55.909931,25326.8209819108,grid,7500,-34.6,-55.9,28.0,4323.322759317986,Canelones,mismo_departamento,True,True,25557.136275826586,limite_interdepartamental,America/Montevideo,GMT-3,-10800,"{""et0_fao_evapotranspiration"": ""mm"", ""precipitation_sum"": ""mm"", ""relative_humidity_2m_max"": ""%"", ""relative_humidity_2m_min"": ""%"", ""temperature_2m_max"": ""°C"", ""temperature_2m_min"": ""°C"", ""time"": ""iso8601"", ""wind_direction_10m_dominant"": ""°"", ""wind_speed_10m_max"": ""m/s""}"
URY_CA_G_E625000_N6175000,Canelones,UY-CA,-34.55915499999998,-55.637475,10237.659160292847,grid,7500,-34.6,-55.6,74.0,5686.841763304766,Canelones,mismo_departamento,True,True,22840.652735968968,limite_interdepartamental,America/Montevideo,GMT-3,-10800,"{""et0_fao_evapotranspiration"": ""mm"", ""precipitation_sum"": ""mm"", ""relative_humidity_2m_max"": ""%"", ""relative_humidity_2m_min"": ""%"", ""temperature_2m_max"": ""°C"", ""temperature_2m_min"": ""°C"", ""time"": ""iso8601"", ""wind_direction_10m_dominant"": ""°"", ""wind_speed_10m_max"": ""m/s""}"
URY_CL_G_E675000_N6375000,Cerro Largo,UY-CL,-32.74895399999999,-55.132067,17290.12906401336,grid,7500,-32.7,-55.1,159.0,6205.553118524678,Cerro Largo,mismo_departamento,True,True,133024.75232043624,limite_interdepartamental,America/Montevideo,GMT-3,-10800,"{""et0_fao_evapotranspiration"": ""mm"", ""precipitation_sum"": ""mm"", ""relative_humidity_2m_max"": ""%"", ""relative_humidity_2m_min"": ""%"", ""temperature_2m_max"": ""°C"", ""temperature_2m_min"": ""°C"", ""time"": ""iso8601"", ""wind_direction_10m_dominant"": ""°"", ""wind_speed_10m_max"": ""m/s""}"
URY_CL_G_E700000_N6375000,Cerro Largo,UY-CL,-32.74469399999999,-54.865369,11721.08600657655,grid,7500,-32.7,-54.9,189.0,5925.617346086012,Cerro Largo,mismo_departamento,True,True,115734.70866587514,limite_interdepartamental,America/Montevideo,GMT-3,-10800,"{""et0_fao_evapotranspiration"": ""mm"", ""precipitation_sum"": ""mm"", ""relative_humidity_2m_max"": ""%"", ""relative_humidity_2m_min"": ""%"", ""temperature_2m_max"": ""°C"", ""temperature_2m_min"": ""°C"", ""time"": ""iso8601"", ""wind_direction_10m_dominant"": ""°"", ""wind_speed_10m_max"": ""m/s""}"
URY_CL_G_E700000_N6400000,Cerro Largo,UY-CL,-32.519327999999994,-54.870716,14393.154522599682,grid,7500,-32.5,-54.9,120.0,3488.2964065894057,Cerro Largo,mismo_departamento,True,True,97674.56101731697,limite_interdepartamental,America/Montevideo,GMT-3,-10800,"{""et0_fao_evapotranspiration"": ""mm"", ""precipitation_sum"": ""mm"", ""relative_humidity_2m_max"": ""%"", ""relative_humidity_2m_min"": ""%"", ""temperature_2m_max"": ""°C"", ""temperature_2m_min"": ""°C"", ""time"": ""iso8601"", ""wind_direction_10m_dominant"": ""°"", ""wind_speed_10m_max"": ""m/s""}"
URY_CL_G_E725000_N6400000,Cerro Largo,UY-CL,-32.514542,-54.604744,30939.14381397432,grid,7500,-32.5,-54.6,144.0,1673.5047190830178,Cerro Largo,mismo_departamento,True,True,80566.54656743762,limite_interdepartamental,America/Montevideo,GMT-3,-10800,"{""et0_fao_evapotranspiration"": ""mm"", ""precipitation_sum"": ""mm"", ""relative_humidity_2m_max"": ""%"", ""relative_humidity_2m_min"": ""%"", ""temperature_2m_max"": ""°C"", ""temperature_2m_min"": ""°C"", ""time"": ""iso8601"", ""wind_direction_10m_dominant"": ""°"", ""wind_speed_10m_max"": ""m/s""}"
URY_CL_G_E725000_N6425000,Cerro Largo,UY-CL,-32.28920800000001,-54.61069,18526.458115057518,grid,7500,-32.3,-54.6,133.0,1564.3327222878065,Cerro Largo,mismo_departamento,True,True,62330.04608851235,limite_interdepartamental,America/Montevideo,GMT-3,-10800,"{""et0_fao_evapotranspiration"": ""mm"", ""precipitation_sum"": ""mm"", ""relative_humidity_2m_max"": ""%"", ""relative_humidity_2m_min"": ""%"", ""temperature_2m_max"": ""°C"", ""temperature_2m_min"": ""°C"", ""time"": ""iso8601"", ""wind_direction_10m_dominant"": ""°"", ""wind_speed_10m_max"": ""m/s""}"
URY_CL_G_E750000_N6400000,Cerro Largo,UY-CL,-32.509195,-54.33884,22429.53276770344,grid,7500,-32.5,-54.299995,109.0,3791.5344547664404,Cerro Largo,mismo_departamento,True,True,66727.94174931347,limite_interdepartamental,America/Montevideo,GMT-3,-10800,"{""et0_fao_evapotranspiration"": ""mm"", ""precipitation_sum"": ""mm"", ""relative_humidity_2m_max"": ""%"", ""relative_humidity_2m_min"": ""%"", ""temperature_2m_max"": ""°C"", ""temperature_2m_min"": ""°C"", ""time"": ""iso8601"", ""wind_direction_10m_dominant"": ""°"", ""wind_speed_10m_max"": ""m/s""}"
URY_CL_G_E750000_N6425000,Cerro Largo,UY-CL,-32.28390699999999,-54.345444,30497.85093117007,grid,7500,-32.3,-54.299995,141.0,4639.809684473378,Cerro Largo,mismo_departamento,True,True,45615.50515244205,limite_interdepartamental,America/Montevideo,GMT-3,-10800,"{""et0_fao_evapotranspiration"": ""mm"", ""precipitation_sum"": ""mm"", ""relative_humidity_2m_max"": ""%"", ""relative_humidity_2m_min"": ""%"", ""temperature_2m_max"": ""°C"", ""temperature_2m_min"": ""°C"", ""time"": ""iso8601"", ""wind_direction_10m_dominant"": ""°"", ""wind_speed_10m_max"": ""m/s""}"
URY_CL_G_E750000_N6450000,Cerro Largo,UY-CL,-32.058610000000016,-54.351975,17164.501868395088,grid,7500,-32.1,-54.4,154.0,6453.910473478395,Cerro Largo,mismo_departamento,True,True,27014.29499665835,limite_interdepartamental,America/Montevideo,GMT-3,-10800,"{""et0_fao_evapotranspiration"": ""mm"", ""precipitation_sum"": ""mm"", ""relative_humidity_2m_max"": ""%"", ""relative_humidity_2m_min"": ""%"", ""temperature_2m_max"": ""°C"", ""temperature_2m_min"": ""°C"", ""time"": ""iso8601"", ""wind_direction_10m_dominant"": ""°"", ""wind_speed_10m_max"": ""m/s""}"
URY_CL_G_E750000_N6475000,Cerro Largo,UY-CL,-31.833304,-54.35843400000001,9079.002090276996,grid,7500,-31.8,-54.4,133.0,5398.734405309876,Cerro Largo,mismo_departamento,True,True,9079.002090277469,limite_interdepartamental,America/Montevideo,GMT-3,-10800,"{""et0_fao_evapotranspiration"": ""mm"", ""precipitation_sum"": ""mm"", ""relative_humidity_2m_max"": ""%"", ""relative_humidity_2m_min"": ""%"", ""temperature_2m_max"": ""°C"", ""temperature_2m_min"": ""°C"", ""time"": ""iso8601"", ""wind_direction_10m_dominant"": ""°"", ""wind_speed_10m_max"": ""m/s""}"
URY_CL_G_E775000_N6400000,Cerro Largo,UY-CL,-32.50328700000001,-54.073009,23420.547143341075,grid,7500,-32.5,-54.1,145.0,2563.881694352539,Cerro Largo,mismo_departamento,True,True,42381.47526515708,limite_interdepartamental,America/Montevideo,GMT-3,-10800,"{""et0_fao_evapotranspiration"": ""mm"", ""precipitation_sum"": ""mm"", ""relative_humidity_2m_max"": ""%"", ""relative_humidity_2m_min"": ""%"", ""temperature_2m_max"": ""°C"", ""temperature_2m_min"": ""°C"", ""time"": ""iso8601"", ""wind_direction_10m_dominant"": ""°"", ""wind_speed_10m_max"": ""m/s""}"
URY_CL_G_E775000_N6425000,Cerro Largo,UY-CL,-32.27804999999999,-54.080271,33949.021736624665,grid,7500,-32.3,-54.1,119.0,3064.015483748016,Cerro Largo,mismo_departamento,True,True,33949.021736624665,limite_interdepartamental,America/Montevideo,GMT-3,-10800,"{""et0_fao_evapotranspiration"": ""mm"", ""precipitation_sum"": ""mm"", ""relative_humidity_2m_max"": ""%"", ""relative_humidity_2m_min"": ""%"", ""temperature_2m_max"": ""°C"", ""temperature_2m_min"": ""°C"", ""time"": ""iso8601"", ""wind_direction_10m_dominant"": ""°"", ""wind_speed_10m_max"": ""m/s""}"
URY_CL_G_E775000_N6450000,Cerro Largo,UY-CL,-32.052804,-54.087453,13034.659911938155,grid,7500,-32.1,-54.1,130.0,5368.709021852195,Cerro Largo,mismo_departamento,True,True,13034.659911938157,limite_interdepartamental,America/Montevideo,GMT-3,-10800,"{""et0_fao_evapotranspiration"": ""mm"", ""precipitation_sum"": ""mm"", ""relative_humidity_2m_max"": ""%"", ""relative_humidity_2m_min"": ""%"", ""temperature_2m_max"": ""°C"", ""temperature_2m_min"": ""°C"", ""time"": ""iso8601"", ""wind_direction_10m_dominant"": ""°"", ""wind_speed_10m_max"": ""m/s""}"
URY_CL_G_E800000_N6400000,Cerro Largo,UY-CL,-32.49681900000001,-53.80726,19733.11853358614,grid,7500,-32.5,-53.799995,182.0,769.0465065007043,Cerro Largo,mismo_departamento,True,True,19733.118533587272,limite_interdepartamental,America/Montevideo,GMT-3,-10800,"{""et0_fao_evapotranspiration"": ""mm"", ""precipitation_sum"": ""mm"", ""relative_humidity_2m_max"": ""%"", ""relative_humidity_2m_min"": ""%"", ""temperature_2m_max"": ""°C"", ""temperature_2m_min"": ""°C"", ""time"": ""iso8601"", ""wind_direction_10m_dominant"": ""°"", ""wind_speed_10m_max"": ""m/s""}"
URY_CL_G_E800000_N6425000,Cerro Largo,UY-CL,-32.271638,-53.815179,12634.11395081934,grid,7500,-32.3,-53.799995,148.0,3457.545245646251,Cerro Largo,mismo_departamento,True,True,12634.113950819341,limite_interdepartamental,America/Montevideo,GMT-3,-10800,"{""et0_fao_evapotranspiration"": ""mm"", ""precipitation_sum"": ""mm"", ""relative_humidity_2m_max"": ""%"", ""relative_humidity_2m_min"": ""%"", ""temperature_2m_max"": ""°C"", ""temperature_2m_min"": ""°C"", ""time"": ""iso8601"", ""wind_direction_10m_dominant"": ""°"", ""wind_speed_10m_max"": ""m/s""}"
URY_CO_G_E400000_N6250000,Colonia,UY-CO,-33.88562000000001,-58.081391,8055.808878091233,grid,7500,-33.899998,-58.1,70.0,2345.9405016105516,Colonia,mismo_departamento,True,True,24033.53517377305,limite_interdepartamental,America/Montevideo,GMT-3,-10800,"{""et0_fao_evapotranspiration"": ""mm"", ""precipitation_sum"": ""mm"", ""relative_humidity_2m_max"": ""%"", ""relative_humidity_2m_min"": ""%"", ""temperature_2m_max"": ""°C"", ""temperature_2m_min"": ""°C"", ""time"": ""iso8601"", ""wind_direction_10m_dominant"": ""°"", ""wind_speed_10m_max"": ""m/s""}"
URY_CO_G_E425000_N6200000,Colonia,UY-CO,-34.33858799999999,-57.815386,8631.105321167359,grid,7500,-34.3,-57.799995,47.0,4507.302144794435,Colonia,mismo_departamento,True,True,8631.105321167775,limite_interdepartamental,America/Montevideo,GMT-3,-10800,"{""et0_fao_evapotranspiration"": ""mm"", ""precipitation_sum"": ""mm"", ""relative_humidity_2m_max"": ""%"", ""relative_humidity_2m_min"": ""%"", ""temperature_2m_max"": ""°C"", ""temperature_2m_min"": ""°C"", ""time"": ""iso8601"", ""wind_direction_10m_dominant"": ""°"", ""wind_speed_10m_max"": ""m/s""}"
URY_CO_G_E425000_N6225000,Colonia,UY-CO,-34.11314599999999,-57.813216,21108.709772223498,grid,7500,-34.1,-57.799995,92.0,1900.557107052731,Colonia,mismo_departamento,True,True,23560.95597473271,limite_interdepartamental,America/Montevideo,GMT-3,-10800,"{""et0_fao_evapotranspiration"": ""mm"", ""precipitation_sum"": ""mm"", ""relative_humidity_2m_max"": ""%"", ""relative_humidity_2m_min"": ""%"", ""temperature_2m_max"": ""°C"", ""temperature_2m_min"": ""°C"", ""time"": ""iso8601"", ""wind_direction_10m_dominant"": ""°"", ""wind_speed_10m_max"": ""m/s""}"
URY_CO_G_E450000_N6200000,Colonia,UY-CO,-34.340096,-57.543604,10065.916976681254,grid,7500,-34.3,-57.5,33.0,5988.45764362109,Colonia,mismo_departamento,True,True,10065.916976681254,limite_interdepartamental,America/Montevideo,GMT-3,-10800,"{""et0_fao_evapotranspiration"": ""mm"", ""precipitation_sum"": ""mm"", ""relative_humidity_2m_max"": ""%"", ""relative_humidity_2m_min"": ""%"", ""temperature_2m_max"": ""°C"", ""temperature_2m_min"": ""°C"", ""time"": ""iso8601"", ""wind_direction_10m_dominant"": ""°"", ""wind_speed_10m_max"": ""m/s""}"
URY_CO_G_E450000_N6225000,Colonia,UY-CO,-34.114642,-57.54215800000001,19050.85679441483,grid,7500,-34.1,-57.5,114.0,4213.74314253931,Colonia,mismo_departamento,True,True,34607.326559135225,limite_interdepartamental,America/Montevideo,GMT-3,-10800,"{""et0_fao_evapotranspiration"": ""mm"", ""precipitation_sum"": ""mm"", ""relative_humidity_2m_max"": ""%"", ""relative_humidity_2m_min"": ""%"", ""temperature_2m_max"": ""°C"", ""temperature_2m_min"": ""°C"", ""time"": ""iso8601"", ""wind_direction_10m_dominant"": ""°"", ""wind_speed_10m_max"": ""m/s""}"
URY_CO_G_E475000_N6200000,Colonia,UY-CO,-34.341001,-57.271806,10474.60401148028,grid,7500,-34.3,-57.299995,37.0,5234.055643071498,Colonia,mismo_departamento,True,True,10474.60401148028,limite_interdepartamental,America/Montevideo,GMT-3,-10800,"{""et0_fao_evapotranspiration"": ""mm"", ""precipitation_sum"": ""mm"", ""relative_humidity_2m_max"": ""%"", ""relative_humidity_2m_min"": ""%"", ""temperature_2m_max"": ""°C"", ""temperature_2m_min"": ""°C"", ""time"": ""iso8601"", ""wind_direction_10m_dominant"": ""°"", ""wind_speed_10m_max"": ""m/s""}"
URY_CO_G_E475000_N6225000,Colonia,UY-CO,-34.115539000000005,-57.271083,18774.32586691152,grid,7500,-34.1,-57.299995,97.0,3174.814465413577,Colonia,mismo_departamento,True,True,35473.69637799893,limite_interdepartamental,America/Montevideo,GMT-3,-10800,"{""et0_fao_evapotranspiration"": ""mm"", ""precipitation_sum"": ""mm"", ""relative_humidity_2m_max"": ""%"", ""relative_humidity_2m_min"": ""%"", ""temperature_2m_max"": ""°C"", ""temperature_2m_min"": ""°C"", ""time"": ""iso8601"", ""wind_direction_10m_dominant"": ""°"", ""wind_speed_10m_max"": ""m/s""}"
URY_DU_G_E525000_N6350000,Durazno,UY-DU,-32.988105,-56.732416,10990.367463890814,grid,7500,-33.0,-56.699997,64.0,3303.306287354946,Durazno,mismo_departamento,True,True,126287.20900962554,limite_interdepartamental,America/Montevideo,GMT-3,-10800,"{""et0_fao_evapotranspiration"": ""mm"", ""precipitation_sum"": ""mm"", ""relative_humidity_2m_max"": ""%"", ""relative_humidity_2m_min"": ""%"", ""temperature_2m_max"": ""°C"", ""temperature_2m_min"": ""°C"", ""time"": ""iso8601"", ""wind_direction_10m_dominant"": ""°"", ""wind_speed_10m_max"": ""m/s""}"
URY_DU_G_E550000_N6325000,Durazno,UY-DU,-33.21274,-56.463471,19350.77090674042,grid,7500,-33.2,-56.5,94.0,3685.88505931591,Durazno,mismo_departamento,True,True,150545.89675400854,limite_interdepartamental,America/Montevideo,GMT-3,-10800,"{""et0_fao_evapotranspiration"": ""mm"", ""precipitation_sum"": ""mm"", ""relative_humidity_2m_max"": ""%"", ""relative_humidity_2m_min"": ""%"", ""temperature_2m_max"": ""°C"", ""temperature_2m_min"": ""°C"", ""time"": ""iso8601"", ""wind_direction_10m_dominant"": ""°"", ""wind_speed_10m_max"": ""m/s""}"
URY_DU_G_E550000_N6350000,Durazno,UY-DU,-32.98724399999999,-56.464839,13755.007665611549,grid,7500,-33.0,-56.5,103.0,3576.3965343488767,Durazno,mismo_departamento,True,True,151285.63211025405,limite_interdepartamental,America/Montevideo,GMT-3,-10800,"{""et0_fao_evapotranspiration"": ""mm"", ""precipitation_sum"": ""mm"", ""relative_humidity_2m_max"": ""%"", ""relative_humidity_2m_min"": ""%"", ""temperature_2m_max"": ""°C"", ""temperature_2m_min"": ""°C"", ""time"": ""iso8601"", ""wind_direction_10m_dominant"": ""°"", ""wind_speed_10m_max"": ""m/s""}"
URY_DU_G_E575000_N6325000,Durazno,UY-DU,-33.211294999999986,-56.195225,25953.21241693747,grid,7500,-33.2,-56.199997,91.0,1328.9320864250733,Durazno,mismo_departamento,True,True,162332.9589712558,limite_interdepartamental,America/Montevideo,GMT-3,-10800,"{""et0_fao_evapotranspiration"": ""mm"", ""precipitation_sum"": ""mm"", ""relative_humidity_2m_max"": ""%"", ""relative_humidity_2m_min"": ""%"", ""temperature_2m_max"": ""°C"", ""temperature_2m_min"": ""°C"", ""time"": ""iso8601"", ""wind_direction_10m_dominant"": ""°"", ""wind_speed_10m_max"": ""m/s""}"
URY_DU_G_E575000_N6350000,Durazno,UY-DU,-32.98581099999999,-56.197277,21749.113179791337,grid,7500,-33.0,-56.199997,84.0,1593.4954742020495,Durazno,mismo_departamento,True,True,176284.52453587783,limite_interdepartamental,America/Montevideo,GMT-3,-10800,"{""et0_fao_evapotranspiration"": ""mm"", ""precipitation_sum"": ""mm"", ""relative_humidity_2m_max"": ""%"", ""relative_humidity_2m_min"": ""%"", ""temperature_2m_max"": ""°C"", ""temperature_2m_min"": ""°C"", ""time"": ""iso8601"", ""wind_direction_10m_dominant"": ""°"", ""wind_speed_10m_max"": ""m/s""}"
URY_DU_G_E600000_N6325000,Durazno,UY-DU,-33.209271,-55.927003,21902.575648040915,grid,7500,-33.2,-55.9,152.0,2718.8047784223622,Durazno,mismo_departamento,True,True,173598.46224963872,limite_interdepartamental,America/Montevideo,GMT-3,-10800,"{""et0_fao_evapotranspiration"": ""mm"", ""precipitation_sum"": ""mm"", ""relative_humidity_2m_max"": ""%"", ""relative_humidity_2m_min"": ""%"", ""temperature_2m_max"": ""°C"", ""temperature_2m_min"": ""°C"", ""time"": ""iso8601"", ""wind_direction_10m_dominant"": ""°"", ""wind_speed_10m_max"": ""m/s""}"
URY_DU_G_E600000_N6350000,Durazno,UY-DU,-32.983804,-55.929739,33747.30044596015,grid,7500,-33.0,-55.9,111.0,3308.438368343837,Durazno,mismo_departamento,True,True,196888.56615411604,limite_interdepartamental,America/Montevideo,GMT-3,-10800,"{""et0_fao_evapotranspiration"": ""mm"", ""precipitation_sum"": ""mm"", ""relative_humidity_2m_max"": ""%"", ""relative_humidity_2m_min"": ""%"", ""temperature_2m_max"": ""°C"", ""temperature_2m_min"": ""°C"", ""time"": ""iso8601"", ""wind_direction_10m_dominant"": ""°"", ""wind_speed_10m_max"": ""m/s""}"
URY_DU_G_E600000_N6375000,Durazno,UY-DU,-32.75833,-55.932444,10492.732071933731,grid,7500,-32.8,-55.9,89.0,5529.714741123549,Durazno,mismo_departamento,True,True,177594.56423438867,limite_interdepartamental,America/Montevideo,GMT-3,-10800,"{""et0_fao_evapotranspiration"": ""mm"", ""precipitation_sum"": ""mm"", ""relative_humidity_2m_max"": ""%"", ""relative_humidity_2m_min"": ""%"", ""temperature_2m_max"": ""°C"", ""temperature_2m_min"": ""°C"", ""time"": ""iso8601"", ""wind_direction_10m_dominant"": ""°"", ""wind_speed_10m_max"": ""m/s""}"
URY_DU_G_E625000_N6325000,Durazno,UY-DU,-33.206669,-55.65881100000001,14432.69415053908,grid,7500,-33.2,-55.699997,167.0,3909.860540500614,Durazno,mismo_departamento,True,True,172474.9560751552,limite_interdepartamental,America/Montevideo,GMT-3,-10800,"{""et0_fao_evapotranspiration"": ""mm"", ""precipitation_sum"": ""mm"", ""relative_humidity_2m_max"": ""%"", ""relative_humidity_2m_min"": ""%"", ""temperature_2m_max"": ""°C"", ""temperature_2m_min"": ""°C"", ""time"": ""iso8601"", ""wind_direction_10m_dominant"": ""°"", ""wind_speed_10m_max"": ""m/s""}"
URY_DU_G_E625000_N6350000,Durazno,UY-DU,-32.981224999999995,-55.66223,33423.523701656275,grid,7500,-33.0,-55.699997,107.0,4097.336345669636,Durazno,mismo_departamento,True,True,185684.27311852868,limite_interdepartamental,America/Montevideo,GMT-3,-10800,"{""et0_fao_evapotranspiration"": ""mm"", ""precipitation_sum"": ""mm"", ""relative_humidity_2m_max"": ""%"", ""relative_humidity_2m_min"": ""%"", ""temperature_2m_max"": ""°C"", ""temperature_2m_min"": ""°C"", ""time"": ""iso8601"", ""wind_direction_10m_dominant"": ""°"", ""wind_speed_10m_max"": ""m/s""}"
URY_DU_G_E625000_N6375000,Durazno,UY-DU,-32.75577200000001,-55.66561200000001,20072.622014178403,grid,7500,-32.8,-55.699997,88.0,5866.942869697318,Durazno,mismo_departamento,True,True,165352.27229366262,limite_interdepartamental,America/Montevideo,GMT-3,-10800,"{""et0_fao_evapotranspiration"": ""mm"", ""precipitation_sum"": ""mm"", ""relative_humidity_2m_max"": ""%"", ""relative_humidity_2m_min"": ""%"", ""temperature_2m_max"": ""°C"", ""temperature_2m_min"": ""°C"", ""time"": ""iso8601"", ""wind_direction_10m_dominant"": ""°"", ""wind_speed_10m_max"": ""m/s""}"
URY_DU_G_E650000_N6350000,Durazno,UY-DU,-32.97807300000001,-55.39476,10988.623245367233,grid,7500,-33.0,-55.4,163.0,2480.3185845297194,Durazno,mismo_departamento,True,True,163388.90680090504,limite_interdepartamental,America/Montevideo,GMT-3,-10800,"{""et0_fao_evapotranspiration"": ""mm"", ""precipitation_sum"": ""mm"", ""relative_humidity_2m_max"": ""%"", ""relative_humidity_2m_min"": ""%"", ""temperature_2m_max"": ""°C"", ""temperature_2m_min"": ""°C"", ""time"": ""iso8601"", ""wind_direction_10m_dominant"": ""°"", ""wind_speed_10m_max"": ""m/s""}"
URY_FD_G_E575000_N6225000,Florida,UY-FD,-34.11314599999999,-56.186784,19763.688695903387,grid,7500,-34.1,-56.199997,70.0,1900.0837153456482,Florida,mismo_departamento,True,True,74923.59937303775,limite_interdepartamental,America/Montevideo,GMT-3,-10800,"{""et0_fao_evapotranspiration"": ""mm"", ""precipitation_sum"": ""mm"", ""relative_humidity_2m_max"": ""%"", ""relative_humidity_2m_min"": ""%"", ""temperature_2m_max"": ""°C"", ""temperature_2m_min"": ""°C"", ""time"": ""iso8601"", ""wind_direction_10m_dominant"": ""°"", ""wind_speed_10m_max"": ""m/s""}"
URY_FD_G_E575000_N6250000,Florida,UY-FD,-33.887696,-56.18892900000001,19922.72400645879,grid,7500,-33.899998,-56.199997,92.0,1705.3402097275316,Florida,mismo_departamento,True,True,98873.59056281409,limite_interdepartamental,America/Montevideo,GMT-3,-10800,"{""et0_fao_evapotranspiration"": ""mm"", ""precipitation_sum"": ""mm"", ""relative_humidity_2m_max"": ""%"", ""relative_humidity_2m_min"": ""%"", ""temperature_2m_max"": ""°C"", ""temperature_2m_min"": ""°C"", ""time"": ""iso8601"", ""wind_direction_10m_dominant"": ""°"", ""wind_speed_10m_max"": ""m/s""}"
URY_FD_G_E575000_N6275000,Florida,UY-FD,-33.66223699999999,-56.19105100000001,19485.399816979105,grid,7500,-33.7,-56.199997,116.0,4268.486666059473,Florida,mismo_departamento,True,True,122539.19631893722,limite_interdepartamental,America/Montevideo,GMT-3,-10800,"{""et0_fao_evapotranspiration"": ""mm"", ""precipitation_sum"": ""mm"", ""relative_humidity_2m_max"": ""%"", ""relative_humidity_2m_min"": ""%"", ""temperature_2m_max"": ""°C"", ""temperature_2m_min"": ""°C"", ""time"": ""iso8601"", ""wind_direction_10m_dominant"": ""°"", ""wind_speed_10m_max"": ""m/s""}"
URY_FD_G_E600000_N6225000,Florida,UY-FD,-34.111051999999994,-55.915749,17294.500235852007,grid,7500,-34.1,-55.9,109.0,1900.690043065017,Florida,mismo_departamento,True,True,74179.90215129631,limite_interdepartamental,America/Montevideo,GMT-3,-10800,"{""et0_fao_evapotranspiration"": ""mm"", ""precipitation_sum"": ""mm"", ""relative_humidity_2m_max"": ""%"", ""relative_humidity_2m_min"": ""%"", ""temperature_2m_max"": ""°C"", ""temperature_2m_min"": ""°C"", ""time"": ""iso8601"", ""wind_direction_10m_dominant"": ""°"", ""wind_speed_10m_max"": ""m/s""}"
URY_FD_G_E600000_N6250000,Florida,UY-FD,-33.88562000000001,-55.918609,39596.041674584456,grid,7500,-33.899998,-55.9,135.0,2345.9405016105516,Florida,mismo_departamento,True,True,98973.4885512509,limite_interdepartamental,America/Montevideo,GMT-3,-10800,"{""et0_fao_evapotranspiration"": ""mm"", ""precipitation_sum"": ""mm"", ""relative_humidity_2m_max"": ""%"", ""relative_humidity_2m_min"": ""%"", ""temperature_2m_max"": ""°C"", ""temperature_2m_min"": ""°C"", ""time"": ""iso8601"", ""wind_direction_10m_dominant"": ""°"", ""wind_speed_10m_max"": ""m/s""}"
URY_FD_G_E600000_N6275000,Florida,UY-FD,-33.660177999999995,-55.921438,23619.913777998478,grid,7500,-33.7,-55.9,135.0,4842.336970359354,Florida,mismo_departamento,True,True,123844.98891716861,limite_interdepartamental,America/Montevideo,GMT-3,-10800,"{""et0_fao_evapotranspiration"": ""mm"", ""precipitation_sum"": ""mm"", ""relative_humidity_2m_max"": ""%"", ""relative_humidity_2m_min"": ""%"", ""temperature_2m_max"": ""°C"", ""temperature_2m_min"": ""°C"", ""time"": ""iso8601"", ""wind_direction_10m_dominant"": ""°"", ""wind_speed_10m_max"": ""m/s""}"
URY_FD_G_E625000_N6225000,Florida,UY-FD,-34.108361,-55.644746,7577.540363065677,grid,7500,-34.1,-55.6,119.0,4230.827670010662,Florida,mismo_departamento,True,True,72560.7404467082,limite_interdepartamental,America/Montevideo,GMT-3,-10800,"{""et0_fao_evapotranspiration"": ""mm"", ""precipitation_sum"": ""mm"", ""relative_humidity_2m_max"": ""%"", ""relative_humidity_2m_min"": ""%"", ""temperature_2m_max"": ""°C"", ""temperature_2m_min"": ""°C"", ""time"": ""iso8601"", ""wind_direction_10m_dominant"": ""°"", ""wind_speed_10m_max"": ""m/s""}"
URY_FD_G_E625000_N6250000,Florida,UY-FD,-33.882951,-55.648321,22762.685663271503,grid,7500,-33.899998,-55.6,203.0,4852.316130896844,Florida,mismo_departamento,True,True,97522.78629588016,limite_interdepartamental,America/Montevideo,GMT-3,-10800,"{""et0_fao_evapotranspiration"": ""mm"", ""precipitation_sum"": ""mm"", ""relative_humidity_2m_max"": ""%"", ""relative_humidity_2m_min"": ""%"", ""temperature_2m_max"": ""°C"", ""temperature_2m_min"": ""°C"", ""time"": ""iso8601"", ""wind_direction_10m_dominant"": ""°"", ""wind_speed_10m_max"": ""m/s""}"
URY_FD_G_E625000_N6275000,Florida,UY-FD,-33.657532,-55.651857,27153.19246241896,grid,7500,-33.7,-55.699997,145.0,6488.284816671846,Florida,mismo_departamento,True,True,122500.35438907462,limite_interdepartamental,America/Montevideo,GMT-3,-10800,"{""et0_fao_evapotranspiration"": ""mm"", ""precipitation_sum"": ""mm"", ""relative_humidity_2m_max"": ""%"", ""relative_humidity_2m_min"": ""%"", ""temperature_2m_max"": ""°C"", ""temperature_2m_min"": ""°C"", ""time"": ""iso8601"", ""wind_direction_10m_dominant"": ""°"", ""wind_speed_10m_max"": ""m/s""}"
URY_FD_G_E650000_N6300000,Florida,UY-FD,-33.428898,-55.386509,17198.261113422705,grid,7500,-33.399998,-55.4,181.0,3441.7982937080465,Florida,mismo_departamento,True,True,150271.96542313288,limite_interdepartamental,America/Montevideo,GMT-3,-10800,"{""et0_fao_evapotranspiration"": ""mm"", ""precipitation_sum"": ""mm"", ""relative_humidity_2m_max"": ""%"", ""relative_humidity_2m_min"": ""%"", ""temperature_2m_max"": ""°C"", ""temperature_2m_min"": ""°C"", ""time"": ""iso8601"", ""wind_direction_10m_dominant"": ""°"", ""wind_speed_10m_max"": ""m/s""}"
URY_FS_G_E500000_N6250000,Flores,UY-FS,-33.890365,-57.00000000000001,9208.188849742606,grid,7500,-33.899998,-57.0,145.0,1068.069721320644,Flores,mismo_departamento,True,True,63207.31977542789,limite_interdepartamental,America/Montevideo,GMT-3,-10800,"{""et0_fao_evapotranspiration"": ""mm"", ""precipitation_sum"": ""mm"", ""relative_humidity_2m_max"": ""%"", ""relative_humidity_2m_min"": ""%"", ""temperature_2m_max"": ""°C"", ""temperature_2m_min"": ""°C"", ""time"": ""iso8601"", ""wind_direction_10m_dominant"": ""°"", ""wind_speed_10m_max"": ""m/s""}"
URY_FS_G_E500000_N6275000,Flores,UY-FS,-33.664883999999994,-57.00000000000001,15275.640140330212,grid,7500,-33.7,-57.0,130.0,3893.3915710123256,Flores,mismo_departamento,True,True,87807.1694599247,limite_interdepartamental,America/Montevideo,GMT-3,-10800,"{""et0_fao_evapotranspiration"": ""mm"", ""precipitation_sum"": ""mm"", ""relative_humidity_2m_max"": ""%"", ""relative_humidity_2m_min"": ""%"", ""temperature_2m_max"": ""°C"", ""temperature_2m_min"": ""°C"", ""time"": ""iso8601"", ""wind_direction_10m_dominant"": ""°"", ""wind_speed_10m_max"": ""m/s""}"
URY_FS_G_E500000_N6300000,Flores,UY-FS,-33.43939499999999,-57.00000000000001,23223.43235789732,grid,7500,-33.399998,-57.0,112.0,4367.85020726081,Flores,mismo_departamento,True,True,112124.38609046352,limite_interdepartamental,America/Montevideo,GMT-3,-10800,"{""et0_fao_evapotranspiration"": ""mm"", ""precipitation_sum"": ""mm"", ""relative_humidity_2m_max"": ""%"", ""relative_humidity_2m_min"": ""%"", ""temperature_2m_max"": ""°C"", ""temperature_2m_min"": ""°C"", ""time"": ""iso8601"", ""wind_direction_10m_dominant"": ""°"", ""wind_speed_10m_max"": ""m/s""}"
URY_FS_G_E525000_N6275000,Flores,UY-FS,-33.66459,-56.73034,21869.53708574588,grid,7500,-33.7,-56.699997,155.0,4829.48578097039,Flores,mismo_departamento,True,True,94704.85622828643,limite_interdepartamental,America/Montevideo,GMT-3,-10800,"{""et0_fao_evapotranspiration"": ""mm"", ""precipitation_sum"": ""mm"", ""relative_humidity_2m_max"": ""%"", ""relative_humidity_2m_min"": ""%"", ""temperature_2m_max"": ""°C"", ""temperature_2m_min"": ""°C"", ""time"": ""iso8601"", ""wind_direction_10m_dominant"": ""°"", ""wind_speed_10m_max"": ""m/s""}"
URY_FS_G_E525000_N6300000,Flores,UY-FS,-33.43910300000001,-56.73104,11200.785383830847,grid,7500,-33.399998,-56.699997,110.0,5208.303866427162,Flores,mismo_departamento,True,True,118094.8903679172,limite_interdepartamental,America/Montevideo,GMT-3,-10800,"{""et0_fao_evapotranspiration"": ""mm"", ""precipitation_sum"": ""mm"", ""relative_humidity_2m_max"": ""%"", ""relative_humidity_2m_min"": ""%"", ""temperature_2m_max"": ""°C"", ""temperature_2m_min"": ""°C"", ""time"": ""iso8601"", ""wind_direction_10m_dominant"": ""°"", ""wind_speed_10m_max"": ""m/s""}"
URY_LA_G_E650000_N6200000,Lavalleja,UY-LA,-34.330445,-55.369446,16462.741491395933,grid,7500,-34.3,-55.4,141.0,4394.242302483184,Lavalleja,mismo_departamento,True,True,51123.86424344569,limite_interdepartamental,America/Montevideo,GMT-3,-10800,"{""et0_fao_evapotranspiration"": ""mm"", ""precipitation_sum"": ""mm"", ""relative_humidity_2m_max"": ""%"", ""relative_humidity_2m_min"": ""%"", ""temperature_2m_max"": ""°C"", ""temperature_2m_min"": ""°C"", ""time"": ""iso8601"", ""wind_direction_10m_dominant"": ""°"", ""wind_speed_10m_max"": ""m/s""}"
URY_LA_G_E650000_N6225000,Lavalleja,UY-LA,-34.105071999999986,-55.373783,10151.169588187344,grid,7500,-34.1,-55.4,143.0,2483.3823540373846,Lavalleja,mismo_departamento,True,True,76056.7805249142,limite_interdepartamental,America/Montevideo,GMT-3,-10800,"{""et0_fao_evapotranspiration"": ""mm"", ""precipitation_sum"": ""mm"", ""relative_humidity_2m_max"": ""%"", ""relative_humidity_2m_min"": ""%"", ""temperature_2m_max"": ""°C"", ""temperature_2m_min"": ""°C"", ""time"": ""iso8601"", ""wind_direction_10m_dominant"": ""°"", ""wind_speed_10m_max"": ""m/s""}"
URY_LA_G_E675000_N6200000,Lavalleja,UY-LA,-34.326525999999994,-55.097809000000005,15146.58895387779,grid,7500,-34.3,-55.1,160.0,2949.3131784385573,Lavalleja,mismo_departamento,True,True,58096.67806708863,limite_interdepartamental,America/Montevideo,GMT-3,-10800,"{""et0_fao_evapotranspiration"": ""mm"", ""precipitation_sum"": ""mm"", ""relative_humidity_2m_max"": ""%"", ""relative_humidity_2m_min"": ""%"", ""temperature_2m_max"": ""°C"", ""temperature_2m_min"": ""°C"", ""time"": ""iso8601"", ""wind_direction_10m_dominant"": ""°"", ""wind_speed_10m_max"": ""m/s""}"
URY_LA_G_E675000_N6225000,Lavalleja,UY-LA,-34.101184999999994,-55.102868,31350.318546208666,grid,7500,-34.1,-55.1,246.0,295.48597134373193,Lavalleja,mismo_departamento,True,True,81207.23308388422,limite_interdepartamental,America/Montevideo,GMT-3,-10800,"{""et0_fao_evapotranspiration"": ""mm"", ""precipitation_sum"": ""mm"", ""relative_humidity_2m_max"": ""%"", ""relative_humidity_2m_min"": ""%"", ""temperature_2m_max"": ""°C"", ""temperature_2m_min"": ""°C"", ""time"": ""iso8601"", ""wind_direction_10m_dominant"": ""°"", ""wind_speed_10m_max"": ""m/s""}"
URY_LA_G_E675000_N6250000,Lavalleja,UY-LA,-33.87583600000001,-55.107871,20479.47322527888,grid,7500,-33.899998,-55.1,104.0,2777.145389406257,Lavalleja,mismo_departamento,True,True,105026.31015642981,limite_interdepartamental,America/Montevideo,GMT-3,-10800,"{""et0_fao_evapotranspiration"": ""mm"", ""precipitation_sum"": ""mm"", ""relative_humidity_2m_max"": ""%"", ""relative_humidity_2m_min"": ""%"", ""temperature_2m_max"": ""°C"", ""temperature_2m_min"": ""°C"", ""time"": ""iso8601"", ""wind_direction_10m_dominant"": ""°"", ""wind_speed_10m_max"": ""m/s""}"
URY_LA_G_E675000_N6275000,Lavalleja,UY-LA,-33.650476999999995,-55.112818,13807.22601703995,grid,7500,-33.7,-55.1,154.0,5619.95065479759,Lavalleja,mismo_departamento,True,True,129278.27681228309,limite_interdepartamental,America/Montevideo,GMT-3,-10800,"{""et0_fao_evapotranspiration"": ""mm"", ""precipitation_sum"": ""mm"", ""relative_humidity_2m_max"": ""%"", ""relative_humidity_2m_min"": ""%"", ""temperature_2m_max"": ""°C"", ""temperature_2m_min"": ""°C"", ""time"": ""iso8601"", ""wind_direction_10m_dominant"": ""°"", ""wind_speed_10m_max"": ""m/s""}"
URY_LA_G_E700000_N6225000,Lavalleja,UY-LA,-34.096702,-54.832009,9263.617310949438,grid,7500,-34.1,-54.799995,146.0,2977.057118585956,Lavalleja,mismo_departamento,True,True,80383.71422818705,limite_interdepartamental,America/Montevideo,GMT-3,-10800,"{""et0_fao_evapotranspiration"": ""mm"", ""precipitation_sum"": ""mm"", ""relative_humidity_2m_max"": ""%"", ""relative_humidity_2m_min"": ""%"", ""temperature_2m_max"": ""°C"", ""temperature_2m_min"": ""°C"", ""time"": ""iso8601"", ""wind_direction_10m_dominant"": ""°"", ""wind_speed_10m_max"": ""m/s""}"
URY_LA_G_E700000_N6250000,Lavalleja,UY-LA,-33.87138999999999,-54.837725,23624.88998833796,grid,7500,-33.899998,-54.799995,67.0,4717.652729619486,Lavalleja,mismo_departamento,True,True,102927.43023225338,limite_interdepartamental,America/Montevideo,GMT-3,-10800,"{""et0_fao_evapotranspiration"": ""mm"", ""precipitation_sum"": ""mm"", ""relative_humidity_2m_max"": ""%"", ""relative_humidity_2m_min"": ""%"", ""temperature_2m_max"": ""°C"", ""temperature_2m_min"": ""°C"", ""time"": ""iso8601"", ""wind_direction_10m_dominant"": ""°"", ""wind_speed_10m_max"": ""m/s""}"
URY_LA_G_E700000_N6275000,Lavalleja,UY-LA,-33.64606899999998,-54.843377,27873.307439362543,grid,7500,-33.6,-54.799995,153.0,6505.596278502374,Lavalleja,mismo_departamento,True,True,118092.1752861443,limite_interdepartamental,America/Montevideo,GMT-3,-10800,"{""et0_fao_evapotranspiration"": ""mm"", ""precipitation_sum"": ""mm"", ""relative_humidity_2m_max"": ""%"", ""relative_humidity_2m_min"": ""%"", ""temperature_2m_max"": ""°C"", ""temperature_2m_min"": ""°C"", ""time"": ""iso8601"", ""wind_direction_10m_dominant"": ""°"", ""wind_speed_10m_max"": ""m/s""}"
URY_LA_G_E700000_N6300000,Lavalleja,UY-LA,-33.420738,-54.848967,7740.56386004992,grid,7500,-33.399998,-54.799995,105.0,5103.676772063729,Lavalleja,mismo_departamento,True,True,113047.14444107727,limite_interdepartamental,America/Montevideo,GMT-3,-10800,"{""et0_fao_evapotranspiration"": ""mm"", ""precipitation_sum"": ""mm"", ""relative_humidity_2m_max"": ""%"", ""relative_humidity_2m_min"": ""%"", ""temperature_2m_max"": ""°C"", ""temperature_2m_min"": ""°C"", ""time"": ""iso8601"", ""wind_direction_10m_dominant"": ""°"", ""wind_speed_10m_max"": ""m/s""}"
URY_LA_G_E725000_N6250000,Lavalleja,UY-LA,-33.866353,-54.567642,8628.71072848459,grid,7500,-33.899998,-54.6,66.0,4785.1775421544535,Lavalleja,mismo_departamento,True,True,85912.83569698861,limite_interdepartamental,America/Montevideo,GMT-3,-10800,"{""et0_fao_evapotranspiration"": ""mm"", ""precipitation_sum"": ""mm"", ""relative_humidity_2m_max"": ""%"", ""relative_humidity_2m_min"": ""%"", ""temperature_2m_max"": ""°C"", ""temperature_2m_min"": ""°C"", ""time"": ""iso8601"", ""wind_direction_10m_dominant"": ""°"", ""wind_speed_10m_max"": ""m/s""}"
URY_LA_G_E725000_N6275000,Lavalleja,UY-LA,-33.64107399999999,-54.573999,17134.460798501153,grid,7500,-33.6,-54.6,55.0,5156.319861908387,Lavalleja,mismo_departamento,True,True,93507.27277825245,limite_interdepartamental,America/Montevideo,GMT-3,-10800,"{""et0_fao_evapotranspiration"": ""mm"", ""precipitation_sum"": ""mm"", ""relative_humidity_2m_max"": ""%"", ""relative_humidity_2m_min"": ""%"", ""temperature_2m_max"": ""°C"", ""temperature_2m_min"": ""°C"", ""time"": ""iso8601"", ""wind_direction_10m_dominant"": ""°"", ""wind_speed_10m_max"": ""m/s""}"
URY_MA_G_E675000_N6150000,Maldonado,UY-MA,-34.777181,-55.087522,11151.258671007065,grid,7500,-34.8,-55.1,30.0,2777.071600961312,Maldonado,mismo_departamento,True,True,11151.258671007065,limite_interdepartamental,America/Montevideo,GMT-3,-10800,"{""et0_fao_evapotranspiration"": ""mm"", ""precipitation_sum"": ""mm"", ""relative_humidity_2m_max"": ""%"", ""relative_humidity_2m_min"": ""%"", ""temperature_2m_max"": ""°C"", ""temperature_2m_min"": ""°C"", ""time"": ""iso8601"", ""wind_direction_10m_dominant"": ""°"", ""wind_speed_10m_max"": ""m/s""}"
URY_MA_G_E700000_N6150000,Maldonado,UY-MA,-34.772583,-54.814476,12614.325337419748,grid,7500,-34.8,-54.799995,53.0,3318.0953662586603,Maldonado,mismo_departamento,True,True,12614.325337419747,limite_interdepartamental,America/Montevideo,GMT-3,-10800,"{""et0_fao_evapotranspiration"": ""mm"", ""precipitation_sum"": ""mm"", ""relative_humidity_2m_max"": ""%"", ""relative_humidity_2m_min"": ""%"", ""temperature_2m_max"": ""°C"", ""temperature_2m_min"": ""°C"", ""time"": ""iso8601"", ""wind_direction_10m_dominant"": ""°"", ""wind_speed_10m_max"": ""m/s""}"
URY_MA_G_E700000_N6175000,Maldonado,UY-MA,-34.54729900000001,-54.820385,15579.191005020186,grid,7500,-34.5,-54.799995,109.0,5571.486121100653,Maldonado,mismo_departamento,True,True,35367.69350641866,limite_interdepartamental,America/Montevideo,GMT-3,-10800,"{""et0_fao_evapotranspiration"": ""mm"", ""precipitation_sum"": ""mm"", ""relative_humidity_2m_max"": ""%"", ""relative_humidity_2m_min"": ""%"", ""temperature_2m_max"": ""°C"", ""temperature_2m_min"": ""°C"", ""time"": ""iso8601"", ""wind_direction_10m_dominant"": ""°"", ""wind_speed_10m_max"": ""m/s""}"
URY_MO_F_RP_E569972_N6146656,Montevideo,UY-MO,-34.819959923306975,-56.234876622924894,5540.557403253214,representative_point_fallback,7500,-34.8,-56.199997,29.0,3883.070185793406,Montevideo,mismo_departamento,True,True,5912.620399061295,costa,America/Montevideo,GMT-3,-10800,"{""et0_fao_evapotranspiration"": ""mm"", ""precipitation_sum"": ""mm"", ""relative_humidity_2m_max"": ""%"", ""relative_humidity_2m_min"": ""%"", ""temperature_2m_max"": ""°C"", ""temperature_2m_min"": ""°C"", ""time"": ""iso8601"", ""wind_direction_10m_dominant"": ""°"", ""wind_speed_10m_max"": ""m/s""}"
URY_PA_G_E400000_N6450000,Paysandú,UY-PA,-32.081855999999995,-58.059617,8308.709040201129,grid,7500,-32.1,-58.1,19.0,4309.330712623874,Paysandú,mismo_departamento,True,True,8308.709040201129,limite_interdepartamental,America/Montevideo,GMT-3,-10800,"{""et0_fao_evapotranspiration"": ""mm"", ""precipitation_sum"": ""mm"", ""relative_humidity_2m_max"": ""%"", ""relative_humidity_2m_min"": ""%"", ""temperature_2m_max"": ""°C"", ""temperature_2m_min"": ""°C"", ""time"": ""iso8601"", ""wind_direction_10m_dominant"": ""°"", ""wind_speed_10m_max"": ""m/s""}"
URY_PA_G_E425000_N6425000,Paysandú,UY-PA,-32.309310999999994,-57.796701,26151.33622762925,grid,7500,-32.3,-57.799995,62.0,1077.758749105916,Paysandú,mismo_departamento,True,True,28532.73865379742,limite_interdepartamental,America/Montevideo,GMT-3,-10800,"{""et0_fao_evapotranspiration"": ""mm"", ""precipitation_sum"": ""mm"", ""relative_humidity_2m_max"": ""%"", ""relative_humidity_2m_min"": ""%"", ""temperature_2m_max"": ""°C"", ""temperature_2m_min"": ""°C"", ""time"": ""iso8601"", ""wind_direction_10m_dominant"": ""°"", ""wind_speed_10m_max"": ""m/s""}"
URY_PA_G_E425000_N6450000,Paysandú,UY-PA,-32.083794,-57.794738,32941.453405218934,grid,7500,-32.1,-57.799995,33.0,1863.7032904396826,Paysandú,mismo_departamento,True,True,32941.453405218934,limite_interdepartamental,America/Montevideo,GMT-3,-10800,"{""et0_fao_evapotranspiration"": ""mm"", ""precipitation_sum"": ""mm"", ""relative_humidity_2m_max"": ""%"", ""relative_humidity_2m_min"": ""%"", ""temperature_2m_max"": ""°C"", ""temperature_2m_min"": ""°C"", ""time"": ""iso8601"", ""wind_direction_10m_dominant"": ""°"", ""wind_speed_10m_max"": ""m/s""}"
URY_PA_G_E425000_N6475000,Paysandú,UY-PA,-31.858269000000004,-57.792798,25822.67164222708,grid,7500,-31.899998,-57.799995,69.0,4675.402828981357,Paysandú,mismo_departamento,True,True,25822.671642227077,limite_interdepartamental,America/Montevideo,GMT-3,-10800,"{""et0_fao_evapotranspiration"": ""mm"", ""precipitation_sum"": ""mm"", ""relative_humidity_2m_max"": ""%"", ""relative_humidity_2m_min"": ""%"", ""temperature_2m_max"": ""°C"", ""temperature_2m_min"": ""°C"", ""time"": ""iso8601"", ""wind_direction_10m_dominant"": ""°"", ""wind_speed_10m_max"": ""m/s""}"
URY_PA_G_E425000_N6500000,Paysandú,UY-PA,-31.632737,-57.790878000000006,8450.52920103259,grid,7500,-31.599998,-57.799995,92.0,3730.5232966257045,Paysandú,mismo_departamento,True,True,18708.088903749387,limite_interdepartamental,America/Montevideo,GMT-3,-10800,"{""et0_fao_evapotranspiration"": ""mm"", ""precipitation_sum"": ""mm"", ""relative_humidity_2m_max"": ""%"", ""relative_humidity_2m_min"": ""%"", ""temperature_2m_max"": ""°C"", ""temperature_2m_min"": ""°C"", ""time"": ""iso8601"", ""wind_direction_10m_dominant"": ""°"", ""wind_speed_10m_max"": ""m/s""}"
URY_PA_G_E450000_N6425000,Paysandú,UY-PA,-32.31070799999999,-57.531146,13109.68718913016,grid,7500,-32.3,-57.5,64.0,3163.3443289634624,Paysandú,mismo_departamento,True,True,53487.70829443666,limite_interdepartamental,America/Montevideo,GMT-3,-10800,"{""et0_fao_evapotranspiration"": ""mm"", ""precipitation_sum"": ""mm"", ""relative_humidity_2m_max"": ""%"", ""relative_humidity_2m_min"": ""%"", ""temperature_2m_max"": ""°C"", ""temperature_2m_min"": ""°C"", ""time"": ""iso8601"", ""wind_direction_10m_dominant"": ""°"", ""wind_speed_10m_max"": ""m/s""}"
URY_PA_G_E450000_N6450000,Paysandú,UY-PA,-32.08517899999999,-57.529838000000005,36972.47606136307,grid,7500,-32.1,-57.5,52.0,3259.853477770159,Paysandú,mismo_departamento,True,True,56869.7770899078,limite_interdepartamental,America/Montevideo,GMT-3,-10800,"{""et0_fao_evapotranspiration"": ""mm"", ""precipitation_sum"": ""mm"", ""relative_humidity_2m_max"": ""%"", ""relative_humidity_2m_min"": ""%"", ""temperature_2m_max"": ""°C"", ""temperature_2m_min"": ""°C"", ""time"": ""iso8601"", ""wind_direction_10m_dominant"": ""°"", ""wind_speed_10m_max"": ""m/s""}"
URY_PA_G_E450000_N6475000,Paysandú,UY-PA,-31.859642,-57.528544,23831.740645103568,grid,7500,-31.899998,-57.5,105.0,5224.754250532388,Paysandú,mismo_departamento,True,True,49572.542880650864,limite_interdepartamental,America/Montevideo,GMT-3,-10800,"{""et0_fao_evapotranspiration"": ""mm"", ""precipitation_sum"": ""mm"", ""relative_humidity_2m_max"": ""%"", ""relative_humidity_2m_min"": ""%"", ""temperature_2m_max"": ""°C"", ""temperature_2m_min"": ""°C"", ""time"": ""iso8601"", ""wind_direction_10m_dominant"": ""°"", ""wind_speed_10m_max"": ""m/s""}"
URY_PA_G_E475000_N6425000,Paysandú,UY-PA,-32.31154600000001,-57.26557700000001,9813.954197290836,grid,7500,-32.3,-57.299995,55.0,3483.771012356759,Paysandú,mismo_departamento,True,True,78471.29413702199,limite_interdepartamental,America/Montevideo,GMT-3,-10800,"{""et0_fao_evapotranspiration"": ""mm"", ""precipitation_sum"": ""mm"", ""relative_humidity_2m_max"": ""%"", ""relative_humidity_2m_min"": ""%"", ""temperature_2m_max"": ""°C"", ""temperature_2m_min"": ""°C"", ""time"": ""iso8601"", ""wind_direction_10m_dominant"": ""°"", ""wind_speed_10m_max"": ""m/s""}"
URY_PA_G_E475000_N6450000,Paysandú,UY-PA,-32.086009999999995,-57.264923,32681.320603037268,grid,7500,-32.1,-57.299995,59.0,3654.7217084246836,Paysandú,mismo_departamento,True,True,80930.02738684737,limite_interdepartamental,America/Montevideo,GMT-3,-10800,"{""et0_fao_evapotranspiration"": ""mm"", ""precipitation_sum"": ""mm"", ""relative_humidity_2m_max"": ""%"", ""relative_humidity_2m_min"": ""%"", ""temperature_2m_max"": ""°C"", ""temperature_2m_min"": ""°C"", ""time"": ""iso8601"", ""wind_direction_10m_dominant"": ""°"", ""wind_speed_10m_max"": ""m/s""}"
URY_PA_G_E475000_N6475000,Paysandú,UY-PA,-31.860466,-57.264275,11886.507455623769,grid,7500,-31.899998,-57.299995,133.0,5532.925223035433,Paysandú,mismo_departamento,True,True,73529.59957326834,limite_interdepartamental,America/Montevideo,GMT-3,-10800,"{""et0_fao_evapotranspiration"": ""mm"", ""precipitation_sum"": ""mm"", ""relative_humidity_2m_max"": ""%"", ""relative_humidity_2m_min"": ""%"", ""temperature_2m_max"": ""°C"", ""temperature_2m_min"": ""°C"", ""time"": ""iso8601"", ""wind_direction_10m_dominant"": ""°"", ""wind_speed_10m_max"": ""m/s""}"
URY_PA_G_E500000_N6450000,Paysandú,UY-PA,-32.086287,-57.00000000000001,28610.265521202826,grid,7500,-32.1,-57.0,139.0,1520.0049424739555,Paysandú,mismo_departamento,True,True,104747.23504831998,limite_interdepartamental,America/Montevideo,GMT-3,-10800,"{""et0_fao_evapotranspiration"": ""mm"", ""precipitation_sum"": ""mm"", ""relative_humidity_2m_max"": ""%"", ""relative_humidity_2m_min"": ""%"", ""temperature_2m_max"": ""°C"", ""temperature_2m_min"": ""°C"", ""time"": ""iso8601"", ""wind_direction_10m_dominant"": ""°"", ""wind_speed_10m_max"": ""m/s""}"
URY_PA_G_E500000_N6475000,Paysandú,UY-PA,-31.860741,-57.00000000000001,7804.996236203186,grid,7500,-31.899998,-57.0,169.0,4351.260177130811,Paysandú,mismo_departamento,True,True,97693.3737239823,limite_interdepartamental,America/Montevideo,GMT-3,-10800,"{""et0_fao_evapotranspiration"": ""mm"", ""precipitation_sum"": ""mm"", ""relative_humidity_2m_max"": ""%"", ""relative_humidity_2m_min"": ""%"", ""temperature_2m_max"": ""°C"", ""temperature_2m_min"": ""°C"", ""time"": ""iso8601"", ""wind_direction_10m_dominant"": ""°"", ""wind_speed_10m_max"": ""m/s""}"
URY_PA_G_E525000_N6425000,Paysandú,UY-PA,-32.31154600000001,-56.73442300000001,8961.236893173691,grid,7500,-32.3,-56.699997,108.0,3484.4714899796677,Paysandú,mismo_departamento,True,True,128457.6947121427,limite_interdepartamental,America/Montevideo,GMT-3,-10800,"{""et0_fao_evapotranspiration"": ""mm"", ""precipitation_sum"": ""mm"", ""relative_humidity_2m_max"": ""%"", ""relative_humidity_2m_min"": ""%"", ""temperature_2m_max"": ""°C"", ""temperature_2m_min"": ""°C"", ""time"": ""iso8601"", ""wind_direction_10m_dominant"": ""°"", ""wind_speed_10m_max"": ""m/s""}"
URY_PA_G_E525000_N6450000,Paysandú,UY-PA,-32.086009999999995,-56.735077,28708.55507944817,grid,7500,-32.1,-56.699997,120.0,3655.40528635239,Paysandú,mismo_departamento,True,True,128499.98624562431,limite_interdepartamental,America/Montevideo,GMT-3,-10800,"{""et0_fao_evapotranspiration"": ""mm"", ""precipitation_sum"": ""mm"", ""relative_humidity_2m_max"": ""%"", ""relative_humidity_2m_min"": ""%"", ""temperature_2m_max"": ""°C"", ""temperature_2m_min"": ""°C"", ""time"": ""iso8601"", ""wind_direction_10m_dominant"": ""°"", ""wind_speed_10m_max"": ""m/s""}"
URY_PA_G_E550000_N6450000,Paysandú,UY-PA,-32.08517899999999,-56.470162,14904.663643913593,grid,7500,-32.1,-56.5,184.0,3259.8534777696545,Paysandú,mismo_departamento,True,True,119425.53250612022,limite_interdepartamental,America/Montevideo,GMT-3,-10800,"{""et0_fao_evapotranspiration"": ""mm"", ""precipitation_sum"": ""mm"", ""relative_humidity_2m_max"": ""%"", ""relative_humidity_2m_min"": ""%"", ""temperature_2m_max"": ""°C"", ""temperature_2m_min"": ""°C"", ""time"": ""iso8601"", ""wind_direction_10m_dominant"": ""°"", ""wind_speed_10m_max"": ""m/s""}"
URY_RN_G_E425000_N6375000,Río Negro,UY-RN,-32.760319,-57.800693,18343.733019215124,grid,7500,-32.8,-57.799995,54.0,4399.675043425044,Río Negro,mismo_departamento,True,True,30446.87579858306,limite_interdepartamental,America/Montevideo,GMT-3,-10800,"{""et0_fao_evapotranspiration"": ""mm"", ""precipitation_sum"": ""mm"", ""relative_humidity_2m_max"": ""%"", ""relative_humidity_2m_min"": ""%"", ""temperature_2m_max"": ""°C"", ""temperature_2m_min"": ""°C"", ""time"": ""iso8601"", ""wind_direction_10m_dominant"": ""°"", ""wind_speed_10m_max"": ""m/s""}"
URY_RN_G_E450000_N6375000,Río Negro,UY-RN,-32.76174000000002,-57.533808,26210.79357152691,grid,7500,-32.8,-57.5,53.0,5292.845125619239,Río Negro,mismo_departamento,True,True,55150.41525388575,limite_interdepartamental,America/Montevideo,GMT-3,-10800,"{""et0_fao_evapotranspiration"": ""mm"", ""precipitation_sum"": ""mm"", ""relative_humidity_2m_max"": ""%"", ""relative_humidity_2m_min"": ""%"", ""temperature_2m_max"": ""°C"", ""temperature_2m_min"": ""°C"", ""time"": ""iso8601"", ""wind_direction_10m_dominant"": ""°"", ""wind_speed_10m_max"": ""m/s""}"
URY_RN_G_E475000_N6350000,Río Negro,UY-RN,-32.988105,-57.267584,9022.783965379422,grid,7500,-33.0,-57.299995,84.0,3302.621052382013,Río Negro,mismo_departamento,True,True,76293.63370210349,limite_interdepartamental,America/Montevideo,GMT-3,-10800,"{""et0_fao_evapotranspiration"": ""mm"", ""precipitation_sum"": ""mm"", ""relative_humidity_2m_max"": ""%"", ""relative_humidity_2m_min"": ""%"", ""temperature_2m_max"": ""°C"", ""temperature_2m_min"": ""°C"", ""time"": ""iso8601"", ""wind_direction_10m_dominant"": ""°"", ""wind_speed_10m_max"": ""m/s""}"
URY_RN_G_E475000_N6375000,Río Negro,UY-RN,-32.762592999999995,-57.266908,29500.54778836905,grid,7500,-32.8,-57.299995,41.0,5176.563651262077,Río Negro,mismo_departamento,True,True,79719.14360747475,limite_interdepartamental,America/Montevideo,GMT-3,-10800,"{""et0_fao_evapotranspiration"": ""mm"", ""precipitation_sum"": ""mm"", ""relative_humidity_2m_max"": ""%"", ""relative_humidity_2m_min"": ""%"", ""temperature_2m_max"": ""°C"", ""temperature_2m_min"": ""°C"", ""time"": ""iso8601"", ""wind_direction_10m_dominant"": ""°"", ""wind_speed_10m_max"": ""m/s""}"
URY_RN_G_E475000_N6400000,Río Negro,UY-RN,-32.537073,-57.266239,10281.970510053688,grid,7500,-32.5,-57.299995,106.0,5190.420507169307,Río Negro,mismo_departamento,True,True,82730.21781908703,limite_interdepartamental,America/Montevideo,GMT-3,-10800,"{""et0_fao_evapotranspiration"": ""mm"", ""precipitation_sum"": ""mm"", ""relative_humidity_2m_max"": ""%"", ""relative_humidity_2m_min"": ""%"", ""temperature_2m_max"": ""°C"", ""temperature_2m_min"": ""°C"", ""time"": ""iso8601"", ""wind_direction_10m_dominant"": ""°"", ""wind_speed_10m_max"": ""m/s""}"
URY_RN_G_E500000_N6375000,Río Negro,UY-RN,-32.76287700000001,-57.00000000000001,19806.346280353548,grid,7500,-32.8,-57.0,118.0,4115.315269746818,Río Negro,mismo_departamento,True,True,103972.51671668283,limite_interdepartamental,America/Montevideo,GMT-3,-10800,"{""et0_fao_evapotranspiration"": ""mm"", ""precipitation_sum"": ""mm"", ""relative_humidity_2m_max"": ""%"", ""relative_humidity_2m_min"": ""%"", ""temperature_2m_max"": ""°C"", ""temperature_2m_min"": ""°C"", ""time"": ""iso8601"", ""wind_direction_10m_dominant"": ""°"", ""wind_speed_10m_max"": ""m/s""}"
URY_RN_G_E500000_N6400000,Río Negro,UY-RN,-32.537354999999984,-57.00000000000001,18335.3805901622,grid,7500,-32.5,-57.0,107.0,4140.860325783491,Río Negro,mismo_departamento,True,True,106794.45533171378,limite_interdepartamental,America/Montevideo,GMT-3,-10800,"{""et0_fao_evapotranspiration"": ""mm"", ""precipitation_sum"": ""mm"", ""relative_humidity_2m_max"": ""%"", ""relative_humidity_2m_min"": ""%"", ""temperature_2m_max"": ""°C"", ""temperature_2m_min"": ""°C"", ""time"": ""iso8601"", ""wind_direction_10m_dominant"": ""°"", ""wind_speed_10m_max"": ""m/s""}"
URY_RN_G_E525000_N6400000,Río Negro,UY-RN,-32.537073,-56.733761,13463.2549671932,grid,7500,-32.5,-56.699997,98.0,5190.879488118604,Río Negro,mismo_departamento,True,True,131186.12356799401,limite_interdepartamental,America/Montevideo,GMT-3,-10800,"{""et0_fao_evapotranspiration"": ""mm"", ""precipitation_sum"": ""mm"", ""relative_humidity_2m_max"": ""%"", ""relative_humidity_2m_min"": ""%"", ""temperature_2m_max"": ""°C"", ""temperature_2m_min"": ""°C"", ""time"": ""iso8601"", ""wind_direction_10m_dominant"": ""°"", ""wind_speed_10m_max"": ""m/s""}"
URY_RO_G_E750000_N6175000,Rocha,UY-RO,-34.536361,-54.275971,14931.83278382622,grid,7500,-34.5,-54.299995,10.0,4599.039874548144,Rocha,mismo_departamento,True,True,14931.83278382622,limite_interdepartamental,America/Montevideo,GMT-3,-10800,"{""et0_fao_evapotranspiration"": ""mm"", ""precipitation_sum"": ""mm"", ""relative_humidity_2m_max"": ""%"", ""relative_humidity_2m_min"": ""%"", ""temperature_2m_max"": ""°C"", ""temperature_2m_min"": ""°C"", ""time"": ""iso8601"", ""wind_direction_10m_dominant"": ""°"", ""wind_speed_10m_max"": ""m/s""}"
URY_RO_G_E750000_N6200000,Rocha,UY-RO,-34.311159,-54.283271000000006,18514.209452180057,grid,7500,-34.3,-54.299995,150.0,1976.1428076332318,Rocha,mismo_departamento,True,True,32674.03465389894,limite_interdepartamental,America/Montevideo,GMT-3,-10800,"{""et0_fao_evapotranspiration"": ""mm"", ""precipitation_sum"": ""mm"", ""relative_humidity_2m_max"": ""%"", ""relative_humidity_2m_min"": ""%"", ""temperature_2m_max"": ""°C"", ""temperature_2m_min"": ""°C"", ""time"": ""iso8601"", ""wind_direction_10m_dominant"": ""°"", ""wind_speed_10m_max"": ""m/s""}"
URY_RO_G_E750000_N6225000,Rocha,UY-RO,-34.085947,-54.29049,16019.65775639609,grid,7500,-34.1,-54.299995,73.0,1789.3208174157182,Rocha,mismo_departamento,True,True,51780.00800751142,limite_interdepartamental,America/Montevideo,GMT-3,-10800,"{""et0_fao_evapotranspiration"": ""mm"", ""precipitation_sum"": ""mm"", ""relative_humidity_2m_max"": ""%"", ""relative_humidity_2m_min"": ""%"", ""temperature_2m_max"": ""°C"", ""temperature_2m_min"": ""°C"", ""time"": ""iso8601"", ""wind_direction_10m_dominant"": ""°"", ""wind_speed_10m_max"": ""m/s""}"
URY_RO_G_E750000_N6250000,Rocha,UY-RO,-33.860725,-54.29763,12256.42983454769,grid,7500,-33.899998,-54.299995,44.0,4363.273015833469,Rocha,mismo_departamento,True,True,65686.52302485124,limite_interdepartamental,America/Montevideo,GMT-3,-10800,"{""et0_fao_evapotranspiration"": ""mm"", ""precipitation_sum"": ""mm"", ""relative_humidity_2m_max"": ""%"", ""relative_humidity_2m_min"": ""%"", ""temperature_2m_max"": ""°C"", ""temperature_2m_min"": ""°C"", ""time"": ""iso8601"", ""wind_direction_10m_dominant"": ""°"", ""wind_speed_10m_max"": ""m/s""}"
URY_RO_G_E775000_N6200000,Rocha,UY-RO,-34.304835,-54.011908,19024.037918427508,grid,7500,-34.3,-54.0,10.0,1221.0312225480225,Rocha,mismo_departamento,True,True,19024.037918427508,limite_interdepartamental,America/Montevideo,GMT-3,-10800,"{""et0_fao_evapotranspiration"": ""mm"", ""precipitation_sum"": ""mm"", ""relative_humidity_2m_max"": ""%"", ""relative_humidity_2m_min"": ""%"", ""temperature_2m_max"": ""°C"", ""temperature_2m_min"": ""°C"", ""time"": ""iso8601"", ""wind_direction_10m_dominant"": ""°"", ""wind_speed_10m_max"": ""m/s""}"
URY_RO_G_E775000_N6225000,Rocha,UY-RO,-34.079676,-54.019846,30588.96983717552,grid,7500,-34.1,-54.0,60.0,2906.2034014322016,Rocha,mismo_departamento,True,True,30588.969837175522,limite_interdepartamental,America/Montevideo,GMT-3,-10800,"{""et0_fao_evapotranspiration"": ""mm"", ""precipitation_sum"": ""mm"", ""relative_humidity_2m_max"": ""%"", ""relative_humidity_2m_min"": ""%"", ""temperature_2m_max"": ""°C"", ""temperature_2m_min"": ""°C"", ""time"": ""iso8601"", ""wind_direction_10m_dominant"": ""°"", ""wind_speed_10m_max"": ""m/s""}"
URY_RO_G_E775000_N6250000,Rocha,UY-RO,-33.85450699999999,-54.02769700000001,34685.99144966258,grid,7500,-33.899998,-54.0,32.0,5662.29776033339,Rocha,mismo_departamento,True,True,47094.19479753567,limite_interdepartamental,America/Montevideo,GMT-3,-10800,"{""et0_fao_evapotranspiration"": ""mm"", ""precipitation_sum"": ""mm"", ""relative_humidity_2m_max"": ""%"", ""relative_humidity_2m_min"": ""%"", ""temperature_2m_max"": ""°C"", ""temperature_2m_min"": ""°C"", ""time"": ""iso8601"", ""wind_direction_10m_dominant"": ""°"", ""wind_speed_10m_max"": ""m/s""}"
URY_RO_G_E775000_N6275000,Rocha,UY-RO,-33.62932799999999,-54.03546,19120.398955874854,grid,7500,-33.6,-54.0,16.0,4629.62543206668,Rocha,mismo_departamento,True,True,45128.724112469696,limite_interdepartamental,America/Montevideo,GMT-3,-10800,"{""et0_fao_evapotranspiration"": ""mm"", ""precipitation_sum"": ""mm"", ""relative_humidity_2m_max"": ""%"", ""relative_humidity_2m_min"": ""%"", ""temperature_2m_max"": ""°C"", ""temperature_2m_min"": ""°C"", ""time"": ""iso8601"", ""wind_direction_10m_dominant"": ""°"", ""wind_speed_10m_max"": ""m/s""}"
URY_RO_G_E800000_N6225000,Rocha,UY-RO,-34.07281,-53.74929,11740.680908078171,grid,7500,-34.1,-53.699997,21.0,5462.221891159185,Rocha,mismo_departamento,True,True,11740.680908078171,limite_interdepartamental,America/Montevideo,GMT-3,-10800,"{""et0_fao_evapotranspiration"": ""mm"", ""precipitation_sum"": ""mm"", ""relative_humidity_2m_max"": ""%"", ""relative_humidity_2m_min"": ""%"", ""temperature_2m_max"": ""°C"", ""temperature_2m_min"": ""°C"", ""time"": ""iso8601"", ""wind_direction_10m_dominant"": ""°"", ""wind_speed_10m_max"": ""m/s""}"
URY_RO_G_E800000_N6250000,Rocha,UY-RO,-33.84769899999999,-53.75785,23840.27246533934,grid,7500,-33.8,-53.799995,7.0,6578.322988783051,Rocha,mismo_departamento,True,True,23840.27246533923,limite_interdepartamental,America/Montevideo,GMT-3,-10800,"{""et0_fao_evapotranspiration"": ""mm"", ""precipitation_sum"": ""mm"", ""relative_humidity_2m_max"": ""%"", ""relative_humidity_2m_min"": ""%"", ""temperature_2m_max"": ""°C"", ""temperature_2m_min"": ""°C"", ""time"": ""iso8601"", ""wind_direction_10m_dominant"": ""°"", ""wind_speed_10m_max"": ""m/s""}"
URY_RO_G_E800000_N6275000,Rocha,UY-RO,-33.62257699999999,-53.766316,21075.534278521463,grid,7500,-33.6,-53.799995,8.0,4007.747300760521,Rocha,mismo_departamento,True,True,21075.53427852153,limite_interdepartamental,America/Montevideo,GMT-3,-10800,"{""et0_fao_evapotranspiration"": ""mm"", ""precipitation_sum"": ""mm"", ""relative_humidity_2m_max"": ""%"", ""relative_humidity_2m_min"": ""%"", ""temperature_2m_max"": ""°C"", ""temperature_2m_min"": ""°C"", ""time"": ""iso8601"", ""wind_direction_10m_dominant"": ""°"", ""wind_speed_10m_max"": ""m/s""}"
URY_RO_G_E800000_N6300000,Rocha,UY-RO,-33.39744499999999,-53.774688000000005,13650.786308372288,grid,7500,-33.399998,-53.799995,9.0,2372.9546487474045,Rocha,mismo_departamento,True,True,16526.59596222,limite_interdepartamental,America/Montevideo,GMT-3,-10800,"{""et0_fao_evapotranspiration"": ""mm"", ""precipitation_sum"": ""mm"", ""relative_humidity_2m_max"": ""%"", ""relative_humidity_2m_min"": ""%"", ""temperature_2m_max"": ""°C"", ""temperature_2m_min"": ""°C"", ""time"": ""iso8601"", ""wind_direction_10m_dominant"": ""°"", ""wind_speed_10m_max"": ""m/s""}"
URY_RV_G_E600000_N6550000,Rivera,UY-RV,-31.179775,-55.950561,9837.359069709002,grid,7500,-31.2,-56.0,316.0,5217.117256294708,Rivera,mismo_departamento,True,True,10370.437093421026,limite_interdepartamental,America/Montevideo,GMT-3,-10800,"{""et0_fao_evapotranspiration"": ""mm"", ""precipitation_sum"": ""mm"", ""relative_humidity_2m_max"": ""%"", ""relative_humidity_2m_min"": ""%"", ""temperature_2m_max"": ""°C"", ""temperature_2m_min"": ""°C"", ""time"": ""iso8601"", ""wind_direction_10m_dominant"": ""°"", ""wind_speed_10m_max"": ""m/s""}"
URY_RV_G_E625000_N6525000,Rivera,UY-RV,-31.402880000000007,-55.685127,10888.207115888334,grid,7500,-31.399998,-55.699997,198.0,1449.5136722250427,Rivera,mismo_departamento,True,True,40800.924969842585,limite_interdepartamental,America/Montevideo,GMT-3,-10800,"{""et0_fao_evapotranspiration"": ""mm"", ""precipitation_sum"": ""mm"", ""relative_humidity_2m_max"": ""%"", ""relative_humidity_2m_min"": ""%"", ""temperature_2m_max"": ""°C"", ""temperature_2m_min"": ""°C"", ""time"": ""iso8601"", ""wind_direction_10m_dominant"": ""°"", ""wind_speed_10m_max"": ""m/s""}"
URY_RV_G_E625000_N6550000,Rivera,UY-RV,-31.17736899999999,-55.688253,19816.83771721729,grid,7500,-31.2,-55.699997,177.0,2746.954411907025,Rivera,mismo_departamento,True,True,19816.837717217295,limite_interdepartamental,America/Montevideo,GMT-3,-10800,"{""et0_fao_evapotranspiration"": ""mm"", ""precipitation_sum"": ""mm"", ""relative_humidity_2m_max"": ""%"", ""relative_humidity_2m_min"": ""%"", ""temperature_2m_max"": ""°C"", ""temperature_2m_min"": ""°C"", ""time"": ""iso8601"", ""wind_direction_10m_dominant"": ""°"", ""wind_speed_10m_max"": ""m/s""}"
URY_RV_G_E650000_N6500000,Rivera,UY-RV,-31.62539,-55.418436,16914.875345660068,grid,7500,-31.599998,-55.4,173.0,3314.2854262627657,Rivera,mismo_departamento,True,True,43817.840826452426,limite_interdepartamental,America/Montevideo,GMT-3,-10800,"{""et0_fao_evapotranspiration"": ""mm"", ""precipitation_sum"": ""mm"", ""relative_humidity_2m_max"": ""%"", ""relative_humidity_2m_min"": ""%"", ""temperature_2m_max"": ""°C"", ""temperature_2m_min"": ""°C"", ""time"": ""iso8601"", ""wind_direction_10m_dominant"": ""°"", ""wind_speed_10m_max"": ""m/s""}"
URY_RV_G_E650000_N6525000,Rivera,UY-RV,-31.399913999999995,-55.42223,23219.09118637315,grid,7500,-31.399998,-55.4,174.0,2113.9170005411834,Rivera,mismo_departamento,True,True,23219.09118637315,limite_interdepartamental,America/Montevideo,GMT-3,-10800,"{""et0_fao_evapotranspiration"": ""mm"", ""precipitation_sum"": ""mm"", ""relative_humidity_2m_max"": ""%"", ""relative_humidity_2m_min"": ""%"", ""temperature_2m_max"": ""°C"", ""temperature_2m_min"": ""°C"", ""time"": ""iso8601"", ""wind_direction_10m_dominant"": ""°"", ""wind_speed_10m_max"": ""m/s""}"
URY_RV_G_E650000_N6550000,Rivera,UY-RV,-31.174429,-55.425981,9451.653033545095,grid,7500,-31.2,-55.4,181.0,3763.9509121594556,Rivera,mismo_departamento,True,True,9451.653033545095,limite_interdepartamental,America/Montevideo,GMT-3,-10800,"{""et0_fao_evapotranspiration"": ""mm"", ""precipitation_sum"": ""mm"", ""relative_humidity_2m_max"": ""%"", ""relative_humidity_2m_min"": ""%"", ""temperature_2m_max"": ""°C"", ""temperature_2m_min"": ""°C"", ""time"": ""iso8601"", ""wind_direction_10m_dominant"": ""°"", ""wind_speed_10m_max"": ""m/s""}"
URY_RV_G_E675000_N6500000,Rivera,UY-RV,-31.621853999999995,-55.15495,20641.906382573547,grid,7500,-31.599998,-55.199997,197.0,4913.527359974191,Rivera,mismo_departamento,True,True,33019.0727549494,limite_interdepartamental,America/Montevideo,GMT-3,-10800,"{""et0_fao_evapotranspiration"": ""mm"", ""precipitation_sum"": ""mm"", ""relative_humidity_2m_max"": ""%"", ""relative_humidity_2m_min"": ""%"", ""temperature_2m_max"": ""°C"", ""temperature_2m_min"": ""°C"", ""time"": ""iso8601"", ""wind_direction_10m_dominant"": ""°"", ""wind_speed_10m_max"": ""m/s""}"
URY_RV_G_E675000_N6525000,Rivera,UY-RV,-31.396409,-55.159375,9920.098207706573,grid,7500,-31.399998,-55.199997,166.0,3883.680820695554,Rivera,mismo_departamento,True,True,9920.098207706573,limite_interdepartamental,America/Montevideo,GMT-3,-10800,"{""et0_fao_evapotranspiration"": ""mm"", ""precipitation_sum"": ""mm"", ""relative_humidity_2m_max"": ""%"", ""relative_humidity_2m_min"": ""%"", ""temperature_2m_max"": ""°C"", ""temperature_2m_min"": ""°C"", ""time"": ""iso8601"", ""wind_direction_10m_dominant"": ""°"", ""wind_speed_10m_max"": ""m/s""}"
URY_RV_G_E700000_N6500000,Rivera,UY-RV,-31.617775000000005,-54.891514,20174.78837982317,grid,7500,-31.599998,-54.9,205.0,2129.4487627891967,Rivera,mismo_departamento,True,True,20174.788379823174,limite_interdepartamental,America/Montevideo,GMT-3,-10800,"{""et0_fao_evapotranspiration"": ""mm"", ""precipitation_sum"": ""mm"", ""relative_humidity_2m_max"": ""%"", ""relative_humidity_2m_min"": ""%"", ""temperature_2m_max"": ""°C"", ""temperature_2m_min"": ""°C"", ""time"": ""iso8601"", ""wind_direction_10m_dominant"": ""°"", ""wind_speed_10m_max"": ""m/s""}"
URY_RV_G_E725000_N6475000,Rivera,UY-RV,-31.838514,-54.622385,12037.877167996718,grid,7500,-31.8,-54.6,132.0,4768.64713196769,Rivera,mismo_departamento,True,True,25954.086139081875,limite_interdepartamental,America/Montevideo,GMT-3,-10800,"{""et0_fao_evapotranspiration"": ""mm"", ""precipitation_sum"": ""mm"", ""relative_humidity_2m_max"": ""%"", ""relative_humidity_2m_min"": ""%"", ""temperature_2m_max"": ""°C"", ""temperature_2m_min"": ""°C"", ""time"": ""iso8601"", ""wind_direction_10m_dominant"": ""°"", ""wind_speed_10m_max"": ""m/s""}"
URY_RV_G_E725000_N6500000,Rivera,UY-RV,-31.613152999999997,-54.628135,14120.607598729286,grid,7500,-31.599998,-54.6,136.0,3043.025242905144,Rivera,mismo_departamento,True,True,14120.607598729286,limite_interdepartamental,America/Montevideo,GMT-3,-10800,"{""et0_fao_evapotranspiration"": ""mm"", ""precipitation_sum"": ""mm"", ""relative_humidity_2m_max"": ""%"", ""relative_humidity_2m_min"": ""%"", ""temperature_2m_max"": ""°C"", ""temperature_2m_min"": ""°C"", ""time"": ""iso8601"", ""wind_direction_10m_dominant"": ""°"", ""wind_speed_10m_max"": ""m/s""}"
URY_SA_G_E425000_N6525000,Salto,UY-SA,-31.407196,-57.788981,7528.347364329687,grid,7500,-31.399998,-57.799995,54.0,1316.3992568816864,Salto,mismo_departamento,True,True,18215.325553623974,limite_interdepartamental,America/Montevideo,GMT-3,-10800,"{""et0_fao_evapotranspiration"": ""mm"", ""precipitation_sum"": ""mm"", ""relative_humidity_2m_max"": ""%"", ""relative_humidity_2m_min"": ""%"", ""temperature_2m_max"": ""°C"", ""temperature_2m_min"": ""°C"", ""time"": ""iso8601"", ""wind_direction_10m_dominant"": ""°"", ""wind_speed_10m_max"": ""m/s""}"
URY_SA_G_E425000_N6550000,Salto,UY-SA,-31.181647,-57.78710400000001,11681.984392939814,grid,7500,-31.2,-57.799995,45.0,2376.247809151304,Salto,mismo_departamento,True,True,11681.984392939814,limite_interdepartamental,America/Montevideo,GMT-3,-10800,"{""et0_fao_evapotranspiration"": ""mm"", ""precipitation_sum"": ""mm"", ""relative_humidity_2m_max"": ""%"", ""relative_humidity_2m_min"": ""%"", ""temperature_2m_max"": ""°C"", ""temperature_2m_min"": ""°C"", ""time"": ""iso8601"", ""wind_direction_10m_dominant"": ""°"", ""wind_speed_10m_max"": ""m/s""}"
URY_SA_G_E450000_N6525000,Salto,UY-SA,-31.408545000000004,-57.525999000000006,20683.581189365177,grid,7500,-31.399998,-57.5,92.0,2646.8876632114084,Salto,mismo_departamento,True,True,41904.145001851844,limite_interdepartamental,America/Montevideo,GMT-3,-10800,"{""et0_fao_evapotranspiration"": ""mm"", ""precipitation_sum"": ""mm"", ""relative_humidity_2m_max"": ""%"", ""relative_humidity_2m_min"": ""%"", ""temperature_2m_max"": ""°C"", ""temperature_2m_min"": ""°C"", ""time"": ""iso8601"", ""wind_direction_10m_dominant"": ""°"", ""wind_speed_10m_max"": ""m/s""}"
URY_SA_G_E450000_N6550000,Salto,UY-SA,-31.182983999999998,-57.524748,32253.7278984784,grid,7500,-31.2,-57.5,91.0,3019.3530045136463,Salto,mismo_departamento,True,True,35321.93388493352,limite_interdepartamental,America/Montevideo,GMT-3,-10800,"{""et0_fao_evapotranspiration"": ""mm"", ""precipitation_sum"": ""mm"", ""relative_humidity_2m_max"": ""%"", ""relative_humidity_2m_min"": ""%"", ""temperature_2m_max"": ""°C"", ""temperature_2m_min"": ""°C"", ""time"": ""iso8601"", ""wind_direction_10m_dominant"": ""°"", ""wind_speed_10m_max"": ""m/s""}"
URY_SA_G_E450000_N6575000,Salto,UY-SA,-30.957415000000005,-57.52351000000001,10929.152517072627,grid,7500,-31.0,-57.5,45.0,5226.3397127395165,Salto,mismo_departamento,True,True,27763.026028648103,limite_interdepartamental,America/Montevideo,GMT-3,-10800,"{""et0_fao_evapotranspiration"": ""mm"", ""precipitation_sum"": ""mm"", ""relative_humidity_2m_max"": ""%"", ""relative_humidity_2m_min"": ""%"", ""temperature_2m_max"": ""°C"", ""temperature_2m_min"": ""°C"", ""time"": ""iso8601"", ""wind_direction_10m_dominant"": ""°"", ""wind_speed_10m_max"": ""m/s""}"
URY_SA_G_E475000_N6500000,Salto,UY-SA,-31.634914,-57.263636,9878.835859704894,grid,7500,-31.599998,-57.299995,122.0,5183.528637557167,Salto,mismo_departamento,True,True,68237.49773456038,limite_interdepartamental,America/Montevideo,GMT-3,-10800,"{""et0_fao_evapotranspiration"": ""mm"", ""precipitation_sum"": ""mm"", ""relative_humidity_2m_max"": ""%"", ""relative_humidity_2m_min"": ""%"", ""temperature_2m_max"": ""°C"", ""temperature_2m_min"": ""°C"", ""time"": ""iso8601"", ""wind_direction_10m_dominant"": ""°"", ""wind_speed_10m_max"": ""m/s""}"
URY_SA_G_E475000_N6525000,Salto,UY-SA,-31.409354,-57.263003,30218.154413999622,grid,7500,-31.399998,-57.299995,116.0,3666.2132698882447,Salto,mismo_departamento,True,True,65115.78194247877,limite_interdepartamental,America/Montevideo,GMT-3,-10800,"{""et0_fao_evapotranspiration"": ""mm"", ""precipitation_sum"": ""mm"", ""relative_humidity_2m_max"": ""%"", ""relative_humidity_2m_min"": ""%"", ""temperature_2m_max"": ""°C"", ""temperature_2m_min"": ""°C"", ""time"": ""iso8601"", ""wind_direction_10m_dominant"": ""°"", ""wind_speed_10m_max"": ""m/s""}"
URY_SA_G_E475000_N6550000,Salto,UY-SA,-31.183786,-57.262377,19325.041757716957,grid,7500,-31.2,-57.299995,61.0,4009.3228716212016,Salto,mismo_departamento,True,True,59408.91080090581,limite_interdepartamental,America/Montevideo,GMT-3,-10800,"{""et0_fao_evapotranspiration"": ""mm"", ""precipitation_sum"": ""mm"", ""relative_humidity_2m_max"": ""%"", ""relative_humidity_2m_min"": ""%"", ""temperature_2m_max"": ""°C"", ""temperature_2m_min"": ""°C"", ""time"": ""iso8601"", ""wind_direction_10m_dominant"": ""°"", ""wind_speed_10m_max"": ""m/s""}"
URY_SA_G_E500000_N6500000,Salto,UY-SA,-31.635186,-57.00000000000001,16338.930586076598,grid,7500,-31.599998,-57.0,200.0,3900.0896933712065,Salto,mismo_departamento,True,True,93186.9244178437,limite_interdepartamental,America/Montevideo,GMT-3,-10800,"{""et0_fao_evapotranspiration"": ""mm"", ""precipitation_sum"": ""mm"", ""relative_humidity_2m_max"": ""%"", ""relative_humidity_2m_min"": ""%"", ""temperature_2m_max"": ""°C"", ""temperature_2m_min"": ""°C"", ""time"": ""iso8601"", ""wind_direction_10m_dominant"": ""°"", ""wind_speed_10m_max"": ""m/s""}"
URY_SA_G_E500000_N6525000,Salto,UY-SA,-31.409623999999997,-57.00000000000001,38330.803026341215,grid,7500,-31.399998,-57.0,97.0,1066.869769565761,Salto,mismo_departamento,True,True,89112.55361894237,limite_interdepartamental,America/Montevideo,GMT-3,-10800,"{""et0_fao_evapotranspiration"": ""mm"", ""precipitation_sum"": ""mm"", ""relative_humidity_2m_max"": ""%"", ""relative_humidity_2m_min"": ""%"", ""temperature_2m_max"": ""°C"", ""temperature_2m_min"": ""°C"", ""time"": ""iso8601"", ""wind_direction_10m_dominant"": ""°"", ""wind_speed_10m_max"": ""m/s""}"
URY_SA_G_E500000_N6550000,Salto,UY-SA,-31.184054,-57.00000000000001,14368.385629231192,grid,7500,-31.2,-57.0,92.0,1767.2700082883239,Salto,mismo_departamento,True,True,82873.7797675749,limite_interdepartamental,America/Montevideo,GMT-3,-10800,"{""et0_fao_evapotranspiration"": ""mm"", ""precipitation_sum"": ""mm"", ""relative_humidity_2m_max"": ""%"", ""relative_humidity_2m_min"": ""%"", ""temperature_2m_max"": ""°C"", ""temperature_2m_min"": ""°C"", ""time"": ""iso8601"", ""wind_direction_10m_dominant"": ""°"", ""wind_speed_10m_max"": ""m/s""}"
URY_SA_G_E525000_N6500000,Salto,UY-SA,-31.634914,-56.736364,17106.32770372642,grid,7500,-31.599998,-56.699997,143.0,5184.0334666842555,Salto,mismo_departamento,True,True,92341.22709183439,limite_interdepartamental,America/Montevideo,GMT-3,-10800,"{""et0_fao_evapotranspiration"": ""mm"", ""precipitation_sum"": ""mm"", ""relative_humidity_2m_max"": ""%"", ""relative_humidity_2m_min"": ""%"", ""temperature_2m_max"": ""°C"", ""temperature_2m_min"": ""°C"", ""time"": ""iso8601"", ""wind_direction_10m_dominant"": ""°"", ""wind_speed_10m_max"": ""m/s""}"
URY_SA_G_E525000_N6525000,Salto,UY-SA,-31.409354,-56.736997,39577.21821518325,grid,7500,-31.399998,-56.699997,135.0,3666.9427149379694,Salto,mismo_departamento,True,True,78165.87158695071,limite_interdepartamental,America/Montevideo,GMT-3,-10800,"{""et0_fao_evapotranspiration"": ""mm"", ""precipitation_sum"": ""mm"", ""relative_humidity_2m_max"": ""%"", ""relative_humidity_2m_min"": ""%"", ""temperature_2m_max"": ""°C"", ""temperature_2m_min"": ""°C"", ""time"": ""iso8601"", ""wind_direction_10m_dominant"": ""°"", ""wind_speed_10m_max"": ""m/s""}"
URY_SA_G_E525000_N6550000,Salto,UY-SA,-31.183786,-56.737623,14816.204484055812,grid,7500,-31.2,-56.699997,126.0,4010.0042437118223,Salto,mismo_departamento,True,True,70215.30166658711,limite_interdepartamental,America/Montevideo,GMT-3,-10800,"{""et0_fao_evapotranspiration"": ""mm"", ""precipitation_sum"": ""mm"", ""relative_humidity_2m_max"": ""%"", ""relative_humidity_2m_min"": ""%"", ""temperature_2m_max"": ""°C"", ""temperature_2m_min"": ""°C"", ""time"": ""iso8601"", ""wind_direction_10m_dominant"": ""°"", ""wind_speed_10m_max"": ""m/s""}"
URY_SA_G_E550000_N6500000,Salto,UY-SA,-31.634098000000005,-56.472736,10723.301205685648,grid,7500,-31.599998,-56.5,229.0,4579.585708846606,Salto,mismo_departamento,True,True,75356.89331492472,limite_interdepartamental,America/Montevideo,GMT-3,-10800,"{""et0_fao_evapotranspiration"": ""mm"", ""precipitation_sum"": ""mm"", ""relative_humidity_2m_max"": ""%"", ""relative_humidity_2m_min"": ""%"", ""temperature_2m_max"": ""°C"", ""temperature_2m_min"": ""°C"", ""time"": ""iso8601"", ""wind_direction_10m_dominant"": ""°"", ""wind_speed_10m_max"": ""m/s""}"
URY_SA_G_E550000_N6525000,Salto,UY-SA,-31.408545000000004,-56.47400100000001,17650.889384506496,grid,7500,-31.399998,-56.5,206.0,2646.8876632102147,Salto,mismo_departamento,True,True,57110.873404269354,limite_interdepartamental,America/Montevideo,GMT-3,-10800,"{""et0_fao_evapotranspiration"": ""mm"", ""precipitation_sum"": ""mm"", ""relative_humidity_2m_max"": ""%"", ""relative_humidity_2m_min"": ""%"", ""temperature_2m_max"": ""°C"", ""temperature_2m_min"": ""°C"", ""time"": ""iso8601"", ""wind_direction_10m_dominant"": ""°"", ""wind_speed_10m_max"": ""m/s""}"
URY_SA_G_E550000_N6550000,Salto,UY-SA,-31.182983999999998,-56.475252,22581.3917404446,grid,7500,-31.2,-56.5,214.0,3019.353004513601,Salto,mismo_departamento,True,True,45767.304417135296,limite_interdepartamental,America/Montevideo,GMT-3,-10800,"{""et0_fao_evapotranspiration"": ""mm"", ""precipitation_sum"": ""mm"", ""relative_humidity_2m_max"": ""%"", ""relative_humidity_2m_min"": ""%"", ""temperature_2m_max"": ""°C"", ""temperature_2m_min"": ""°C"", ""time"": ""iso8601"", ""wind_direction_10m_dominant"": ""°"", ""wind_speed_10m_max"": ""m/s""}"
URY_SJ_G_E500000_N6200000,San José,UY-SJ,-34.341303,-57.00000000000001,8412.862690530612,grid,7500,-34.3,-57.0,73.0,4579.83440406993,San José,mismo_departamento,True,True,16629.7516697344,limite_interdepartamental,America/Montevideo,GMT-3,-10800,"{""et0_fao_evapotranspiration"": ""mm"", ""precipitation_sum"": ""mm"", ""relative_humidity_2m_max"": ""%"", ""relative_humidity_2m_min"": ""%"", ""temperature_2m_max"": ""°C"", ""temperature_2m_min"": ""°C"", ""time"": ""iso8601"", ""wind_direction_10m_dominant"": ""°"", ""wind_speed_10m_max"": ""m/s""}"
URY_SJ_G_E525000_N6175000,San José,UY-SJ,-34.56645499999999,-56.727462,14765.567645679768,grid,7500,-34.6,-56.699997,43.0,4492.397519468858,San José,mismo_departamento,True,True,14765.567645679768,limite_interdepartamental,America/Montevideo,GMT-3,-10800,"{""et0_fao_evapotranspiration"": ""mm"", ""precipitation_sum"": ""mm"", ""relative_humidity_2m_max"": ""%"", ""relative_humidity_2m_min"": ""%"", ""temperature_2m_max"": ""°C"", ""temperature_2m_min"": ""°C"", ""time"": ""iso8601"", ""wind_direction_10m_dominant"": ""°"", ""wind_speed_10m_max"": ""m/s""}"
URY_SJ_G_E525000_N6200000,San José,UY-SJ,-34.341001,-56.728194,23754.199667817345,grid,7500,-34.3,-56.699997,36.0,5234.420361901937,San José,mismo_departamento,True,True,34366.63753750877,limite_interdepartamental,America/Montevideo,GMT-3,-10800,"{""et0_fao_evapotranspiration"": ""mm"", ""precipitation_sum"": ""mm"", ""relative_humidity_2m_max"": ""%"", ""relative_humidity_2m_min"": ""%"", ""temperature_2m_max"": ""°C"", ""temperature_2m_min"": ""°C"", ""time"": ""iso8601"", ""wind_direction_10m_dominant"": ""°"", ""wind_speed_10m_max"": ""m/s""}"
URY_SJ_G_E525000_N6225000,San José,UY-SJ,-34.115539000000005,-56.728917,17272.388125423156,grid,7500,-34.1,-56.699997,78.0,3175.4342342059986,San José,mismo_departamento,True,True,51861.8406116759,limite_interdepartamental,America/Montevideo,GMT-3,-10800,"{""et0_fao_evapotranspiration"": ""mm"", ""precipitation_sum"": ""mm"", ""relative_humidity_2m_max"": ""%"", ""relative_humidity_2m_min"": ""%"", ""temperature_2m_max"": ""°C"", ""temperature_2m_min"": ""°C"", ""time"": ""iso8601"", ""wind_direction_10m_dominant"": ""°"", ""wind_speed_10m_max"": ""m/s""}"
URY_SO_G_E375000_N6275000,Soriano,UY-SO,-33.657532,-58.34814300000001,9692.432401696751,grid,7500,-33.7,-58.299995,9.0,6488.795020320433,Soriano,mismo_departamento,True,True,9692.432401696753,limite_interdepartamental,America/Montevideo,GMT-3,-10800,"{""et0_fao_evapotranspiration"": ""mm"", ""precipitation_sum"": ""mm"", ""relative_humidity_2m_max"": ""%"", ""relative_humidity_2m_min"": ""%"", ""temperature_2m_max"": ""°C"", ""temperature_2m_min"": ""°C"", ""time"": ""iso8601"", ""wind_direction_10m_dominant"": ""°"", ""wind_speed_10m_max"": ""m/s""}"
URY_SO_G_E400000_N6275000,Soriano,UY-SO,-33.660177999999995,-58.078562,12370.574605482976,grid,7500,-33.7,-58.1,24.0,4842.336970359378,Soriano,mismo_departamento,True,True,33637.57552039307,limite_interdepartamental,America/Montevideo,GMT-3,-10800,"{""et0_fao_evapotranspiration"": ""mm"", ""precipitation_sum"": ""mm"", ""relative_humidity_2m_max"": ""%"", ""relative_humidity_2m_min"": ""%"", ""temperature_2m_max"": ""°C"", ""temperature_2m_min"": ""°C"", ""time"": ""iso8601"", ""wind_direction_10m_dominant"": ""°"", ""wind_speed_10m_max"": ""m/s""}"
URY_SO_G_E400000_N6300000,Soriano,UY-SO,-33.434729,-58.07576400000001,15015.903487225934,grid,7500,-33.399998,-58.1,54.0,4461.958849485304,Soriano,mismo_departamento,True,True,32903.702975187996,limite_interdepartamental,America/Montevideo,GMT-3,-10800,"{""et0_fao_evapotranspiration"": ""mm"", ""precipitation_sum"": ""mm"", ""relative_humidity_2m_max"": ""%"", ""relative_humidity_2m_min"": ""%"", ""temperature_2m_max"": ""°C"", ""temperature_2m_min"": ""°C"", ""time"": ""iso8601"", ""wind_direction_10m_dominant"": ""°"", ""wind_speed_10m_max"": ""m/s""}"
URY_SO_G_E425000_N6275000,Soriano,UY-SO,-33.66223699999999,-57.808949,23372.524021470548,grid,7500,-33.7,-57.799995,94.0,4268.630798621726,Soriano,mismo_departamento,True,True,58314.50002715766,limite_interdepartamental,America/Montevideo,GMT-3,-10800,"{""et0_fao_evapotranspiration"": ""mm"", ""precipitation_sum"": ""mm"", ""relative_humidity_2m_max"": ""%"", ""relative_humidity_2m_min"": ""%"", ""temperature_2m_max"": ""°C"", ""temperature_2m_min"": ""°C"", ""time"": ""iso8601"", ""wind_direction_10m_dominant"": ""°"", ""wind_speed_10m_max"": ""m/s""}"
URY_SO_G_E425000_N6300000,Soriano,UY-SO,-33.43677000000001,-57.80685,28956.079160832916,grid,7500,-33.399998,-57.799995,70.0,4126.621521076665,Soriano,mismo_departamento,True,True,52839.97913633687,limite_interdepartamental,America/Montevideo,GMT-3,-10800,"{""et0_fao_evapotranspiration"": ""mm"", ""precipitation_sum"": ""mm"", ""relative_humidity_2m_max"": ""%"", ""relative_humidity_2m_min"": ""%"", ""temperature_2m_max"": ""°C"", ""temperature_2m_min"": ""°C"", ""time"": ""iso8601"", ""wind_direction_10m_dominant"": ""°"", ""wind_speed_10m_max"": ""m/s""}"
URY_SO_G_E425000_N6325000,Soriano,UY-SO,-33.211294999999986,-57.80477500000001,16188.092550139512,grid,7500,-33.2,-57.799995,67.0,1329.1818258173578,Soriano,mismo_departamento,True,True,34783.149296584306,limite_interdepartamental,America/Montevideo,GMT-3,-10800,"{""et0_fao_evapotranspiration"": ""mm"", ""precipitation_sum"": ""mm"", ""relative_humidity_2m_max"": ""%"", ""relative_humidity_2m_min"": ""%"", ""temperature_2m_max"": ""°C"", ""temperature_2m_min"": ""°C"", ""time"": ""iso8601"", ""wind_direction_10m_dominant"": ""°"", ""wind_speed_10m_max"": ""m/s""}"
URY_SO_G_E450000_N6275000,Soriano,UY-SO,-33.663708,-57.539312,26460.111614914545,grid,7500,-33.7,-57.5,126.0,5428.642112541221,Soriano,mismo_departamento,True,True,76520.08149425565,limite_interdepartamental,America/Montevideo,GMT-3,-10800,"{""et0_fao_evapotranspiration"": ""mm"", ""precipitation_sum"": ""mm"", ""relative_humidity_2m_max"": ""%"", ""relative_humidity_2m_min"": ""%"", ""temperature_2m_max"": ""°C"", ""temperature_2m_min"": ""°C"", ""time"": ""iso8601"", ""wind_direction_10m_dominant"": ""°"", ""wind_speed_10m_max"": ""m/s""}"
URY_SO_G_E450000_N6300000,Soriano,UY-SO,-33.438227999999995,-57.537913,17825.464464377004,grid,7500,-33.399998,-57.5,107.0,5512.786166054287,Soriano,mismo_departamento,True,True,70029.39853773204,limite_interdepartamental,America/Montevideo,GMT-3,-10800,"{""et0_fao_evapotranspiration"": ""mm"", ""precipitation_sum"": ""mm"", ""relative_humidity_2m_max"": ""%"", ""relative_humidity_2m_min"": ""%"", ""temperature_2m_max"": ""°C"", ""temperature_2m_min"": ""°C"", ""time"": ""iso8601"", ""wind_direction_10m_dominant"": ""°"", ""wind_speed_10m_max"": ""m/s""}"
URY_SO_G_E450000_N6325000,Soriano,UY-SO,-33.21274,-57.536529,16582.079563966934,grid,7500,-33.2,-57.5,61.0,3685.8850593154807,Soriano,mismo_departamento,True,True,56252.38208511245,limite_interdepartamental,America/Montevideo,GMT-3,-10800,"{""et0_fao_evapotranspiration"": ""mm"", ""precipitation_sum"": ""mm"", ""relative_humidity_2m_max"": ""%"", ""relative_humidity_2m_min"": ""%"", ""temperature_2m_max"": ""°C"", ""temperature_2m_min"": ""°C"", ""time"": ""iso8601"", ""wind_direction_10m_dominant"": ""°"", ""wind_speed_10m_max"": ""m/s""}"
URY_SO_G_E475000_N6275000,Soriano,UY-SO,-33.66459,-57.26966,7681.837859202891,grid,7500,-33.7,-57.299995,134.0,4829.05397749114,Soriano,mismo_departamento,True,True,85193.04584644843,limite_interdepartamental,America/Montevideo,GMT-3,-10800,"{""et0_fao_evapotranspiration"": ""mm"", ""precipitation_sum"": ""mm"", ""relative_humidity_2m_max"": ""%"", ""relative_humidity_2m_min"": ""%"", ""temperature_2m_max"": ""°C"", ""temperature_2m_min"": ""°C"", ""time"": ""iso8601"", ""wind_direction_10m_dominant"": ""°"", ""wind_speed_10m_max"": ""m/s""}"
URY_TA_G_E550000_N6400000,Tacuarembó,UY-TA,-32.53622799999999,-56.46753,7853.63563228324,grid,7500,-32.5,-56.5,105.0,5042.7362997827,Tacuarembó,mismo_departamento,True,True,155770.30646637134,limite_interdepartamental,America/Montevideo,GMT-3,-10800,"{""et0_fao_evapotranspiration"": ""mm"", ""precipitation_sum"": ""mm"", ""relative_humidity_2m_max"": ""%"", ""relative_humidity_2m_min"": ""%"", ""temperature_2m_max"": ""°C"", ""temperature_2m_min"": ""°C"", ""time"": ""iso8601"", ""wind_direction_10m_dominant"": ""°"", ""wind_speed_10m_max"": ""m/s""}"
URY_TA_G_E575000_N6400000,Tacuarembó,UY-TA,-32.534819,-56.201314,17270.647999632314,grid,7500,-32.5,-56.199997,139.0,3861.989996045294,Tacuarembó,mismo_departamento,True,True,161910.63503995998,limite_interdepartamental,America/Montevideo,GMT-3,-10800,"{""et0_fao_evapotranspiration"": ""mm"", ""precipitation_sum"": ""mm"", ""relative_humidity_2m_max"": ""%"", ""relative_humidity_2m_min"": ""%"", ""temperature_2m_max"": ""°C"", ""temperature_2m_min"": ""°C"", ""time"": ""iso8601"", ""wind_direction_10m_dominant"": ""°"", ""wind_speed_10m_max"": ""m/s""}"
URY_TA_G_E575000_N6425000,Tacuarembó,UY-TA,-32.309310999999994,-56.203299,16986.816742815154,grid,7500,-32.3,-56.199997,190.0,1077.9757199419369,Tacuarembó,mismo_departamento,True,True,137161.64194652624,limite_interdepartamental,America/Montevideo,GMT-3,-10800,"{""et0_fao_evapotranspiration"": ""mm"", ""precipitation_sum"": ""mm"", ""relative_humidity_2m_max"": ""%"", ""relative_humidity_2m_min"": ""%"", ""temperature_2m_max"": ""°C"", ""temperature_2m_min"": ""°C"", ""time"": ""iso8601"", ""wind_direction_10m_dominant"": ""°"", ""wind_speed_10m_max"": ""m/s""}"
URY_TA_G_E575000_N6450000,Tacuarembó,UY-TA,-32.083794,-56.205262000000005,7771.365290559535,grid,7500,-32.1,-56.199997,140.0,1863.9043879816224,Tacuarembó,mismo_departamento,True,True,112523.5734762464,limite_interdepartamental,America/Montevideo,GMT-3,-10800,"{""et0_fao_evapotranspiration"": ""mm"", ""precipitation_sum"": ""mm"", ""relative_humidity_2m_max"": ""%"", ""relative_humidity_2m_min"": ""%"", ""temperature_2m_max"": ""°C"", ""temperature_2m_min"": ""°C"", ""time"": ""iso8601"", ""wind_direction_10m_dominant"": ""°"", ""wind_speed_10m_max"": ""m/s""}"
URY_TA_G_E575000_N6500000,Tacuarembó,UY-TA,-31.632737,-56.209122,11867.371769269366,grid,7500,-31.599998,-56.199997,158.0,3730.699276350467,Tacuarembó,mismo_departamento,True,True,63875.65098277858,limite_interdepartamental,America/Montevideo,GMT-3,-10800,"{""et0_fao_evapotranspiration"": ""mm"", ""precipitation_sum"": ""mm"", ""relative_humidity_2m_max"": ""%"", ""relative_humidity_2m_min"": ""%"", ""temperature_2m_max"": ""°C"", ""temperature_2m_min"": ""°C"", ""time"": ""iso8601"", ""wind_direction_10m_dominant"": ""°"", ""wind_speed_10m_max"": ""m/s""}"
URY_TA_G_E600000_N6400000,Tacuarembó,UY-TA,-32.53284699999999,-55.93512,7751.707952909753,grid,7500,-32.5,-55.9,102.0,4913.7001747206405,Tacuarembó,mismo_departamento,True,True,155578.68951880315,limite_interdepartamental,America/Montevideo,GMT-3,-10800,"{""et0_fao_evapotranspiration"": ""mm"", ""precipitation_sum"": ""mm"", ""relative_humidity_2m_max"": ""%"", ""relative_humidity_2m_min"": ""%"", ""temperature_2m_max"": ""°C"", ""temperature_2m_min"": ""°C"", ""time"": ""iso8601"", ""wind_direction_10m_dominant"": ""°"", ""wind_speed_10m_max"": ""m/s""}"
URY_TA_G_E600000_N6425000,Tacuarembó,UY-TA,-32.307355,-55.937766,26060.242606265914,grid,7500,-32.3,-55.9,95.0,3648.1381908743974,Tacuarembó,mismo_departamento,True,True,133527.44817530166,limite_interdepartamental,America/Montevideo,GMT-3,-10800,"{""et0_fao_evapotranspiration"": ""mm"", ""precipitation_sum"": ""mm"", ""relative_humidity_2m_max"": ""%"", ""relative_humidity_2m_min"": ""%"", ""temperature_2m_max"": ""°C"", ""temperature_2m_min"": ""°C"", ""time"": ""iso8601"", ""wind_direction_10m_dominant"": ""°"", ""wind_speed_10m_max"": ""m/s""}"
URY_TA_G_E600000_N6450000,Tacuarembó,UY-TA,-32.081855999999995,-55.940383,32703.0948607111,grid,7500,-32.1,-55.9,207.0,4309.330712623822,Tacuarembó,mismo_departamento,True,True,110250.10256653123,limite_interdepartamental,America/Montevideo,GMT-3,-10800,"{""et0_fao_evapotranspiration"": ""mm"", ""precipitation_sum"": ""mm"", ""relative_humidity_2m_max"": ""%"", ""relative_humidity_2m_min"": ""%"", ""temperature_2m_max"": ""°C"", ""temperature_2m_min"": ""°C"", ""time"": ""iso8601"", ""wind_direction_10m_dominant"": ""°"", ""wind_speed_10m_max"": ""m/s""}"
URY_TA_G_E600000_N6475000,Tacuarembó,UY-TA,-31.856348000000004,-55.94297,28076.86950040511,grid,7500,-31.899998,-55.9,163.0,6319.428556551378,Tacuarembó,mismo_departamento,True,True,85253.7681746778,limite_interdepartamental,America/Montevideo,GMT-3,-10800,"{""et0_fao_evapotranspiration"": ""mm"", ""precipitation_sum"": ""mm"", ""relative_humidity_2m_max"": ""%"", ""relative_humidity_2m_min"": ""%"", ""temperature_2m_max"": ""°C"", ""temperature_2m_min"": ""°C"", ""time"": ""iso8601"", ""wind_direction_10m_dominant"": ""°"", ""wind_speed_10m_max"": ""m/s""}"
URY_TA_G_E600000_N6500000,Tacuarembó,UY-TA,-31.630831999999995,-55.945529,21087.88238607704,grid,7500,-31.599998,-55.9,139.0,5507.721108462859,Tacuarembó,mismo_departamento,True,True,60260.51249994788,limite_interdepartamental,America/Montevideo,GMT-3,-10800,"{""et0_fao_evapotranspiration"": ""mm"", ""precipitation_sum"": ""mm"", ""relative_humidity_2m_max"": ""%"", ""relative_humidity_2m_min"": ""%"", ""temperature_2m_max"": ""°C"", ""temperature_2m_min"": ""°C"", ""time"": ""iso8601"", ""wind_direction_10m_dominant"": ""°"", ""wind_speed_10m_max"": ""m/s""}"
URY_TA_G_E625000_N6425000,Tacuarembó,UY-TA,-32.304842000000015,-55.672263,19510.31109688181,grid,7500,-32.3,-55.699997,103.0,2666.0876324031606,Tacuarembó,mismo_departamento,True,True,121693.73779890832,limite_interdepartamental,America/Montevideo,GMT-3,-10800,"{""et0_fao_evapotranspiration"": ""mm"", ""precipitation_sum"": ""mm"", ""relative_humidity_2m_max"": ""%"", ""relative_humidity_2m_min"": ""%"", ""temperature_2m_max"": ""°C"", ""temperature_2m_min"": ""°C"", ""time"": ""iso8601"", ""wind_direction_10m_dominant"": ""°"", ""wind_speed_10m_max"": ""m/s""}"
URY_TA_G_E625000_N6450000,Tacuarembó,UY-TA,-32.079364,-55.675533,31398.93427053405,grid,7500,-32.1,-55.699997,104.0,3250.427632904643,Tacuarembó,mismo_departamento,True,True,99693.23755228882,limite_interdepartamental,America/Montevideo,GMT-3,-10800,"{""et0_fao_evapotranspiration"": ""mm"", ""precipitation_sum"": ""mm"", ""relative_humidity_2m_max"": ""%"", ""relative_humidity_2m_min"": ""%"", ""temperature_2m_max"": ""°C"", ""temperature_2m_min"": ""°C"", ""time"": ""iso8601"", ""wind_direction_10m_dominant"": ""°"", ""wind_speed_10m_max"": ""m/s""}"
URY_TA_G_E625000_N6475000,Tacuarembó,UY-TA,-31.853877000000008,-55.678767,7829.290189291076,grid,7500,-31.899998,-55.699997,120.0,5493.319670980688,Tacuarembó,mismo_departamento,True,True,77849.46710337262,limite_interdepartamental,America/Montevideo,GMT-3,-10800,"{""et0_fao_evapotranspiration"": ""mm"", ""precipitation_sum"": ""mm"", ""relative_humidity_2m_max"": ""%"", ""relative_humidity_2m_min"": ""%"", ""temperature_2m_max"": ""°C"", ""temperature_2m_min"": ""°C"", ""time"": ""iso8601"", ""wind_direction_10m_dominant"": ""°"", ""wind_speed_10m_max"": ""m/s""}"
URY_TA_G_E650000_N6425000,Tacuarembó,UY-TA,-32.301770000000005,-55.40679600000001,12162.55783875378,grid,7500,-32.3,-55.4,87.0,669.4068672357372,Tacuarembó,mismo_departamento,True,True,109537.63077354673,limite_interdepartamental,America/Montevideo,GMT-3,-10800,"{""et0_fao_evapotranspiration"": ""mm"", ""precipitation_sum"": ""mm"", ""relative_humidity_2m_max"": ""%"", ""relative_humidity_2m_min"": ""%"", ""temperature_2m_max"": ""°C"", ""temperature_2m_min"": ""°C"", ""time"": ""iso8601"", ""wind_direction_10m_dominant"": ""°"", ""wind_speed_10m_max"": ""m/s""}"
URY_TA_G_E650000_N6450000,Tacuarembó,UY-TA,-32.07631800000001,-55.41072,32146.487497705697,grid,7500,-32.1,-55.4,98.0,2813.9659572634473,Tacuarembó,mismo_departamento,True,True,88451.76717395693,limite_interdepartamental,America/Montevideo,GMT-3,-10800,"{""et0_fao_evapotranspiration"": ""mm"", ""precipitation_sum"": ""mm"", ""relative_humidity_2m_max"": ""%"", ""relative_humidity_2m_min"": ""%"", ""temperature_2m_max"": ""°C"", ""temperature_2m_min"": ""°C"", ""time"": ""iso8601"", ""wind_direction_10m_dominant"": ""°"", ""wind_speed_10m_max"": ""m/s""}"
URY_TA_G_E650000_N6475000,Tacuarembó,UY-TA,-31.85085900000001,-55.414599,7621.470314549935,grid,7500,-31.899998,-55.4,111.0,5620.460049626815,Tacuarembó,mismo_departamento,True,True,65794.25742882285,limite_interdepartamental,America/Montevideo,GMT-3,-10800,"{""et0_fao_evapotranspiration"": ""mm"", ""precipitation_sum"": ""mm"", ""relative_humidity_2m_max"": ""%"", ""relative_humidity_2m_min"": ""%"", ""temperature_2m_max"": ""°C"", ""temperature_2m_min"": ""°C"", ""time"": ""iso8601"", ""wind_direction_10m_dominant"": ""°"", ""wind_speed_10m_max"": ""m/s""}"
URY_TA_G_E675000_N6425000,Tacuarembó,UY-TA,-32.29813999999999,-55.141374,17450.188079337742,grid,7500,-32.3,-55.1,111.0,3902.2165586077886,Tacuarembó,mismo_departamento,True,True,96603.06989182654,limite_interdepartamental,America/Montevideo,GMT-3,-10800,"{""et0_fao_evapotranspiration"": ""mm"", ""precipitation_sum"": ""mm"", ""relative_humidity_2m_max"": ""%"", ""relative_humidity_2m_min"": ""%"", ""temperature_2m_max"": ""°C"", ""temperature_2m_min"": ""°C"", ""time"": ""iso8601"", ""wind_direction_10m_dominant"": ""°"", ""wind_speed_10m_max"": ""m/s""}"
URY_TA_G_E675000_N6450000,Tacuarembó,UY-TA,-32.072720000000004,-55.14595,27889.5404675931,grid,7500,-32.1,-55.1,112.0,5288.416366621749,Tacuarembó,mismo_departamento,True,True,75828.18000637605,limite_interdepartamental,America/Montevideo,GMT-3,-10800,"{""et0_fao_evapotranspiration"": ""mm"", ""precipitation_sum"": ""mm"", ""relative_humidity_2m_max"": ""%"", ""relative_humidity_2m_min"": ""%"", ""temperature_2m_max"": ""°C"", ""temperature_2m_min"": ""°C"", ""time"": ""iso8601"", ""wind_direction_10m_dominant"": ""°"", ""wind_speed_10m_max"": ""m/s""}"
URY_TA_G_E700000_N6450000,Tacuarembó,UY-TA,-32.068569,-54.88123100000001,11785.215065274771,grid,7500,-32.1,-54.9,141.0,3910.233923944188,Tacuarembó,mismo_departamento,True,True,61273.363179817665,limite_interdepartamental,America/Montevideo,GMT-3,-10800,"{""et0_fao_evapotranspiration"": ""mm"", ""precipitation_sum"": ""mm"", ""relative_humidity_2m_max"": ""%"", ""relative_humidity_2m_min"": ""%"", ""temperature_2m_max"": ""°C"", ""temperature_2m_min"": ""°C"", ""time"": ""iso8601"", ""wind_direction_10m_dominant"": ""°"", ""wind_speed_10m_max"": ""m/s""}"
URY_TT_G_E700000_N6325000,Treinta y Tres,UY-TT,-33.19539899999999,-54.854496,13971.22630054544,grid,7500,-33.2,-54.9,132.0,4273.914541970751,Treinta y Tres,mismo_departamento,True,True,111046.74494254425,limite_interdepartamental,America/Montevideo,GMT-3,-10800,"{""et0_fao_evapotranspiration"": ""mm"", ""precipitation_sum"": ""mm"", ""relative_humidity_2m_max"": ""%"", ""relative_humidity_2m_min"": ""%"", ""temperature_2m_max"": ""°C"", ""temperature_2m_min"": ""°C"", ""time"": ""iso8601"", ""wind_direction_10m_dominant"": ""°"", ""wind_speed_10m_max"": ""m/s""}"
URY_TT_G_E700000_N6350000,Treinta y Tres,UY-TT,-32.97005099999999,-54.859963,7749.211747629147,grid,7500,-33.0,-54.9,232.0,5004.054135173797,Treinta y Tres,mismo_departamento,True,True,114375.65717658741,limite_interdepartamental,America/Montevideo,GMT-3,-10800,"{""et0_fao_evapotranspiration"": ""mm"", ""precipitation_sum"": ""mm"", ""relative_humidity_2m_max"": ""%"", ""relative_humidity_2m_min"": ""%"", ""temperature_2m_max"": ""°C"", ""temperature_2m_min"": ""°C"", ""time"": ""iso8601"", ""wind_direction_10m_dominant"": ""°"", ""wind_speed_10m_max"": ""m/s""}"
URY_TT_G_E725000_N6325000,Treinta y Tres,UY-TT,-33.190489,-54.586503,25193.08183389936,grid,7500,-33.2,-54.6,83.0,1642.5113844416164,Treinta y Tres,mismo_departamento,True,True,86060.35451564135,limite_interdepartamental,America/Montevideo,GMT-3,-10800,"{""et0_fao_evapotranspiration"": ""mm"", ""precipitation_sum"": ""mm"", ""relative_humidity_2m_max"": ""%"", ""relative_humidity_2m_min"": ""%"", ""temperature_2m_max"": ""°C"", ""temperature_2m_min"": ""°C"", ""time"": ""iso8601"", ""wind_direction_10m_dominant"": ""°"", ""wind_speed_10m_max"": ""m/s""}"
URY_TT_G_E725000_N6350000,Treinta y Tres,UY-TT,-32.96518199999999,-54.592651,13447.534212209854,grid,7500,-33.0,-54.6,233.0,3922.954789475702,Treinta y Tres,mismo_departamento,True,True,90262.23846427117,limite_interdepartamental,America/Montevideo,GMT-3,-10800,"{""et0_fao_evapotranspiration"": ""mm"", ""precipitation_sum"": ""mm"", ""relative_humidity_2m_max"": ""%"", ""relative_humidity_2m_min"": ""%"", ""temperature_2m_max"": ""°C"", ""temperature_2m_min"": ""°C"", ""time"": ""iso8601"", ""wind_direction_10m_dominant"": ""°"", ""wind_speed_10m_max"": ""m/s""}"
URY_TT_G_E750000_N6325000,Treinta y Tres,UY-TT,-33.185003,-54.31857900000001,18427.1681124845,grid,7500,-33.2,-54.299995,61.0,2402.9116113919326,Treinta y Tres,mismo_departamento,True,True,61085.12995438534,limite_interdepartamental,America/Montevideo,GMT-3,-10800,"{""et0_fao_evapotranspiration"": ""mm"", ""precipitation_sum"": ""mm"", ""relative_humidity_2m_max"": ""%"", ""relative_humidity_2m_min"": ""%"", ""temperature_2m_max"": ""°C"", ""temperature_2m_min"": ""°C"", ""time"": ""iso8601"", ""wind_direction_10m_dominant"": ""°"", ""wind_speed_10m_max"": ""m/s""}"
URY_TT_G_E750000_N6350000,Treinta y Tres,UY-TT,-32.959743,-54.325408,22206.032506631906,grid,7500,-33.0,-54.299995,177.0,5059.190164776307,Treinta y Tres,mismo_departamento,True,True,66189.37728613746,limite_interdepartamental,America/Montevideo,GMT-3,-10800,"{""et0_fao_evapotranspiration"": ""mm"", ""precipitation_sum"": ""mm"", ""relative_humidity_2m_max"": ""%"", ""relative_humidity_2m_min"": ""%"", ""temperature_2m_max"": ""°C"", ""temperature_2m_min"": ""°C"", ""time"": ""iso8601"", ""wind_direction_10m_dominant"": ""°"", ""wind_speed_10m_max"": ""m/s""}"
URY_TT_G_E775000_N6325000,Treinta y Tres,UY-TT,-33.178941,-54.050731,19411.205912313388,grid,7500,-33.2,-54.1,21.0,5156.721326532898,Treinta y Tres,mismo_departamento,True,True,36144.13724668451,limite_interdepartamental,America/Montevideo,GMT-3,-10800,"{""et0_fao_evapotranspiration"": ""mm"", ""precipitation_sum"": ""mm"", ""relative_humidity_2m_max"": ""%"", ""relative_humidity_2m_min"": ""%"", ""temperature_2m_max"": ""°C"", ""temperature_2m_min"": ""°C"", ""time"": ""iso8601"", ""wind_direction_10m_dominant"": ""°"", ""wind_speed_10m_max"": ""m/s""}"
URY_TT_G_E775000_N6350000,Treinta y Tres,UY-TT,-32.953732,-54.05824,15589.27534419638,grid,7500,-33.0,-54.1,67.0,6450.717701883133,Treinta y Tres,mismo_departamento,True,True,42516.56886659751,limite_interdepartamental,America/Montevideo,GMT-3,-10800,"{""et0_fao_evapotranspiration"": ""mm"", ""precipitation_sum"": ""mm"", ""relative_humidity_2m_max"": ""%"", ""relative_humidity_2m_min"": ""%"", ""temperature_2m_max"": ""°C"", ""temperature_2m_min"": ""°C"", ""time"": ""iso8601"", ""wind_direction_10m_dominant"": ""°"", ""wind_speed_10m_max"": ""m/s""}"
URY_TT_G_E800000_N6350000,Treinta y Tres,UY-TT,-32.947152,-53.791155,18935.16415170217,grid,7500,-32.899998,-53.799995,17.0,5298.232048532028,Treinta y Tres,mismo_departamento,True,True,20126.24355562805,limite_interdepartamental,America/Montevideo,GMT-3,-10800,"{""et0_fao_evapotranspiration"": ""mm"", ""precipitation_sum"": ""mm"", ""relative_humidity_2m_max"": ""%"", ""relative_humidity_2m_min"": ""%"", ""temperature_2m_max"": ""°C"", ""temperature_2m_min"": ""°C"", ""time"": ""iso8601"", ""wind_direction_10m_dominant"": ""°"", ""wind_speed_10m_max"": ""m/s""}"
